"Donor				",Location Name,FID of the park,Zone,Location latitude,Location longitude,Unique ID of the Percolation well,Percolation well latitude,Percolation well longitude
Continental,Cubbon park,,East zone,,,C-14,12.97284,77.59363
Continental,Cubbon Park,,East zone,,,C-16,12.971212,77.59090399
Continental,Cubbon Park,,East zone,,,C-17,12.97138902,77.59096602
Continental,Cubbon Park,,East zone,,,C-18,12.97138701,77.591178
Continental,Cubbon Park,,East zone,,,C-19,12.97163696,77.59125402
Continental,Cubbon Park,,East zone,,,C-20,12.97185598,77.59124497
Continental,Cubbon Park,,East zone,,,C-21,12.97203996,77.59128696
Continental,Cubbon Park,,East zone,,,C-35,12.97167803,77.59162702
Continental,Cubbon Park,,East zone,,,C-36,12.97167904,77.59181402
Continental,Cubbon Park,,East zone,,,C-37,12.97178096,77.59180999
Continental,Cubbon Park,,East zone,,,C-38,12.97183402,77.59214703
Continental,Cubbon Park,,East zone,,,C-39,12.97091302,77.590732
Continental,Cubbon Park,,East zone,,,C-40,12.97112902,77.59064298
Continental,Cubbon Park,,East zone,,,c-15,12.97130596,77.59055103
Continental,Cubbon Park,,East zone,,,C-08,12.97155004,77.59103601
Continental,Cubbon Park,,East zone,,,C-07,12.97218103,77.59104498
Continental,Cubbon Park,,East zone,,,C-06,12.97087798,77.59067902
Continental,Cubbon Park,,East zone,,,C10,12.97235898,77.59062999
Continental,Cubbon Park,,East zone,,,C15,12.971888,77.59039999
Continental,Cubbon Park,,East zone,,,C-22,12.97117797,77.59092101
Continental,Cubbon Park,,East zone,,,C-23,12.97134502,77.59117498
Continental,Cubbon Park,,East zone,,,C-24,12.97174601,77.59120801
Continental,Cubbon Park,,East zone,,,C-25,12.97162799,77.59162802
Continental,Cubbon Park,,East zone,,,C-26,12.97176998,77.59184704
Continental,Cubbon Park,,East zone,,,C-27,12.97181197,77.59216698
Continental,Cubbon Park,,East zone,,,C-28,12.97236702,77.59032698
Continental,Cubbon Park,,East zone,,,C-29,12.97174601,77.59059101
Continental,Cubbon Park,,East zone,,,C-30,12.97163998,77.59122997
Continental,Cubbon Park,,East zone,,,C-31,12.97136002,77.59101204
Continental,Cubbon Park,,East zone,,,C-32,12.97168097,77.59180999
Continental,Cubbon park,,East zone,,,C-09,12.97237,77.59033
Continental,Cubbon park,,East zone,,,C-33,12.97175,77.59059
Continental,Cubbon park,,East zone,,,C-34,12.97164,77.59123
Continental,Cubbon park,,East zone,,,C-13,12.97136,77.59101
Continental,Cubbon park,,East zone,,,C-12,12.97168,77.59181
Continental,Cubbon park,,East zone,,,C-11,12.97293,77.59125
Deloitte India,Indira Gandhi Musical Fountain park,,East Zone,,,D-61,12.98454903,77.59131496
Deloitte India,Indira Gandhi Musical Fountain park,,East Zone,,,D-62,12.98425097,77.59141898
Deloitte India,Indira Gandhi Musical Fountain park,,East Zone,,,D-63,12.98408501,77.59147698
Deloitte India,Indira Gandhi Musical Fountain park,,East Zone,,,D-64,12.98381603,77.59182097
Deloitte India,Indira Gandhi Musical Fountain park,,East Zone,,,D-65,12.984112,77.591825
Deloitte India,Indira Gandhi Musical Fountain park,,East Zone,,,D-66,12.984602,77.59260401
Deloitte India,Indira Gandhi Musical Fountain park,,East Zone,,,D-67,12.984745,77.59270703
Deloitte India,Indira Gandhi Musical Fountain park,,East Zone,,,D-68,12.98575502,77.59254802
Deloitte India,Indira Gandhi Musical Fountain park,,East Zone,,,D-70,12.98454903,77.59240704
Deloitte India,Indira Gandhi Musical Fountain park,,East Zone,,,D-69,12.98476302,77.59119904
Deloitte India,Indira Gandhi Musical Fountain park,,East Zone,,,D-71,12.98490602,77.59243202
Deloitte India,Indira Gandhi Musical Fountain park,,East Zone,,,D-72,12.98487199,77.59263402
Fortrea,Bengaluru Rural SP Office,,East Zone,,,F-1,12.98947753,77.59259716
Fortrea,Bengaluru Rural SP Office,,East Zone,,,F-2,12.98952998,77.59259798
Fortrea,Bengaluru Rural SP Office,,East Zone,,,F-3,12.98951598,77.59255598
Fortrea,Bengaluru Rural SP Office,,East Zone,,,F-6,12.98966199,77.59250301
Fortrea,Bengaluru Rural SP Office,,East Zone,,,F-7,12.98960298,77.59245398
Fortrea,Bengaluru Rural SP Office,,East Zone,,,F-8,12.98983902,77.59252396
Fortrea,Bengaluru Rural SP Office,,East Zone,,,F-4,12.98928296,77.5923
Fortrea,Coles Park,,East Zone,,,F-31,12.99378203,77.60986797
Fortrea,Coles Park,,East Zone,,,F-32,12.99313998,77.60972598
Fortrea,Coles Park,,East Zone,,,F27,12.99404204,77.60953696
Fortrea,Coles Park,,East Zone,,,F-28,12.9934,77.60983
Fortrea,Coles Park,,East Zone,,,F-29,12.99492,77.60909
Fortrea,Coles Park,,East Zone,,,F-30,12.99407,77.60896
Fortrea,Coles Park,,East Zone,,,F-27,12.99382,77.60972
Fortrea,Coles Park,,East Zone,,,F-26,12.99401,77.60957
Fortrea,Coles Park,,East Zone,,,F-25,12.99521,77.60863
Fortrea,Coles Park,,East Zone,,,F-24,12.99524,77.60862
Fortrea,Coles Park,,East Zone,,,F-23,12.99314,77.60958
Fortrea,Coles Park,,East Zone,,,F-22,12.9935,77.60919
Happiest Minds,Coles Park,,East Zone,,,HM-3,12.99422401,77.60911997
Happiest Minds,Coles Park,,East Zone,,,HM-4,12.99389997,77.60906104
Happiest Minds,Coles Park,,East Zone,,,HM-8,12.99419501,77.60843801
Happiest Minds,Coles Park,,East Zone,,,HM-10,12.99415997,77.60842896
Happiest Minds,Coles Park,,East Zone,,,HM-11,12.99378002,77.60998498
Happiest Minds,Coles Park,,East Zone,,,HM-12,12.99374297,77.60892198
Happiest Minds,Coles Park,,East Zone,,,HM-13,12.99398898,77.60933898
Happiest Minds,Coles Park,,East Zone,,,HM-16,12.99341197,77.60935801
Happiest Minds,Coles Park,,East Zone,,,HM-18,12.99415897,77.60988398
Happiest Minds,Coles Park,,East Zone,,,HM-19,12.99413499,77.60998498
Happiest Minds,Coles Park,,East Zone,,,HM-20,12.99508198,77.60864102
Happiest Minds,Coles Park,,East Zone,,,HM-13,12.99444001,77.609299
Happiest Minds,Coles Park,,East Zone,,,HM-5,12.99346604,77.60941702
Happiest Minds,Coles Park,,East Zone,,,HM-7,12.99352001,77.60957602
Happiest Minds,Coles Park,,East Zone,,,HM-1,12.99349998,77.60920404
Happiest Minds,Coles Park,,East Zone,,,HM-14,12.99447,77.60915
Happiest Minds,Coles Park,,East Zone,,,HM-15,12.99453,77.60897
Happiest Minds,Coles Park,,East Zone,,,HM-17,12.99433,77.60947
Happiest Minds,Coles Park,,East Zone,,,HM-2,12.99358,77.60905
Happiest Minds,Coles Park,,East Zone,,,HM-23,12.99392,77.60912
Happiest Minds,Coles Park,,East Zone,,,HM-29,12.99397,77.6086
Happiest Minds,Coles Park,,East Zone,,,HM-29,12.99397,77.6086
Happiest Minds,Coles Park,,East Zone,,,HM-31,12.99488,77.60832
Happiest Minds,Coles Park,,East Zone,,,HM-32,12.99515,77.60847
Happiest Minds,Coles Park,,East Zone,,,HM-33,12.99538,77.60855
Happiest Minds,Coles Park,,East Zone,,,HM-34,12.99482,77.60939
Happiest Minds,Coles Park,,East Zone,,,HM-35,12.99448,77.60995
Happiest Minds,Coles Park,,East Zone,,,HM-6,12.99359,77.60949
Happiest Minds,Coles Park,,East Zone,,,HM-9,12.99393,77.60964
Telstra,Richards Park,,East Zone,,,T-8,13.00417501,77.61671204
Telstra,Richards Park,,East Zone,,,T-9,13.00399303,77.61670701
Telstra,Richards Park,,East Zone,,,T-10,13.00402682,77.61649566
Telstra,Richards Park,,East Zone,,,T-11,13.00405598,77.616503
Broadcom,Royal County Park-2,,Bommanahalli Zone,,,B-1,12.86934,77.57678
Broadcom,Royal County Park-2,,Bommanahalli Zone,,,B-10,12.86862,77.57716
Broadcom,Alwarna Bhavan,,Bommanahalli Zone,,,B-100,12.86277,77.59315
Broadcom,Alwarna Bhavan,,Bommanahalli Zone,,,B-101,12.86288,77.59369
Broadcom,Alwarna Bhavan,,Bommanahalli Zone,,,B-102,12.8628,77.59333
Broadcom,Alwarna Bhavan,,Bommanahalli Zone,,,B-103,12.86286,77.59318
Broadcom,Alwarna Bhavan,,Bommanahalli Zone,,,B-104,12.86249796,77.59376197
Broadcom,Alwarna Bhavan,,Bommanahalli Zone,,,B-105,12.86258404,77.593336
Broadcom,Alwarna Bhavan,,Bommanahalli Zone,,,B-106,12.86260399,77.593235
Broadcom,Alwarna Bhavan,,Bommanahalli Zone,,,B-107,12.8629,77.59311
Broadcom,Alwarna Bhavan,,Bommanahalli Zone,,,B-108,12.86289,77.59388
Broadcom,Alwarna Bhavan,,Bommanahalli Zone,,,B-109,12.86286,77.59373
Mphasis,All India Radio,,East Zone,,,M-01,12.98293,77.59295
Mphasis,All India Radio,,East Zone,,,M-02,12.98303,77.59281
Mphasis,All India Radio,,East Zone,,,M-03,12.98305,77.59258
Mphasis,All India Radio,,East Zone,,,M-04,12.98294,77.59259
Mphasis,All India Radio,,East Zone,,,M-05,12.98293,77.59251
Mphasis,All India Radio,,East Zone,,,M-06,12.98283,77.59251
Mphasis,All India Radio,,East Zone,,,M-07,12.98275,77.59262
Mphasis,All India Radio,,East Zone,,,M-08,12.98274,77.59273
Mphasis,All India Radio,,East Zone,,,M-09,12.98284,77.59279
Mphasis,All India Radio,,East Zone,,,M-10,12.98275,77.59279
Mphasis,All India Radio,,East Zone,,,M-11,12.98276,77.59291
Mphasis,All India Radio,,East Zone,,,M-12,12.98278,77.59297
Mphasis,All India Radio,,East Zone,,,M-13,12.98263,77.59327
Mphasis,All India Radio,,East Zone,,,M-14,12.98259,77.59339
Mphasis,All India Radio,,East Zone,,,M-15,12.98255,77.59346
Mphasis,All India Radio,,East Zone,,,M-16,12.98258,77.59354
Mphasis,All India Radio,,East Zone,,,M-17,12.98237,77.59365
Mphasis,All India Radio,,East Zone,,,M-18,12.98236,77.59359
Mphasis,All India Radio,,East Zone,,,M-19,12.98241,77.59346
Mphasis,All India Radio,,East Zone,,,M-20,12.98242,77.59343
Mphasis,All India Radio,,East Zone,,,M-21,12.98253,77.59324
Mphasis,All India Radio,,East Zone,,,M-22,12.98258,77.59321
Mphasis,All India Radio,,East Zone,,,M-23,12.98295,77.59304
Mphasis,All India Radio,,East Zone,,,M-24,12.98295,77.59265
Mphasis,Dhanvantari Park,,South Zone,,,M-25,12.90886,77.58784
Mphasis,Dhanvantari Park,,South Zone,,,M-26,12.90954,77.58812
Mphasis,Dhanvantari Park,,South Zone,,,M-27,12.90969,77.58839
Mphasis,Dhanvantari Park,,South Zone,,,M-28,12.90892,77.58839
Mphasis,Dhanvantari Park,,South Zone,,,M-29,12.90884,77.58824
Mphasis,"Badrinath Park (JP nagar 1st phase, 29th cross park)",,South Zone,,,M-30,12.90798,77.58372
Mphasis,"Badrinath Park (JP nagar 1st phase, 29th cross park)",,South Zone,,,M-31,12.90787,77.58363
Mphasis,"Badrinath Park (JP nagar 1st phase, 29th cross park)",,South Zone,,,M-32,12.90789,77.58391
Mphasis,"Badrinath Park (JP nagar 1st phase, 29th cross park)",,South Zone,,,M-33,12.908,77.58403
Happiest Minds,"College of Horticulture, UHS Campus",,Yelahanka Zone,,,HM-12,13.08963,77.56067
Happiest Minds,"College of Horticulture, UHS Campus",,Yelahanka Zone,,,HM-13,13.08957,77.56065
Happiest Minds,"College of Horticulture, UHS Campus",,Yelahanka Zone,,,HM-14,12.99447,77.60915
Happiest Minds,"College of Horticulture, UHS Campus",,Yelahanka Zone,,,HM-15,12.99453,77.60897
Happiest Minds,"College of Horticulture, UHS Campus",,Yelahanka Zone,,,HM-17,12.99433,77.60947
Happiest Minds,"College of Horticulture, UHS Campus",,Yelahanka Zone,,,HM-191,13.08942,77.5623
Happiest Minds,"College of Horticulture, UHS Campus",,Yelahanka Zone,,,HM-192,13.08944,77.56225
Happiest Minds,"College of Horticulture, UHS Campus",,Yelahanka Zone,,,HM-193,13.08945,77.56217
Happiest Minds,"College of Horticulture, UHS Campus",,Yelahanka Zone,,,HM-194,13.08947,77.5621
Happiest Minds,"College of Horticulture, UHS Campus",,Yelahanka Zone,,,HM-195,13.0895,77.56203
Happiest Minds,"College of Horticulture, UHS Campus",,Yelahanka Zone,,,HM-196,13.08953,77.56196
Happiest Minds,"College of Horticulture, UHS Campus",,Yelahanka Zone,,,HM-197,13.08954,77.5619
Happiest Minds,"College of Horticulture, UHS Campus",,Yelahanka Zone,,,HM-198,13.08955,77.56182
Happiest Minds,"College of Horticulture, UHS Campus",,Yelahanka Zone,,,HM-199,13.08958,77.56175
Happiest Minds,"College of Horticulture, UHS Campus",,Yelahanka Zone,,,HM-2,12.99358,77.60905
Happiest Minds,"College of Horticulture, UHS Campus",,Yelahanka Zone,,,HM-200,13.08958,77.56168
Happiest Minds,"College of Horticulture, UHS Campus",,Yelahanka Zone,,,HM-201,13.08961,77.56161
Happiest Minds,"College of Horticulture, UHS Campus",,Yelahanka Zone,,,HM-202,13.08962,77.56155
Happiest Minds,"College of Horticulture, UHS Campus",,Yelahanka Zone,,,HM-206,13.08969,77.56125
Happiest Minds,"College of Horticulture, UHS Campus",,Yelahanka Zone,,,HM-207,13.08971,77.56118
Happiest Minds,"College of Horticulture, UHS Campus",,Yelahanka Zone,,,HM-208,13.08973,77.56107
Happiest Minds,"College of Horticulture, UHS Campus",,Yelahanka Zone,,,HM-214,13.08952,77.56063
Happiest Minds,"College of Horticulture, UHS Campus",,Yelahanka Zone,,,HM-215,13.08945,77.56061
Happiest Minds,"College of Horticulture, UHS Campus",,Yelahanka Zone,,,HM-216,13.08939,77.56061
Happiest Minds,"College of Horticulture, UHS Campus",,Yelahanka Zone,,,HM-218,13.08914,77.56051
Happiest Minds,"College of Horticulture, UHS Campus",,Yelahanka Zone,,,HM-219,13.08907,77.56049
Happiest Minds,"College of Horticulture, UHS Campus",,Yelahanka Zone,,,HM-220,13.089,77.56046
Happiest Minds,"College of Horticulture, UHS Campus",,Yelahanka Zone,,,HM-221,13.08892,77.56045
Happiest Minds,"College of Horticulture, UHS Campus",,Yelahanka Zone,,,HM-222,13.08886,77.56043
Happiest Minds,"College of Horticulture, UHS Campus",,Yelahanka Zone,,,HM-223,13.08876,77.56041
Happiest Minds,"College of Horticulture, UHS Campus",,Yelahanka Zone,,,HM-224,13.08875,77.56047
Happiest Minds,"College of Horticulture, UHS Campus",,Yelahanka Zone,,,HM-225,13.08871,77.56053
Happiest Minds,"College of Horticulture, UHS Campus",,Yelahanka Zone,,,HM-226,13.08867,77.56065
Happiest Minds,"College of Horticulture, UHS Campus",,Yelahanka Zone,,,HM-227,13.08865,77.56073
Happiest Minds,"College of Horticulture, UHS Campus",,Yelahanka Zone,,,HM-228,13.08864,77.56083
Happiest Minds,"College of Horticulture, UHS Campus",,Yelahanka Zone,,,HM-229,13.08863,77.56091
Happiest Minds,"College of Horticulture, UHS Campus",,Yelahanka Zone,,,HM-23,12.99392,77.60912
Happiest Minds,"College of Horticulture, UHS Campus",,Yelahanka Zone,,,HM-230,13.08859,77.56098
Happiest Minds,"College of Horticulture, UHS Campus",,Yelahanka Zone,,,HM-231,13.08859,77.56106
Happiest Minds,"College of Horticulture, UHS Campus",,Yelahanka Zone,,,HM-232,13.08856,77.56114
Happiest Minds,"College of Horticulture, UHS Campus",,Yelahanka Zone,,,HM-233,13.08854,77.56121
Happiest Minds,"College of Horticulture, UHS Campus",,Yelahanka Zone,,,HM-234,13.08851,77.56131
Happiest Minds,"College of Horticulture, UHS Campus",,Yelahanka Zone,,,HM-242,13.0885,77.56142
Happiest Minds,"College of Horticulture, UHS Campus",,Yelahanka Zone,,,HM-235,13.08849,77.56146
Happiest Minds,"College of Horticulture, UHS Campus",,Yelahanka Zone,,,HM-236,13.08847,77.56153
Happiest Minds,"College of Horticulture, UHS Campus",,Yelahanka Zone,,,HM-237,13.08845,77.5616
Happiest Minds,"College of Horticulture, UHS Campus",,Yelahanka Zone,,,HM-238,13.08843,77.56166
Happiest Minds,"College of Horticulture, UHS Campus",,Yelahanka Zone,,,HM-239,13.08842,77.56175
Happiest Minds,"College of Horticulture, UHS Campus",,Yelahanka Zone,,,HM-240,13.08936,77.56046
Happiest Minds,"College of Horticulture, UHS Campus",,Yelahanka Zone,,,HM-241,13.0894,77.56047
Happiest Minds,"College of Horticulture, UHS Campus",,Yelahanka Zone,,,HM-29,12.99397,77.6086
Happiest Minds,"College of Horticulture, UHS Campus",,Yelahanka Zone,,,HM-31,12.99488,77.60832
Happiest Minds,"College of Horticulture, UHS Campus",,Yelahanka Zone,,,HM-32,12.99515,77.60847
Happiest Minds,"College of Horticulture, UHS Campus",,Yelahanka Zone,,,HM-33,12.99538,77.60855
Happiest Minds,"College of Horticulture, UHS Campus",,Yelahanka Zone,,,HM-34,12.99482,77.60939
Happiest Minds,"College of Horticulture, UHS Campus",,Yelahanka Zone,,,HM-35,12.99448,77.60995
Happiest Minds,"College of Horticulture, UHS Campus",,Yelahanka Zone,,,HM-6,12.99359,77.60949
Happiest Minds,"College of Horticulture, UHS Campus",,Yelahanka Zone,,,HM-9,12.99393,77.60964
Happiest Minds,"College of Horticulture, UHS Campus",,Yelahanka Zone,,,HM-243,12.98251,77.64424
Broadcom,Royal County Park-2,,Bommanahalli Zone,,,B-11,12.8687,77.57718
Broadcom,Alwarna Bhavan,,Bommanahalli Zone,,,B-110,12.86257,77.5937
Broadcom,Royal County Park-2,,Bommanahalli Zone,,,B-12,12.8687,77.57734
Broadcom,Namma Clinic Park Anjanapura,,Bommanahalli Zone,,,B-120,12.87332,77.56317
Broadcom,Namma Clinic Park Anjanapura,,Bommanahalli Zone,,,B-121,12.87336,77.56323
Broadcom,Namma Clinic Park Anjanapura,,Bommanahalli Zone,,,B-122,12.87319,77.56333
Broadcom,Namma Clinic Park Anjanapura,,Bommanahalli Zone,,,B-123,12.87327,77.56342
Broadcom,Namma Clinic Park Anjanapura,,Bommanahalli Zone,,,B-124,12.87326,77.56351
Broadcom,Namma Clinic Park Anjanapura,,Bommanahalli Zone,,,B-125,12.87324,77.5636
Broadcom,Namma Clinic Park Anjanapura,,Bommanahalli Zone,,,B-126,12.87318,77.5637
Broadcom,Namma Clinic Park Anjanapura,,Bommanahalli Zone,,,B-127,12.87312,77.56385
Broadcom,Namma Clinic Park Anjanapura,,Bommanahalli Zone,,,B-128,12.87312,77.56398
Broadcom,Namma Clinic Park Anjanapura,,Bommanahalli Zone,,,B-129,12.87305,77.56412
Broadcom,Royal County Park-2,,Bommanahalli Zone,,,B-13,12.86871,77.57741
Broadcom,Namma Clinic Park Anjanapura,,Bommanahalli Zone,,,B-130,12.87305,77.56422
Broadcom,Namma Clinic Park Anjanapura,,Bommanahalli Zone,,,B-131,12.8687,77.57734
Broadcom,Narayana Nagar Park-2,,Bommanahalli Zone,,,B-132,12.87169,77.55539
Broadcom,Namma Clinic Park Anjanapura,,Bommanahalli Zone,,,B-133,12.873,77.56395
Broadcom,Narayana Nagar Park-2,,Bommanahalli Zone,,,B-134,12.87153,77.55545
Broadcom,Narayana Nagar Park-2,,Bommanahalli Zone,,,B-135,12.87172,77.55548
Broadcom,Horticuture university,,Yelahanka zone,,,B-183,13.09199,77.56509
Broadcom,Horticuture university,,Yelahanka zone,,,B-184,13.09207,77.5651
Broadcom,Narayana Nagar Park-2,,Bommanahalli Zone,,,B-136,12.87205,77.55555
Broadcom,Horticuture university,,Yelahanka zone,,,B-190,13.09567,77.56624
Broadcom,Horticuture university,,Yelahanka zone,,,B-191,13.09562,77.56611
Broadcom,Horticuture university,,Yelahanka zone,,,B-192,13.09576,77.5663
Broadcom,Horticuture university,,Yelahanka zone,,,B-193,13.09582,77.56633
Broadcom,Horticuture university,,Yelahanka zone,,,B-196,13.09615,77.5664
Broadcom,Horticuture university,,Yelahanka zone,,,B-198,13.09617,77.56618
Broadcom,Horticuture university,,Yelahanka zone,,,B-199,13.09621,77.56623
Broadcom,Horticuture university,,Yelahanka zone,,,B-201,13.09608,77.56636
Broadcom,Horticuture university,,Yelahanka zone,,,B-203,13.09592,77.5666
Broadcom,Horticuture university,,Yelahanka zone,,,B-204,13.09593,77.56709
Broadcom,Horticuture university,,Yelahanka zone,,,B-205,13.09594,77.56749
Broadcom,Horticuture university,,Yelahanka zone,,,B-206,13.09595,77.56761
Broadcom,Horticuture university,,Yelahanka zone,,,B-207,13.09597,77.56783
Broadcom,Narayana Nagar Park-2,,Bommanahalli Zone,,,B-137,12.87206,77.55568
Broadcom,Royal County Park-2,,Bommanahalli Zone,,,B-14,12.86867,77.57747
Broadcom,Horticuture university,,Yelahanka zone,,,B-226,13.09201,77.56403
Broadcom,Horticuture university,,Yelahanka zone,,,B-227,13.09206,77.56402
Broadcom,Horticuture university,,Yelahanka zone,,,B-228,13.09214,77.56402
Caterpiller,Horticuture university,,Yelahanka zone,,,CAT-53,13.09014,77.56078
Caterpiller,Horticuture university,,Yelahanka zone,,,CAT-54,13.09007,77.56076
Caterpiller,Horticuture university,,Yelahanka zone,,,CAT-55,13.08999,77.56075
Caterpiller,Horticuture university,,Yelahanka zone,,,CAT-57,13.08928,77.56068
Caterpiller,Horticuture university,,Yelahanka zone,,,CAT-58,13.08927,77.56077
Caterpiller,Horticuture university,,Yelahanka zone,,,CAT-59,13.08925,77.56086
Caterpiller,Horticuture university,,Yelahanka zone,,,CAT-60,13.08923,77.561
Caterpiller,Horticuture university,,Yelahanka zone,,,CAT-61,13.08922,77.56106
Caterpiller,Horticuture university,,Yelahanka zone,,,CAT-62,13.0892,77.56111
Caterpiller,Horticuture university,,Yelahanka zone,,,CAT-63,13.08918,77.56121
Caterpiller,Horticuture university,,Yelahanka zone,,,CAT-65,13.08911,77.56145
Caterpiller,Horticuture university,,Yelahanka zone,,,CAT-66,13.08908,77.56158
Caterpiller,Horticuture university,,Yelahanka zone,,,CAT-67,13.08904,77.56175
Caterpiller,Horticuture university,,Yelahanka zone,,,CAT-68,13.08898,77.56191
Caterpiller,Horticuture university,,Yelahanka zone,,,CAT-70,13.08894,77.56211
Caterpiller,Horticuture university,,Yelahanka zone,,,CAT-87,13.08932,77.5606
Caterpiller,Horticuture university,,Yelahanka zone,,,CAT-88,13.09183,77.56089
Caterpiller,Horticuture university,,Yelahanka zone,,,CAT-89,13.09182,77.56079
Caterpiller,Horticuture university,,Yelahanka zone,,,CAT-90,13.09188,77.56046
Caterpiller,Horticuture university,,Yelahanka zone,,,CAT-56,13.09131,77.56171
Caterpiller,Horticuture university,,Yelahanka zone,,,CAT-64,13.0912,77.56171
Caterpiller,Horticuture university,,Yelahanka zone,,,CAT-69,13.09231,77.56405
Morgan Stanley,RTO Office Park,,Yelahanka zone,,,MS-192,13.09945,77.58318
Morgan Stanley,RTO Office Park,,Yelahanka zone,,,MS-193,13.09924,77.58305
Morgan Stanley,RTO Office Park,,Yelahanka zone,,,MS-194,13.09895,77.58269
Morgan Stanley,RTO Office Park,,Yelahanka zone,,,MS-196,13.09931,77.58297
Morgan Stanley,RTO Office Park,,Yelahanka zone,,,MS-195,13.09899,77.58274
NTT Data,BDA Park,,East Zone,,,ND-28,12.98006,77.63579
NTT Data,BDA Park,,East Zone,,,ND-29,12.97994,77.63574
NTT Data,BDA Park,,East Zone,,,ND-30,12.9801,77.63587
NTT Data,BDA Park,,East Zone,,,ND-31,12.98002,77.63599
NTT Data,BDA Park,,East Zone,,,ND-32,12.98014,77.63612
NTT Data,BDA Park,,East Zone,,,ND-33,12.98001,77.63623
Fortrea CDPL,Wood Park,,East Zone,,,F-1,12.97972,77.63603
Fortrea CDPL,Wood Park,,East Zone,,,F-12,12.97947,77.63572
Fortrea CDPL,Wood Park,,East Zone,,,F-13,12.97935,77.63563
Fortrea CDPL,Wood Park,,East Zone,,,F-15,12.97928,77.63581
Fortrea CDPL,Wood Park,,East Zone,,,F-16,12.97915,77.63582
Fortrea CDPL,Wood Park,,East Zone,,,F-17,12.97905,77.63577
Fortrea CDPL,Wood Park,,East Zone,,,F-18,12.97911,77.63559
Fortrea CDPL,Wood Park,,East Zone,,,F-19,12.97892,77.63558
Fortrea CDPL,Wood Park,,East Zone,,,F-21,12.97889,77.63569
Fortrea CDPL,Wood Park,,East Zone,,,F-22,12.97878,77.63572
Fortrea CDPL,Wood Park,,East Zone,,,F-23,12.97884,77.63588
Fortrea CDPL,Wood Park,,East Zone,,,F-24,12.9788,77.63597
Fortrea CDPL,Wood Park,,East Zone,,,F-25,12.9789,77.63602
Fortrea CDPL,Wood Park,,East Zone,,,F-26,12.97901,77.63604
Fortrea CDPL,Wood Park,,East Zone,,,F-2,12.99406,77.60948
Fortrea CDPL,Wood Park,,East Zone,,,F-27,12.97903,77.63592
Fortrea CDPL,Wood Park,,East Zone,,,F-28,12.97937,77.63596
Fortrea CDPL,Wood Park,,East Zone,,,F-29,12.99367,77.60901
Fortrea CDPL,Wood Park,,East Zone,,,F-4,12.97923,77.63591
Fortrea CDPL,Wood Park,,East Zone,,,F-5,12.97919,77.63602
Fortrea CDPL,Wood Park,,East Zone,,,F-6,12.9791,77.63604
Fortrea CDPL,Wood Park,,East Zone,,,F-8,12.97927,77.63564
Fortrea CDPL,Wood Park,,East Zone,,,F-3,12.97991,77.63597
Fortrea CDPL,Wood Park,,East Zone,,,F-7,12.97942,77.63611
Fortrea CDPL,BDA Park,,East Zone,,,F14,12.97919,77.63565
Fortrea CDPL,BDA Park,,East Zone,,,F20,12.97884,77.63558
Happiest Minds,CV Raman Hospital Indranagar,,East Zone,,,H-11,12.9827,77.64408
Happiest Minds,CV Raman Hospital Indranagar,,East Zone,,,H-12,12.98268,77.64401
Happiest Minds,CV Raman Hospital Indranagar,,East Zone,,,H-16,12.98245,77.64425
Happiest Minds,CV Raman Hospital Indranagar,,East Zone,,,H-13,12.98291,77.64407
Happiest Minds,CV Raman Hospital Indranagar,,East Zone,,,H-14,12.9829,77.64402
Happiest Minds,CV Raman Hospital Indranagar,,East Zone,,,H-15,12.98299,77.644
Happiest Minds,CV Raman Hospital Indranagar,,East Zone,,,H-17,12.98237,77.64435
Happiest Minds,CV Raman Hospital Indranagar,,East Zone,,,H-18,12.98235,77.64439
Happiest Minds,CV Raman Hospital Indranagar,,East Zone,,,H-2,12.98343,77.64507
Happiest Minds,CV Raman Hospital Indranagar,,East Zone,,,H-20,12.98348,77.64411
Happiest Minds,CV Raman Hospital Indranagar,,East Zone,,,H-26,12.98399,77.64532
Happiest Minds,CV Raman Hospital Indranagar,,East Zone,,,H-27,12.98392,77.64514
Happiest Minds,CV Raman Hospital Indranagar,,East Zone,,,H-28,12.98365,77.64514
Happiest Minds,CV Raman Hospital Indranagar,,East Zone,,,H-3,12.98318,77.64428
Happiest Minds,CV Raman Hospital Indranagar,,East Zone,,,H-4,12.98313,77.64433
Happiest Minds,CV Raman Hospital Indranagar,,East Zone,,,H-5,12.98304,77.64432
Happiest Minds,CV Raman Hospital Indranagar,,East Zone,,,H-6,12.98299,77.64434
Happiest Minds,CV Raman Hospital Indranagar,,East Zone,,,H-7,12.98293,77.64431
Happiest Minds,CV Raman Hospital Indranagar,,East Zone,,,H-8,12.98288,77.64433
Happiest Minds,CV Raman Hospital Indranagar,,East Zone,,,H-9,12.98288,77.6444
NTT Data,ABCD Park,,East Zone,,,ND-04,12.97884,77.63343
NTT Data,ABCD Park,,East Zone,,,ND-01,12.97903,77.63342
NTT Data,ABCD Park,,East Zone,,,ND-02,12.97897,77.63351
NTT Data,ABCD Park,,East Zone,,,ND-03,12.97894,77.63349
NTT Data,ABCD Park,,East Zone,,,ND-06,12.9787,77.63335
NTT Data,ABCD Park,,East Zone,,,ND-07,12.97905,77.63347
NTT Data,ABCD Park,,East Zone,,,ND-08,12.97926,77.63348
NTT Data,ABCD Park,,East Zone,,,ND-09,12.97933,77.63357
NTT Data,ABCD Park,,East Zone,,,ND-10,12.97921,77.63356
NTT Data,ABCD Park,,East Zone,,,ND-11,12.97911,77.63354
NTT Data,ABCD Park,,East Zone,,,ND-13,12.97921,77.6336
NTT Data,ABCD Park,,East Zone,,,ND-14,12.97918,77.63364
NTT Data,ABCD Park,,East Zone,,,ND-15,12.97937,77.63358
NTT Data,Joggers Park,,East Zone,,,ND-16,12.98031,77.63372
NTT Data,Joggers Park,,East Zone,,,ND-17,12.9803,77.63385
NTT Data,Joggers Park,,East Zone,,,ND-18,12.98036,77.63395
NTT Data,Joggers Park,,East Zone,,,ND-19,12.98047,77.63375
NTT Data,Joggers Park,,East Zone,,,ND-20,12.98054,77.63386
NTT Data,Joggers Park,,East Zone,,,ND-21,12.98004,77.63369
NTT Data,Joggers Park,,East Zone,,,ND-22,12.97962,77.63376
NTT Data,Joggers Park,,East Zone,,,ND-23,12.97966,77.63358
NTT Data,Joggers Park,,East Zone,,,ND-25,12.97973,77.63355
NTT Data,Joggers Park,,East Zone,,,ND-26,12.97983,77.63388
NTT Data,Joggers Park,,East Zone,,,ND-27,12.97979,77.63378
NTT Data,Joggers Park,,East Zone,,,ND-28,12.98006,77.63579
NTT Data,Joggers Park,,East Zone,,,ND-29,12.97994,77.63574
NTT Data,Joggers Park,,East Zone,,,ND-30,12.9801,77.63587
NTT Data,Joggers Park,,East Zone,,,ND-31,12.98002,77.63599
NTT Data,Joggers Park,,East Zone,,,ND-32,12.98014,77.63612
NTT Data,Joggers Park,,East Zone,,,ND-33,12.98001,77.63623
NTT Data,Joggers Park,,East Zone,,,ND-5,12.97873,77.6335
NTT Data,Joggers Park,,East Zone,,,ND-60,12.97991,77.63368
NTT Data,Joggers Park,,East Zone,,,ND-61,12.97979,77.63371
NTT Data,Joggers Park,,East Zone,,,ND-62,12.98014,77.63377
NTT Data,Joggers Park,,East Zone,,,ND-63,12.98005,77.63376
NTT Data,Joggers Park,,East Zone,,,ND-64,12.98006,77.63358
NTT Data,Joggers Park,,East Zone,,,ND-65,12.98018,77.63368
NTT Data,Joggers Park,,East Zone,,,ND-66,12.9662,77.63748
NTT Data,Joggers Park,,East Zone,,,ND-68,12.96647,77.63724
NTT Data,Joggers Park,,East Zone,,,ND-69,12.96659,77.63718
NTT Data,Joggers Park,,East Zone,,,ND24,12.97966,77.63349
Texas Instruments,Doopanahalli BDA Park,,East Zone,,,TI-10,12.96884,77.63624
Texas Instruments,Doopanahalli BDA Park,,East Zone,,,TI-11,12.96872,77.63629
Texas Instruments,Doopanahalli BDA Park,,East Zone,,,TI-12,12.96846,77.63643
Texas Instruments,Doopanahalli BDA Park,,East Zone,,,TI-13,12.96863,77.63643
Texas Instruments,Doopanahalli BDA Park,,East Zone,,,TI-14,12.96854,77.63641
Texas Instruments,Doopanahalli BDA Park,,East Zone,,,TI-15,12.96853,77.6367
Texas Instruments,Doopanahalli BDA Park,,East Zone,,,TI-16,12.96863,77.63676
NTT Data,Paramahamsa Yogananda Park,,East Zone,,,ND-66,12.9662,77.63748
NTT Data,Paramahamsa Yogananda Park,,East Zone,,,ND-68,12.96647,77.63724
NTT Data,Paramahamsa Yogananda Park,,East Zone,,,ND-69,12.96659,77.63718
NTT Data,Paramahamsa Yogananda Park,,East Zone,,,DN-67,12.96629,77.63736
Mphasis,16th Main Park J.P Nagar,,South zone,,,M-01,12.90629,77.60042
Mphasis,16th Main Park J.P Nagar,,South zone,,,M-02,12.906604,77.60033
Mphasis,16th Main Park J.P Nagar,,South zone,,,M-03,12.906275,77.60049
Mphasis,"3 and 4th Battlion,KSRP",,Bommanahalli Zone,,,M-04,12.92365,77.6314
Mphasis,"3 and 4th Battlion,KSRP",,Bommanahalli Zone,,,M-05,12.92378,77.63139
Mphasis,"3 and 4th Battlion,KSRP",,Bommanahalli Zone,,,M-06,12.92419,77.63133
Mphasis,"3 and 4th Battlion,KSRP",,Bommanahalli Zone,,,M-07,12.92407,77.63046
Mphasis,"3 and 4th Battlion,KSRP",,Bommanahalli Zone,,,M-08,12.92399,77.63022
Mphasis,"3 and 4th Battlion,KSRP",,Bommanahalli Zone,,,M-09,12.92393,77.63007
Mphasis,"3 and 4th Battlion,KSRP",,Bommanahalli Zone,,,M-10,12.92377,77.63007
Mphasis,"3 and 4th Battlion,KSRP",,Bommanahalli Zone,,,M-11,12.92316,77.63006
Mphasis,"3 and 4th Battlion,KSRP",,Bommanahalli Zone,,,M-12,12.92506401,77.63655704
Mphasis,"3 and 4th Battlion,KSRP",,Bommanahalli Zone,,,M-13,12.92488304,77.63659299
Mphasis,"3 and 4th Battlion,KSRP",,Bommanahalli Zone,,,M-14,12.92476804,77.63636601
Mphasis,"3 and 4th Battlion,KSRP",,Bommanahalli Zone,,,M-15,12.924674,77.63632997
Mphasis,"3 and 4th Battlion,KSRP",,Bommanahalli Zone,,,M-16,12.92446101,77.63602504
Mphasis,"3 and 4th Battlion,KSRP",,Bommanahalli Zone,,,M-17,12.92442597,77.63589696
Mphasis,"3 and 4th Battlion,KSRP",,Bommanahalli Zone,,,M-18,13.07568496,77.63481896
Mphasis,"3 and 4th Battlion,KSRP",,Bommanahalli Zone,,,M-19,12.924388,77.63567903
Mphasis,"3 and 4th Battlion,KSRP",,Bommanahalli Zone,,,M-20,12.92433403,77.63566202
Mphasis,"3 and 4th Battlion,KSRP",,Bommanahalli Zone,,,M-21,12.92436658,77.63558599
Mphasis,"3 and 4th Battlion,KSRP",,Bommanahalli Zone,,,M-22,12.92433897,77.63538399
Mphasis,"3 and 4th Battlion,KSRP",,Bommanahalli Zone,,,M-23,12.92441499,77.635357
Mphasis,"3 and 4th Battlion,KSRP",,Bommanahalli Zone,,,M-24,12.92391996,77.63538902
Mphasis,"3 and 4th Battlion,KSRP",,Bommanahalli Zone,,,M-25,12.92353598,77.63505802
Mphasis,"3 and 4th Battlion,KSRP",,Bommanahalli Zone,,,M-26,12.92364202,77.63507696
Mphasis,"3 and 4th Battlion,KSRP",,Bommanahalli Zone,,,M-27,12.92361201,77.63490102
Mphasis,"3 and 4th Battlion,KSRP",,Bommanahalli Zone,,,M-28,12.92436898,77.63419502
Mphasis,"3 and 4th Battlion,KSRP",,Bommanahalli Zone,,,M-29,12.92416212,77.63416792
Mphasis,"3 and 4th Battlion,KSRP",,Bommanahalli Zone,,,M-30,12.92455497,77.63382998
Mphasis,"3 and 4th Battlion,KSRP",,Bommanahalli Zone,,,M-31,12.92444299,77.63377701
Mphasis,"3 and 4th Battlion,KSRP",,Bommanahalli Zone,,,M-32,13.07583399,77.63585597
Mphasis,"3 and 4th Battlion,KSRP",,Bommanahalli Zone,,,M-33,13.07591002,77.63588598
Mphasis,"3 and 4th Battlion,KSRP",,Bommanahalli Zone,,,M-34,12.92443201,77.63391699
Mphasis,"3 and 4th Battlion,KSRP",,Bommanahalli Zone,,,M-35,12.92436001,77.63389603
Mphasis,"3 and 4th Battlion,KSRP",,Bommanahalli Zone,,,M-36,12.924201,77.63386896
Mphasis,"3 and 4th Battlion,KSRP",,Bommanahalli Zone,,,M-37,12.92433201,77.63372697
Mphasis,"3 and 4th Battlion,KSRP",,Bommanahalli Zone,,,M-38,12.92427703,77.63363703
Mphasis,"3 and 4th Battlion,KSRP",,Bommanahalli Zone,,,M-39,12.92434199,77.63359102
Mphasis,"3 and 4th Battlion,KSRP",,Bommanahalli Zone,,,M-40,12.92285596,77.63151599
Mphasis,"3 and 4th Battlion,KSRP",,Bommanahalli Zone,,,M-41,12.922819,77.63141499
Mphasis,"3 and 4th Battlion,KSRP",,Bommanahalli Zone,,,M-42,12.92288597,77.631316
Mphasis,"3 and 4th Battlion,KSRP",,Bommanahalli Zone,,,M-43,12.92284297,77.63123
Mphasis,"3 and 4th Battlion,KSRP",,Bommanahalli Zone,,,M-44,12.92265496,77.63146796
Mphasis,"3 and 4th Battlion,KSRP",,Bommanahalli Zone,,,M-45,12.92258296,77.63156503
Mphasis,"3 and 4th Battlion,KSRP",,Bommanahalli Zone,,,M-46,12.92238699,77.631603
Mphasis,"3 and 4th Battlion,KSRP",,Bommanahalli Zone,,,M-47,12.92226302,77.63145598
Mphasis,"3 and 4th Battlion,KSRP",,Bommanahalli Zone,,,M-48,12.92236,77.63131298
Mphasis,"3 and 4th Battlion,KSRP",,Bommanahalli Zone,,,M-49,12.919814,77.63243197
Mphasis,"3 and 4th Battlion,KSRP",,Bommanahalli Zone,,,M-50,12.91985197,77.63235301
Mphasis,"3 and 4th Battlion,KSRP",,Bommanahalli Zone,,,M-51,12.91960797,77.62584203
Mphasis,"3 and 4th Battlion,KSRP",,Bommanahalli Zone,,,M-52,12.91954301,77.62582501
Mphasis,"3 and 4th Battlion,KSRP",,Bommanahalli Zone,,,M-53,12.91953497,77.62575
Mphasis,"3 and 4th Battlion,KSRP",,Bommanahalli Zone,,,M-54,12.91954896,77.62569903
Mphasis,"3 and 4th Battlion,KSRP",,Bommanahalli Zone,,,M-55,12.91955902,77.62567699
Mphasis,"3 and 4th Battlion,KSRP",,Bommanahalli Zone,,,M-56,12.91980222,77.62333236
Mphasis,"3 and 4th Battlion,KSRP",,Bommanahalli Zone,,,M-57,12.92259797,77.62583599
Mphasis,"3 and 4th Battlion,KSRP",,Bommanahalli Zone,,,M-58,12.92267902,77.62584102
Mphasis,"3 and 4th Battlion,KSRP",,Bommanahalli Zone,,,M-59,12.922791,77.62633598
Mphasis,"3 and 4th Battlion,KSRP",,Bommanahalli Zone,,,M-60,12.92248003,77.625678
Mphasis,"3 and 4th Battlion,KSRP",,Bommanahalli Zone,,,M-61,12.92155601,77.62394998
Mphasis,"3 and 4th Battlion,KSRP",,Bommanahalli Zone,,,M-62,12.92163396,77.62419096
Mphasis,"3 and 4th Battlion,KSRP",,Bommanahalli Zone,,,M-63,12.92144202,77.62444904
Mphasis,"3 and 4th Battlion,KSRP",,Bommanahalli Zone,,,M-64,12.92139097,77.624643
Mphasis,"3 and 4th Battlion,KSRP",,Bommanahalli Zone,,,M-65,12.92141897,77.62515304
Mphasis,"3 and 4th Battlion,KSRP",,Bommanahalli Zone,,,M-66,12.92146297,77.62521003
Mphasis,"3 and 4th Battlion,KSRP",,Bommanahalli Zone,,,M-67,12.92132299,77.625175
Mphasis,"3 and 4th Battlion,KSRP",,Bommanahalli Zone,,,M-68,12.92160002,77.62535697
Mphasis,"3 and 4th Battlion,KSRP",,Bommanahalli Zone,,,M-69,12.92179599,77.62541103
Mphasis,"3 and 4th Battlion,KSRP",,Bommanahalli Zone,,,M-70,12.92097003,77.62551103
Mphasis,"3 and 4th Battlion,KSRP",,Bommanahalli Zone,,,M-71,12.920892,77.62564397
Mphasis,"3 and 4th Battlion,KSRP",,Bommanahalli Zone,,,M-72,12.92071497,77.625621
Mphasis,"3 and 4th Battlion,KSRP",,Bommanahalli Zone,,,M-73,12.92080801,77.62564598
Mphasis,"3 and 4th Battlion,KSRP",,Bommanahalli Zone,,,M-74,12.92123,77.63103202
Mphasis,"3 and 4th Battlion,KSRP",,Bommanahalli Zone,,,M-75,12.92123,77.63112003
Mphasis,"3 and 4th Battlion,KSRP",,Bommanahalli Zone,,,M-76,12.92125,77.63117803
Mphasis,"3 and 4th Battlion,KSRP",,Bommanahalli Zone,,,M-77,12.92291,77.631172
Mphasis,"3 and 4th Battlion,KSRP",,Bommanahalli Zone,,,M-78,12.92104,77.63296698
Mphasis,"3 and 4th Battlion,KSRP",,Bommanahalli Zone,,,M-79,12.91993,77.62331304
Mphasis,"3 and 4th Battlion,KSRP",,Bommanahalli Zone,,,M-80,12.91986,77.62331698
Mphasis,"3 and 4th Battlion,KSRP",,Bommanahalli Zone,,,M-81,12.92147,77.623924
Mphasis,"3 and 4th Battlion,KSRP",,Bommanahalli Zone,,,M-82,12.92145,77.624054
Mphasis,"3 and 4th Battlion,KSRP",,Bommanahalli Zone,,,M-83,12.92145,77.62414101
Mphasis,"3 and 4th Battlion,KSRP",,Bommanahalli Zone,,,M-84,12.92135,77.62482799
Mphasis,"3 and 4th Battlion,KSRP",,Bommanahalli Zone,,,M-85,12.92135,77.62486403
NextGen,Kariyappa park,,South zone,,,PW22,12.91956,77.60987
NextGen,Kariyappa park,,South zone,,,PW23,12.91924,77.60996
NextGen,Kariyappa park,,South zone,,,PW24,12.91923,77.61004
NextGen,Kariyappa park,,South zone,,,PW25,12.91889,77.60995
NextGen,Kariyappa park,,South zone,,,PW26,12.91889,77.61004
NextGen,Kariyappa park,,South zone,,,PW27,12.91949,77.60999
NextGen,Kariyappa park,,South zone,,,PW28,12.91726,77.61044
NextGen,Kariyappa park,,South zone,,,PW29,12.91908,77.61013
NextGen,Kariyappa park,,South zone,,,PW30,12.91925,77.61017
NextGen,Kariyappa park,,South zone,,,PW31,12.91878,77.61013
NextGen,Kariyappa park,,South zone,,,PW32,12.91735,77.61044
NextGen,Kariyappa park,,South zone,,,PW33,12.91716,77.6103
NextGen,Kariyappa park,,South zone,,,PW36,12.91378,77.59857
NextGen,Kariyappa park,,South zone,,,PW41,12.91945,77.61017
NextGen,Kariyappa park,,South zone,,,PW42,12.91749,77.61048
NextGen,Kariyappa park,,South zone,,,PW43,12.9136,77.59862
NextGen,Kariyappa park,,South zone,,,PW34,12.91751,77.61041
NextGen,Kariyappa park,,South zone,,,PW35,12.91754,77.6105
NextGen,Kariyappa park,,South zone,,,PW20,12.91764,77.61052
NextGen,Kariyappa park,,South zone,,,PW21,12.91756,77.6106
Nextgen,Kuvempu Park,,South zone,,,PW01,12.91774,77.61044
Nextgen,Kuvempu Park,,South zone,,,PW02,12.91781,77.61046
Nextgen,Kuvempu Park,,South zone,,,PW03,12.91779,77.61053
Nextgen,Kuvempu Park,,South zone,,,PW04,12.91906,77.61004
Nextgen,Kuvempu Park,,South zone,,,PW05,12.91778,77.61059
Nextgen,Kuvempu Park,,South zone,,,PW06,12.91716,77.61051
Nextgen,Kuvempu Park,,South zone,,,PW07,12.91791,77.61035
Nextgen,Kuvempu Park,,South zone,,,PW08,12.91791,77.61042
Nextgen,Kuvempu Park,,South zone,,,PW09,12.91794,77.61054
Nextgen,Kuvempu Park,,South zone,,,PW10,12.91804,77.61057
Nextgen,Kuvempu Park,,South zone,,,PW11,12.91822,77.61068
Nextgen,Kuvempu Park,,South zone,,,PW12,12.91808,77.61066
Nextgen,Kuvempu Park,,South zone,,,PW13,12.91819,77.61061
Nextgen,Kuvempu Park,,South zone,,,PW14,12.91826,77.61051
Nextgen,Kuvempu Park,,South zone,,,PW15,12.90715,77.59925
Nextgen,Kuvempu Park,,South zone,,,PW16,12.91825,77.61063
Nextgen,Kuvempu Park,,South zone,,,PW17,12.91829,77.6107
Nextgen,Kuvempu Park,,South zone,,,PW18,12.91838,77.6107
Nextgen,Kuvempu Park,,South zone,,,PW19,12.91845,77.61059
Nextgen,Kuvempu Park,,South zone,,,PW37,12.91841,77.61056
Nextgen,Kuvempu Park,,South zone,,,PW38,12.91845,77.61059
Nextgen,Kuvempu Park,,South zone,,,PW39,12.91836,77.61038
Nextgen,Kuvempu Park,,South zone,,,PW40,12.91824,77.61038
Nextgen,Kuvempu Park,,South zone,,,PW44,12.91811,77.61036
Nextgen,Kuvempu Park,,South zone,,,PW45,12.91805,77.6104
Nextgen,Kuvempu Park,,South zone,,,PW46,12.91788,77.61035
Nextgen,Kuvempu Park,,South zone,,,PW47,12.91786,77.61038
Nextgen,Kuvempu Park,,South zone,,,PW48,12.91757,77.61034
Nextgen,Kuvempu Park,,South zone,,,PW49,12.91746,77.61039
Nextgen,Kuvempu Park,,South zone,,,PW50,12.91748,77.61028
Mphasis,"3 and 4th Battlion,KSRP",,Bommanahalli Zone,,,M-86,12.9211,77.63297897
Mphasis,"3 and 4th Battlion,KSRP",,Bommanahalli Zone,,,M-87,12.92132,77.62505899
Mphasis,"3 and 4th Battlion,KSRP",,Bommanahalli Zone,,,M-88,12.92167,77.62539502
Broadcom,Horticulture university,,Yelahanka zone,,,B-229,13.09222,77.56403
Broadcom,Horticulture university,,Yelahanka zone,,,B-231,13.0924,77.56411
Broadcom,Horticulture university,,Yelahanka zone,,,B-232,13.09247,77.56415
Broadcom,Horticulture university,,Yelahanka zone,,,B-242,13.09178,77.56102
Broadcom,Horticulture university,,Yelahanka zone,,,B-243,13.09182,77.56095
Broadcom,Horticulture university,,Yelahanka zone,,,B-290,13.10189,77.58404
Broadcom,Horticulture university,,Yelahanka zone,,,B-246,13.09169,77.56116
Broadcom,Horticulture university,,Yelahanka zone,,,B-247,13.09155,77.56113
Broadcom,Horticulture university,,Yelahanka zone,,,B-248,13.09146,77.56112
Broadcom,Horticulture university,,Yelahanka zone,,,B-249,13.09141,77.56109
Broadcom,Miyavaki Plantation park,,Bommanahalli Zone,,,B-142,12.86548,77.56386
Broadcom,Miyavaki Plantation park,,Bommanahalli Zone,,,B-143,12.8653,77.56454
Broadcom,Horticulture university,,Yelahanka zone,,,B-264,13.09065,77.56162
Broadcom,Horticulture university,,Yelahanka zone,,,B-266,13.09074,77.56163
Broadcom,Miyavaki Plantation park,,Bommanahalli Zone,,,B-144,12.86516,77.56503
Broadcom,Horticulture university,,Yelahanka zone,,,B-268,13.09088,77.56164
Broadcom,Agastya Vana,,Bommanahalli Zone,,,B-145,12.86521,77.5654
Broadcom,Horticulture university,,Yelahanka zone,,,B-270,13.09104,77.56163
Broadcom,Horticulture university,,Yelahanka zone,,,B-271,13.09111,77.5617
Broadcom,Horticulture university,,Yelahanka zone,,,B-274,13.0913,77.56166
Broadcom,Agastya Vana,,Bommanahalli Zone,,,B-148,12.86526,77.56467
Broadcom,Horticulture university,,Yelahanka zone,,,B-278,13.09137,77.56173
Broadcom,Aradhana School,,Bommanahalli Zone,,,B-148,12.88439,77.59203798
Broadcom,Horticulture university,,Yelahanka zone,,,B-279,13.09145,77.56176
Broadcom,Aradhana School,,Bommanahalli Zone,,,B-149,12.88438,77.59207998
Broadcom,Royal County Park-2,,Bommanahalli Zone,,,B-15,12.86866,77.57759
Broadcom,Horticulture university,,Yelahanka zone,,,B-281,13.09158,77.56173
Broadcom,Horticulture university,,Yelahanka zone,,,B-282,13.09166,77.56174
Broadcom,Horticulture university,,Yelahanka zone,,,B-283,13.09169,77.5618
Broadcom,Horticulture university,,Yelahanka zone,,,B-285,13.09172,77.56214
Broadcom,Horticulture university,,Yelahanka zone,,,B-287,13.0908,77.56159
Broadcom,Child and women development,,Yelahanka zone,,,B-288,13.10261,77.58486
Broadcom,Child and women development,,Yelahanka zone,,,B-289,13.10266,77.58489
Broadcom,Aradhana School,,Bommanahalli Zone,,,B-150,12.88438,77.59214904
Broadcom,Child and women development,,Yelahanka zone,,,B-292,13.10304,77.58447
Broadcom,Child and women development,,Yelahanka zone,,,B-293,13.1029,77.5846
Broadcom,Child and women development,,Yelahanka zone,,,B-294,13.10276,77.58475
Broadcom,Child and women development,,Yelahanka zone,,,B-295,13.10282,77.58462
Broadcom,Child and women development,,Yelahanka zone,,,B-296,13.10278,77.58438
Broadcom,Child and women development,,Yelahanka zone,,,B-297,13.10282,77.5842
Broadcom,Child and women development,,Yelahanka zone,,,B-298,13.10229,77.58439
Broadcom,Child and women development,,Yelahanka zone,,,B-299,13.10222,77.58441
Broadcom,Child and women development,,Yelahanka zone,,,B-300,13.10207,77.58456
Broadcom,Child and women development,,Yelahanka zone,,,B-301,13.1017,77.58409
Broadcom,Aradhana School,,Bommanahalli Zone,,,B-151,12.8843,77.59181
Broadcom,Horticulture university,,Yelahanka zone,,,B-648,13.09441,77.56541
Broadcom,Science & Technology Academy campus,,Yelahanka zone,,,B-664,13.09235,77.56096
Broadcom,Science & Technology Academy campus,,Yelahanka zone,,,B-665,13.09218,77.56079
Broadcom,Science & Technology Academy campus,,Yelahanka zone,,,B-666,13.09253,77.56058
Broadcom,Science & Technology Academy campus,,Yelahanka zone,,,B-667,13.09254,77.56059
Broadcom,Science & Technology Academy campus,,Yelahanka zone,,,B-668,13.09248,77.56084
Broadcom,Science & Technology Academy campus,,Yelahanka zone,,,B-669,13.09253,77.56087
Broadcom,Science & Technology Academy campus,,Yelahanka zone,,,B-670,13.09272,77.5608
Broadcom,Science & Technology Academy campus,,Yelahanka zone,,,B-671,13.09282,77.56086
Broadcom,Science & Technology Academy campus,,Yelahanka zone,,,B-672,13.09281,77.56077
Broadcom,Science & Technology Academy campus,,Yelahanka zone,,,B-673,13.09294,77.56054
Broadcom,Science & Technology Academy campus,,Yelahanka zone,,,B-674,13.09305,77.5606
Broadcom,Science & Technology Academy campus,,Yelahanka zone,,,B-676,13.09295,77.56045
Broadcom,Science & Technology Academy campus,,Yelahanka zone,,,B-677,13.09295,77.56047
Broadcom,Science & Technology Academy campus,,Yelahanka zone,,,B-679,13.09272,77.5602
Broadcom,Science & Technology Academy campus,,Yelahanka zone,,,B-680,13.09261,77.55999
Broadcom,Science & Technology Academy campus,,Yelahanka zone,,,B-681,13.09257,77.56019
Broadcom,Science & Technology Academy campus,,Yelahanka zone,,,B-682,13.09262,77.56028
Broadcom,Science & Technology Academy campus,,Yelahanka zone,,,B-683,13.09219,77.56107
Broadcom,GKVK near BBMP Park,,Yelahanka zone,,,B-686,13.09432,77.5614
Broadcom,Eshawara Park 2,,Yelahanka Zone,,,B-693,13.10797,77.5737
Broadcom,Eshawara Park 2,,Yelahanka Zone,,,B-694,13.10797,77.57372
Broadcom,Eshawara Park 2,,Yelahanka Zone,,,B-695,13.10793,77.57373
Broadcom,Eshawara Park 2,,Yelahanka Zone,,,B-696,13.1079,77.57375
Broadcom,Eshawara Park 1,,Yelahanka Zone,,,B-697,13.10783,77.57398
Broadcom,Eshawara Park 1,,Yelahanka Zone,,,B-698,13.10784,77.57405
Broadcom,Eshawara Park 1,,Yelahanka Zone,,,B-699,13.10788,77.5741
Broadcom,Eshawara Park 1,,Yelahanka Zone,,,B-700,13.10784,77.57414
Broadcom,Yogi Vemana Park,,Yelahanka Zone,,,B-701,13.09874,77.57254
Broadcom,Sri Yogi Vemanna Park,,Yelahanka Zone,,,B-701,13.09874,77.57254
Broadcom,Yogi Vemana Park,,Yelahanka Zone,,,B-702,13.09889,77.57241
Broadcom,Sri Yogi Vemanna Park,,Yelahanka Zone,,,B-702,13.09889,77.57241
Broadcom,Savitha Park,,Yelahanka zone,,,B-704,13.09631,77.57704
Broadcom,Savitha Park,,Yelahanka zone,,,B-705,13.09599,77.57724
Broadcom,Savitha Park,,Yelahanka zone,,,B-706,13.09614,77.57715
Broadcom,Savitha Park,,Yelahanka zone,,,B-707,13.0962,77.57711
Broadcom,Savitha Park,,Yelahanka zone,,,B-708,13.09626,77.57706
Broadcom,Bendre Park,,Yelahanka zone,,,B-710,13.09656,77.57782
Broadcom,Bendre Park,,Yelahanka zone,,,B-711,13.09669,77.57777
Broadcom,Aradhana School,,Bommanahalli Zone,,,B-152,12.88419,77.592271
DXC Technologies,BDA Avalahalli park,,South zone,,,DXC1,12.942536,77.54269
DXC Technologies,BDA Avalahalli park,,South zone,,,DXC2,12.94275602,77.54299
DXC Technologies,BDA Avalahalli park,,South zone,,,DXC3,12.94300597,77.54322
DXC Technologies,BDA Avalahalli park,,South zone,,,DXC4,12.94307998,77.54307
DXC Technologies,BDA Avalahalli park,,South zone,,,DXC5,12.942968,77.54324
DXC Technologies,BDA Avalahalli park,,South zone,,,DXC6,12.94288997,77.54326
DXC Technologies,BDA Avalahalli park,,South zone,,,DXC7,12.94284001,77.54328
DXC Technologies,BDA Avalahalli park,,South zone,,,DXC8,12.94291402,77.54315
DXC Technologies,BDA Avalahalli park,,South zone,,,DXC9,12.94260901,77.54311
DXC Technologies,BDA Avalahalli park,,South zone,,,DXC10,12.94265997,77.54333
DXC Technologies,BDA Avalahalli park,,South zone,,,DXC11,12.94287798,77.54325
DXC Technologies,BDA Avalahalli park,,South zone,,,DXC12,12.94261697,77.54269
DXC Technologies,BDA Avalahalli park,,South zone,,,DXC13,12.94306004,77.54324
DXC Technologies,BDA Avalahalli park,,South zone,,,DXC14,12.94272803,77.54268
DXC Technologies,BDA Avalahalli park,,South zone,,,DXC15,12.94304,77.5428
DXC Technologies,BDA Avalahalli park,,South zone,,,DXC16,12.94287102,77.54276
DXC Technologies,BDA Avalahalli park,,South zone,,,DXC17,12.94254698,77.54286
DXC Technologies,BDA Avalahalli park,,South zone,,,DXC18,12.94274496,77.54276
DXC Technologies,BDA Avalahalli park,,South zone,,,DXC19,12.94248998,77.54279
DXC Technologies,BDA Avalahalli park,,South zone,,,DXC20,12.94284898,77.54308
DXC Technologies,Jinke park,,South zone,,,DXC21,12.95222,77.5564
DXC Technologies,Jinke park,,South zone,,,DXC22,12.95306,77.55717
DXC Technologies,Jinke park,,South zone,,,DXC23,12.95302,77.55709
DXC Technologies,Jinke park,,South zone,,,DXC24,12.95279,77.55697
DXC Technologies,Jinke park,,South zone,,,DXC25,12.95142,77.55706
DXC Technologies,Jinke park,,South zone,,,DXC26,12.95205,77.55696
DXC Technologies,Jinke park,,South zone,,,DXC27,12.95156,77.55684
DXC Technologies,Jinke park,,South zone,,,DXC28,12.95135,77.55737
DXC Technologies,Jinke park,,South zone,,,DXC29,12.95153,77.55759
DXC Technologies,Jinke park,,South zone,,,DXC30,12.95175,77.55729
DXC Technologies,Jinke park,,South zone,,,DXC31,12.95179,77.55759
DXC Technologies,Jinke park,,South zone,,,DXC32,12.95196,77.55659
DXC Technologies,Jinke park,,South zone,,,DXC33,12.95218,77.55739
DXC Technologies,Jinke park,,South zone,,,DXC34,12.95211,77.55724
DXC Technologies,Jinke park,,South zone,,,DXC35,12.95281,77.55664
DXC Technologies,Jinke park,,South zone,,,DXC36,12.95277,77.55657
DXC Technologies,Jinke park,,South zone,,,DXC37,12.95261,77.5565
DXC Technologies,Jinke park,,South zone,,,DXC38,12.95199,77.55635
DXC Technologies,Jinke park,,South zone,,,DXC39,12.95253,77.55645
DXC Technologies,Jinke park,,South zone,,,DXC40,12.95251,77.55642
DXC Technologies,Jinke park,,South zone,,,DXC41,12.95241,77.55648
DXC Technologies,Jinke park,,South zone,,,DXC42,12.95239,77.55637
DXC Technologies,Jinke park,,South zone,,,DXC43,12.95225,77.55651
DXC Technologies,Jinke park,,South zone,,,DXC44,12.9523,77.55643
DXC Technologies,Jinke park,,South zone,,,DXC45,12.95231,77.55634
DXC Technologies,Jinke park,,South zone,,,DXC46,12.95223,77.55631
DXC Technologies,Jinke park,,South zone,,,DXC47,12.95217,77.5563
DXC Technologies,Jinke park,,South zone,,,DXC48,12.95213,77.55628
DXC Technologies,Jinke park,,South zone,,,DXC49,12.95252,77.55656
DXC Technologies,Jinke park,,South zone,,,DXC50,12.95253,77.55672
DXC Technologies,Jinke park,,South zone,,,DXC51,12.95252,77.55704
DXC Technologies,Jinke park,,South zone,,,DXC52,12.95291,77.55721
DXC Technologies,Jinke park,,South zone,,,DXC53,12.95274,77.55696
NTT Data,Nisagara Park,,Mahadevapura Zone,,,ND29,12.962252,77.70898
NTT Data,Nisagara Park,,Mahadevapura Zone,,,ND30,12.96193097,77.70917
NTT Data,Nisagara Park,,Mahadevapura Zone,,,ND31,12.96206298,77.7092
NTT Data,Nisagara Park,,Mahadevapura Zone,,,ND32,12.96227496,77.70912
NTT Data,Nisagara Park,,Mahadevapura Zone,,,ND33,12.962081,77.70939
NTT Data,Nisagara Park,,Mahadevapura Zone,,,ND34,12.96187196,77.70922
NTT Data,Nisagara Park,,Mahadevapura Zone,,,ND35,12.96239901,77.7094
NTT Data,Nisagara Park,,Mahadevapura Zone,,,ND36,12.96240999,77.70952
NTT Data,AECS Layout Park,,Mahadevapura Zone,,,ND37,12.96285901,77.71573
NTT Data,AECS Layout Park,,Mahadevapura Zone,,,ND38,12.96304903,77.71597
NTT Data,AECS Layout Park,,Mahadevapura Zone,,,ND6,12.96292104,77.71607
NTT Data,AECS Layout Park,,Mahadevapura Zone,,,ND-9,12.96297904,77.7161
NTT Data,AECS Layout Park,,Mahadevapura Zone,,,ND-12,12.96299396,77.7157
NTT Data,AECS Layout Park,,Mahadevapura Zone,,,ND-13,12.96297904,77.71561
NTT Data,AECS Layout Park,,Mahadevapura Zone,,,ND-14,12.96284803,77.71559
NTT Data,AECS Layout Park,,Mahadevapura Zone,,,ND-15,12.96293101,77.71541
NTT Data,AECS Layout Park,,Mahadevapura Zone,,,ND-16,12.96304199,77.71541
NTT Data,AECS Layout Park,,Mahadevapura Zone,,,ND-17,12.963059,77.71547
NTT Data,Whitefield Park (Inner circle municipal park),,Mahadevapura Zone,,,ND-18,12.97088997,77.74804
NTT Data,Whitefield Park (Inner circle municipal park),,Mahadevapura Zone,,,ND-19,12.97080003,77.74824
NTT Data,Whitefield Park (Inner circle municipal park),,Mahadevapura Zone,,,ND-20,12.97106699,77.74833
NTT Data,Whitefield Park (Inner circle municipal park),,Mahadevapura Zone,,,ND-21,12.97154602,77.74814
NTT Data,Whitefield Park (Inner circle municipal park),,Mahadevapura Zone,,,ND-22,12.97161802,77.748
NTT Data,Whitefield Park (Inner circle municipal park),,Mahadevapura Zone,,,ND-23,12.97175598,77.74788
NTT Data,Whitefield Park (Inner circle municipal park),,Mahadevapura Zone,,,ND-24,12.97149397,77.74783
NTT Data,Whitefield Park (Inner circle municipal park),,Mahadevapura Zone,,,ND-25,12.97169102,77.74807
NTT Data,Whitefield Park (Inner circle municipal park),,Mahadevapura Zone,,,ND-26,12.97136396,77.74781
NTT Data,Whitefield Park (Inner circle municipal park),,Mahadevapura Zone,,,ND-27,12.97104604,77.7479
NTT Data,Whitefield Park (Inner circle municipal park),,Mahadevapura Zone,,,ND-28,12.97089499,77.74826
NTT Data,Whitefield Park (Inner circle municipal park),,Mahadevapura Zone,,,ND-40,12.97174802,77.74852
NTT Data,Chele Kere Park ( Kranti veera sangolli rayanna BBMP Park Chelkere),,Mahadevapura Zone,,,ND01,13.02532,77.64449
NTT Data,Chele Kere Park ( Kranti veera sangolli rayanna BBMP Park Chelkere),,Mahadevapura Zone,,,ND02,13.02518,77.6445
NTT Data,Chele Kere Park ( Kranti veera sangolli rayanna BBMP Park Chelkere),,Mahadevapura Zone,,,ND03,13.02489,77.64444
NTT Data,Chele Kere Park ( Kranti veera sangolli rayanna BBMP Park Chelkere),,Mahadevapura Zone,,,ND04,13.02473,77.64468
NTT Data,Chele Kere Park ( Kranti veera sangolli rayanna BBMP Park Chelkere),,Mahadevapura Zone,,,ND05,13.02487,77.64479
NTT Data,Chele Kere Park ( Kranti veera sangolli rayanna BBMP Park Chelkere),,Mahadevapura Zone,,,ND06,13.02505,77.64469
NTT Data,Chele Kere Park ( Kranti veera sangolli rayanna BBMP Park Chelkere),,Mahadevapura Zone,,,ND07,13.02503,77.64478
NTT Data,Chele Kere Park ( Kranti veera sangolli rayanna BBMP Park Chelkere),,Mahadevapura Zone,,,ND08,13.02529,77.64467
NTT Data,Chele Kere Park ( Kranti veera sangolli rayanna BBMP Park Chelkere),,Mahadevapura Zone,,,ND09,13.02553,77.64469
NTT Data,Chele Kere Park ( Kranti veera sangolli rayanna BBMP Park Chelkere),,Mahadevapura Zone,,,ND10,13.02458,77.6451
NTT Data,Chele Kere Park ( Kranti veera sangolli rayanna BBMP Park Chelkere),,Mahadevapura Zone,,,ND11,13.02491,77.64504
NTT Data,Chele Kere Park ( Kranti veera sangolli rayanna BBMP Park Chelkere),,Mahadevapura Zone,,,ND12,13.02459,77.64519
NTT Data,Chele Kere Park ( Kranti veera sangolli rayanna BBMP Park Chelkere),,Mahadevapura Zone,,,ND13,13.02471,77.64484
NTT Data,Chele Kere Park ( Kranti veera sangolli rayanna BBMP Park Chelkere),,Mahadevapura Zone,,,ND14,13.02474,77.64464
NTT Data,Chele Kere Park ( Kranti veera sangolli rayanna BBMP Park Chelkere),,Mahadevapura Zone,,,ND15,13.02538,77.64454
Informatica,Unani Hospital,,RR Nagar Zone,,,INFORMATICA-01,12.990612,77.51335999
Informatica,Unani Hospital,,RR Nagar Zone,,,INFORMATICA-02,12.99051602,77.51332504
Informatica,Unani Hospital,,RR Nagar Zone,,,INFORMATICA-03,12.99362303,77.51420204
Informatica,Unani Hospital,,RR Nagar Zone,,,INFORMATICA-04,12.99322799,77.51420204
Informatica,Unani Hospital,,RR Nagar Zone,,,INFORMATICA-05,12.99313604,77.51409098
Informatica,Unani Hospital,,RR Nagar Zone,,,INFORMATICA-06,12.99303001,77.514066
Informatica,Unani Hospital,,RR Nagar Zone,,,INFORMATICA-07,12.99301299,77.51400104
Informatica,Unani Hospital,,RR Nagar Zone,,,INFORMATICA-08,12.99305599,77.51396198
Informatica,Unani Hospital,,RR Nagar Zone,,,INFORMATICA-09,12.99299103,77.51396701
Informatica,Unani Hospital,,RR Nagar Zone,,,INFORMATICA-10,12.99291903,77.513995
Informatica,Unani Hospital,,RR Nagar Zone,,,INFORMATICA-11,12.99293898,77.51391898
Informatica,Unani Hospital,,RR Nagar Zone,,,INFORMATICA-12,12.993086,77.51396701
Informatica,Unani Hospital,,RR Nagar Zone,,,INFORMATICA-13,12.99308298,77.51414403
Informatica,Unani Hospital,,RR Nagar Zone,,,INFORMATICA-14,12.993173,77.51399601
Informatica,Unani Hospital,,RR Nagar Zone,,,INFORMATICA-15,12.99320402,77.514037
Informatica,Unani Hospital,,RR Nagar Zone,,,INFORMATICA-16,12.993158,77.51416901
Informatica,Unani Hospital,,RR Nagar Zone,,,INFORMATICA-17,12.99329102,77.51422299
Informatica,Unani Hospital,,RR Nagar Zone,,,INFORMATICA-18,12.99323503,77.51415501
Informatica,Unani Hospital,,RR Nagar Zone,,,INFORMATICA-19,12.99306102,77.51408997
Informatica,Unani Hospital,,RR Nagar Zone,,,INFORMATICA-20,12.99309103,77.51404203
Informatica,Unani Hospital,,RR Nagar Zone,,,INFORMATICA-21,12.99057998,77.513347
Informatica,Unani Hospital,,RR Nagar Zone,,,INFORMATICA-22,12.99387398,77.51398
Informatica,Unani Hospital,,RR Nagar Zone,,,INFORMATICA-23,12.993849,77.51404697
Informatica,Unani Hospital,,RR Nagar Zone,,,INFORMATICA-24,12.99365303,77.514167
Informatica,Unani Hospital,,RR Nagar Zone,,,INFORMATICA-25,12.99367097,77.51420304
Informatica,Unani Hospital,,RR Nagar Zone,,,INFORMATICA-26,12.99368103,77.51429901
Informatica,Unani Hospital,,RR Nagar Zone,,,INFORMATICA-27,12.99365002,77.51425903
Informatica,Unani Hospital,,RR Nagar Zone,,,INFORMATICA-28,12.99377801,77.51412098
Informatica,Unani Hospital,,RR Nagar Zone,,,INFORMATICA-29,12.99374004,77.51414697
Informatica,Unani Hospital,,RR Nagar Zone,,,INFORMATICA-30,12.99053002,77.51329503
Mphasis,"3 and 4th Battlion,KSRP",,Bommanahalli Zone,,,M-89,12.92184,77.62540801
Mphasis,"3 and 4th Battlion,KSRP",,Bommanahalli Zone,,,M-90,12.92188,77.62543098
Mphasis,"3 and 4th Battlion,KSRP",,Bommanahalli Zone,,,M-91,12.92252,77.62580104
Mphasis,"3 and 4th Battlion,KSRP",,Bommanahalli Zone,,,M-92,12.92088,77.62623497
Mphasis,"3 and 4th Battlion,KSRP",,Bommanahalli Zone,,,M-93,12.92071,77.62623204
Mphasis,"3 and 4th Battlion,KSRP",,Bommanahalli Zone,,,M-94,12.92461,77.636235
Mphasis,"3 and 4th Battlion,KSRP",,Bommanahalli Zone,,,M-95,12.92483,77.63655301
Mphasis,"3 and 4th Battlion,KSRP",,Bommanahalli Zone,,,M-96,12.92497,77.63642896
Mphasis,"3 and 4th Battlion,KSRP",,Bommanahalli Zone,,,M-97,12.92443,77.63561801
Mphasis,"3 and 4th Battlion,KSRP",,Bommanahalli Zone,,,M-98,12.92436,77.63525801
Mphasis,"3 and 4th Battlion,KSRP",,Bommanahalli Zone,,,M-99,12.92447,77.635171
Mphasis,"3 and 4th Battlion,KSRP",,Bommanahalli Zone,,,M-100,12.92435,77.63425201
Mphasis,"3 and 4th Battlion,KSRP",,Bommanahalli Zone,,,M-101,12.92352,77.63501502
Mphasis,"3 and 4th Battlion,KSRP",,Bommanahalli Zone,,,M-102,12.92093,77.63284704
Mphasis,"3 and 4th Battlion,KSRP",,Bommanahalli Zone,,,M-103,12.92094,77.632827
Mphasis,Bhagath Singh Park,,South zone,,,M-104,12.91238,77.59883
Mphasis,Bhagath Singh Park,,South zone,,,M-105,12.91093,77.59891
Mphasis,Bhagath Singh Park,,South zone,,,M-106,12.9119,77.59889
Mphasis,Bhagath Singh Park,,South zone,,,M-107,12.91091,77.59873
Mphasis,CAR South Adugodi ( DCP Farmhouse),,South zone,,,M-108,12.93900697,77.61108301
Mphasis,CAR South Adugodi ( DCP Farmhouse),,South zone,,,M-109,12.93909104,77.61104797
Mphasis,CAR South Adugodi ( DCP Farmhouse),,South zone,,,M-110,12.93911803,77.61078101
Mphasis,CAR South Adugodi ( DCP Farmhouse),,South zone,,,M-111,12.939157,77.61067598
Mphasis,CAR South Adugodi ( DCP Farmhouse),,South zone,,,M-112,12.93900797,77.61059904
Mphasis,CAR South Adugodi ( DCP Farmhouse),,South zone,,,M-113,12.93896296,77.61075301
Mphasis,CAR South Adugodi ( DCP Farmhouse),,South zone,,,M-114,12.93923797,77.61088301
Mphasis,CAR South Adugodi ( DCP Farmhouse),,South zone,,,M-115,12.93940804,77.61091897
Mphasis,CAR South Adugodi ( DCP Farmhouse),,South zone,,,M-116,12.93908098,77.611183
Mphasis,CAR South Adugodi ( DCP Farmhouse),,South zone,,,M-117,12.93918902,77.61125199
Mphasis,CAR South Adugodi ( DCP Farmhouse),,South zone,,,M-118,12.93922498,77.61134201
Mphasis,"CAR South Quaters,Road side etc",,South zone,,,M-119,12.93946403,77.61395498
Mphasis,"CAR South Quaters,Road side etc",,South zone,,,M-120,12.939501,77.614087
Mphasis,"CAR South Quaters,Road side etc",,South zone,,,M-121,12.93975279,77.61413478
Mphasis,"CAR South Quaters,Road side etc",,South zone,,,M-122,12.93978799,77.61425396
Mphasis,"CAR South Quaters,Road side etc",,South zone,,,M-123,12.93976796,77.61230702
Mphasis,"CAR South Quaters,Road side etc",,South zone,,,M-124,12.94029628,77.6121705
Mphasis,"CAR South Quaters,Road side etc",,South zone,,,M-125,12.94049153,77.61202755
Mphasis,"CAR South Quaters,Road side etc",,South zone,,,M-126,12.94056677,77.61202423
Mphasis,"CAR South Quaters,Road side etc",,South zone,,,M-127,12.94136203,77.61160302
Mphasis,"CAR South Quaters,Road side etc",,South zone,,,M-128,12.94205005,77.61049202
Mphasis,"CAR South Quaters,Road side etc",,South zone,,,M-129,12.9419226,77.61058586
Mphasis,"CAR South Quaters,Road side etc",,South zone,,,M-130,12.94175552,77.61067138
Mphasis,"CAR South Quaters,Road side etc",,South zone,,,M-131,12.94144669,77.61082603
Mphasis,"CAR South Quaters,Road side etc",,South zone,,,M-132,12.94130509,77.61089259
Mphasis,"CAR South Quaters,Road side etc",,South zone,,,M-133,12.94113102,77.61097102
Mphasis,"CAR South Quaters,Road side etc",,South zone,,,M-134,12.94058465,77.61130758
Mphasis,"CAR South Quaters,Road side etc",,South zone,,,M-135,12.9408261,77.61035763
Mphasis,"CAR South Quaters,Road side etc",,South zone,,,M-136,12.94013802,77.61295603
Mphasis,"CAR South Quaters,Road side etc",,South zone,,,M-137,12.94029803,77.61282804
Mphasis,"CAR South Quaters,Road side etc",,South zone,,,M-138,12.94013903,77.61284899
Mphasis,"CAR South Quaters,Road side etc",,South zone,,,M-139,12.94017197,77.61068797
Mphasis,"CAR South Quaters,Road side etc",,South zone,,,M-140,12.94025998,77.61066098
Mphasis,"CAR South Quaters,Road side etc",,South zone,,,M-141,12.94021203,77.61068302
Mphasis,"CAR South Quaters,Road side etc",,South zone,,,M-142,12.94013903,77.61072602
Mphasis,"CAR South Quaters,Road side etc",,South zone,,,M-143,12.93995404,77.61086701
Mphasis,"CAR South Quaters,Road side etc",,South zone,,,M-144,12.93993803,77.61194098
Mphasis,"CAR South Quaters,Road side etc",,South zone,,,M-145,12.94113647,77.61021361
Mphasis,"CAR South Quaters,Road side etc",,South zone,,,M-146,12.94133868,77.61008572
Mphasis,"CAR South Quaters,Road side etc",,South zone,,,M-147,12.94161701,77.60989102
Mphasis,"CAR South Quaters,Road side etc",,South zone,,,M-148,12.94193602,77.60974702
Mphasis,"CAR South Quaters,Road side etc",,South zone,,,M-149,12.93994096,77.61311201
Mphasis,"CAR South Quaters,Road side etc",,South zone,,,M-150,12.94216401,77.61130798
Mphasis,"CAR South Quaters,Road side etc",,South zone,,,M-151,12.9408594,77.61113597
Mphasis,"CAR South Quaters,Road side etc",,South zone,,,M-152,12.94032703,77.61217701
Mphasis,"CAR South Quaters,Road side etc",,South zone,,,M-153,12.94074697,77.61194802
Mphasis,"CAR South Quaters,Road side etc",,South zone,,,M-154,12.94048618,77.6113539
Mphasis,"CAR South Quaters,Road side etc",,South zone,,,M-155,12.94042602,77.61054296
Mphasis,"CAR South Quaters,Road side etc",,South zone,,,M-156,12.94072601,77.61043098
Mphasis,"CAR South Quaters,Road side etc",,South zone,,,M-157,12.94105394,77.61025168
Mphasis,"CAR South Quaters,Road side etc",,South zone,,,M-158,12.94143388,77.61006435
Mphasis,"CAR South Quaters,Road side etc",,South zone,,,M-159,12.9416213,77.60989483
Mphasis,"CAR South Quaters,Road side etc",,South zone,,,M-160,12.94170834,77.60987432
Mphasis,"CAR South Quaters,Road side etc",,South zone,,,M-161,12.94054002,77.61267599
Mphasis,"CAR South Quaters,Road side etc",,South zone,,,M-162,12.94065803,77.612635
Mphasis,"CAR South Quaters,Road side etc",,South zone,,,M-163,12.94072199,77.612663
Mphasis,"CAR South Quaters,Road side etc",,South zone,,,M-164,12.93969101,77.61327898
Mphasis,"CAR South Quaters,Road side etc",,South zone,,,M-165,12.93966302,77.61291202
Mphasis,"CAR South Quaters,Road side etc",,South zone,,,M-166,12.93963402,77.61290699
Mphasis,"CAR South Quaters,Road side etc",,South zone,,,M-167,12.939559,77.61320899
Mphasis,"CAR South Quaters,Road side etc",,South zone,,,M-168,12.94202697,77.61195397
Mphasis,"CAR South Quaters,Road side etc",,South zone,,,M-169,12.93938398,77.61342902
Mphasis,"CAR South Quaters,Road side etc",,South zone,,,M-170,12.94086398,77.61186001
Mphasis,"CAR South Quaters,Road side etc",,South zone,,,M-171,12.93974198,77.61323397
Mphasis,"CAR South Quaters,Road side etc",,South zone,,,M-172,12.93995404,77.61083297
Mphasis,"CAR South Quaters,Road side etc",,South zone,,,M-173,12.94169202,77.609873
Mphasis,"CAR South Quaters,Road side etc",,South zone,,,M-174,12.94249689,77.61076417
Mphasis,"CAR South Quaters,Road side etc",,South zone,,,M-175,12.94116397,77.611714
Mphasis,"CAR South Quaters,Road side etc",,South zone,,,M-176,12.941429,77.611556
Mphasis,"CAR South Quaters,Road side etc",,South zone,,,M-177,12.94166604,77.61143597
Mphasis,"CAR South Quaters,Road side etc",,South zone,,,M-178,12.94172899,77.61139498
Mphasis,"CAR South Quaters,Road side etc",,South zone,,,M-179,12.94193904,77.61126498
Mphasis,"CAR South Quaters,Road side etc",,South zone,,,M-180,12.94221204,77.61038404
Mphasis,"CAR South Quaters,Road side etc",,South zone,,,M-181,12.94095938,77.61107872
Mphasis,Children's Playground Surrounding,,South zone,,,M-182,12.94027498,77.61449402
Mphasis,Children's Playground Surrounding,,South zone,,,M-183,12.94023299,77.61448002
Mphasis,Children's Playground Surrounding,,South zone,,,M-184,12.94016903,77.61442998
Mphasis,Children's Playground Surrounding,,South zone,,,M-185,12.9400917,77.61433178
Mphasis,Children's Playground Surrounding,,South zone,,,M-186,12.9400154,77.61422486
Mphasis,Children's Playground Surrounding,,South zone,,,M-187,12.93991598,77.61411902
Mphasis,Children's Playground Surrounding,,South zone,,,M-188,12.93984641,77.61401952
Mphasis,Children's Playground Surrounding,,South zone,,,M-189,12.939761,77.61390997
Mphasis,Children's Playground Surrounding,,South zone,,,M-190,12.939718,77.61384501
Mphasis,Children's Playground Surrounding,,South zone,,,M-191,12.93969001,77.61369204
Mphasis,Children's Playground Surrounding,,South zone,,,M-192,12.93960803,77.61366103
Mphasis,Children's Playground Surrounding,,South zone,,,M-193,12.93992604,77.61401399
Mphasis,Children's Playground Surrounding,,South zone,,,M-194,12.93983803,77.61382003
Mphasis,Children's Playground Surrounding,,South zone,,,M-195,12.93978204,77.61371702
Mphasis,Children's Playground Surrounding,,South zone,,,M-196,12.93972001,77.61360898
Mphasis,Children's Playground Surrounding,,South zone,,,M-197,12.93968003,77.61354201
Mphasis,Children's Playground Surrounding,,South zone,,,M-198,12.93977198,77.61344897
Mphasis,Children's Playground Surrounding,,South zone,,,M-199,12.93992998,77.61335098
Mphasis,Children's Playground Surrounding,,South zone,,,M-200,12.94002897,77.61333204
Mphasis,Children's Playground Surrounding,,South zone,,,M-201,12.94014799,77.61334503
Mphasis,Dollars Colony Park,,South zone,,,M-202,12.902831,77.59634
Mphasis,Dollars Colony Park,,South zone,,,M-203,12.902849,77.59657
Mphasis,Dollars Colony Park,,South zone,,,M-204,12.902662,77.59677
Mphasis,Dollars Colony Park,,South zone,,,M-205,12.902598,77.59696
Mphasis,Dollars Colony Park,,South zone,,,M-206,12.903025,77.59624
Mphasis,Dollars Colony Park,,South zone,,,M-207,12.903363,77.59643
Mphasis,Eco Park,,South zone,,,M-208,12.93862,77.6251
Mphasis,Eco Park,,South zone,,,M-209,12.93878,77.62504
Mphasis,Eco Park,,South zone,,,M-210,12.93866,77.6248
Mphasis,Eco Park,,South zone,,,M-211,12.93901,77.62478
Mphasis,Eco Park,,South zone,,,M-212,12.93849,77.62517
Mphasis,Eco Park,,South zone,,,M-213,12.93882,77.62458
Mphasis,Eco Park,,South zone,,,M-214,12.93856,77.62473
Mphasis,Eco Park,,South zone,,,M-215,12.9386,77.62478
Mphasis,Eco Park,,South zone,,,M-216,12.93897,77.62499
Mphasis,Generator Area Surrounding,,South zone,,,M-217,12.939904,77.61439897
Mphasis,Generator Area Surrounding,,South zone,,,M-218,12.93979797,77.614332
Mphasis,Generator Area Surrounding,,South zone,,,M-219,12.93963301,77.61427299
Mphasis,Generator Area Surrounding,,South zone,,,M-220,12.93984499,77.61474799
Mphasis,Generator Area Surrounding,,South zone,,,M-221,12.93971599,77.61495796
Mphasis,Generator Area Surrounding,,South zone,,,M-222,12.93963603,77.61483802
Mphasis,Generator Area Surrounding,,South zone,,,M-223,12.93956604,77.61498696
Mphasis,Generator Area Surrounding,,South zone,,,M-224,12.939517,77.615138
Mphasis,Generator Area Surrounding,,South zone,,,M-225,12.93956101,77.61504396
Mphasis,Generator Area Surrounding,,South zone,,,M-226,12.93947401,77.61461204
Mphasis,Generator Area Surrounding,,South zone,,,M-227,12.93983401,77.61460802
Mphasis,Generator Area Surrounding,,South zone,,,M-228,12.94051998,77.61438296
Mphasis,Generator Area Surrounding,,South zone,,,M-229,12.94016199,77.61465504
Mphasis,Generator Area Surrounding,,South zone,,,M-230,12.93978699,77.61468697
Broadcom,Aradhana School,,Bommanahalli Zone,,,B-153,12.88413,77.59223504
Broadcom,SHVNM Govt school,,West Zone,,,B-736,13.00285,77.56746
Broadcom,Aradhana School,,Bommanahalli Zone,,,B-154,12.88403,77.59221702
Broadcom,SHVNM Govt College,,West Zone,,,B-750,13.00278,77.56813
Broadcom,SHVNM Govt College,,West Zone,,,B-751,13.00269,77.56698
Broadcom,SHVNM Govt College,,West Zone,,,B-752,13.0027,77.56704
Broadcom,SHVNM Govt College,,West Zone,,,B-753,13.00293,77.56705
Broadcom,Aradhana School,,Bommanahalli Zone,,,B-155,12.88404,77.5921
Broadcom,Aradhana School,,Bommanahalli Zone,,,B-156,12.88414,77.59235004
Mphasis,KSRP 1st Battalion,,East Zone,,,M-34,12.97091707,77.60892212
Mphasis,KSRP 1st Battalion,,East Zone,,,M-35,12.97095598,77.60887212
Mphasis,KSRP 1st Battalion,,East Zone,,,M-36,12.97093812,77.60883248
Mphasis,KSRP 1st Battalion,,East Zone,,,M-37,12.9709804,77.60880244
Mphasis,KSRP 1st Battalion,,East Zone,,,M-38,12.97097464,77.60875279
Mphasis,KSRP 1st Battalion,,East Zone,,,M-39,12.97090914,77.61016503
Mphasis,KSRP 1st Battalion,,East Zone,,,M-40,12.97083397,77.61014197
Mphasis,KSRP 1st Battalion,,East Zone,,,M-41,12.97081897,77.61013501
Mphasis,KSRP 1st Battalion,,East Zone,,,M-42,12.97067204,77.61004499
Mphasis,KSRP 1st Battalion,,East Zone,,,M-43,12.97060599,77.61002102
Mphasis,KSRP 1st Battalion,,East Zone,,,M-44,12.96929799,77.61747002
Mphasis,KSRP 1st Battalion,,East Zone,,,M-45,12.96920998,77.61738301
Mphasis,KSRP 1st Battalion,,East Zone,,,M-46,12.96908802,77.61723398
Mphasis,KSRP 1st Battalion,,East Zone,,,M-47,12.96902902,77.61728302
Mphasis,KSRP 1st Battalion,,East Zone,,,M-48,12.96891402,77.61732501
Mphasis,KSRP 1st Battalion,,East Zone,,,M-49,12.96887898,77.61733297
Mphasis,KSRP 1st Battalion,,East Zone,,,M-50,12.96888803,77.61684003
Mphasis,KSRP 1st Battalion,,East Zone,,,M-51,12.96887898,77.61692503
Mphasis,KSRP 1st Battalion,,East Zone,,,M-52,12.96883204,77.61695202
Mphasis,KSRP 1st Battalion,,East Zone,,,M-53,12.96892298,77.61700197
Mphasis,KSRP 1st Battalion,,East Zone,,,M-54,12.96888803,77.61701404
Mphasis,KSRP 1st Battalion,,East Zone,,,M-55,12.96883799,77.61708998
Mphasis,KSRP 1st Battalion,,East Zone,,,M-56,12.968768,77.617179
Mphasis,KSRP 1st Battalion,,East Zone,,,M-57,12.96868603,77.61731302
Mphasis,KSRP 1st Battalion,,East Zone,,,M-58,12.96862803,77.61724999
Mphasis,KSRP 1st Battalion,,East Zone,,,M-59,12.96856902,77.61724697
Mphasis,KSRP 1st Battalion,,East Zone,,,M-60,12.96851797,77.61724798
Mphasis,KSRP 1st Battalion,,East Zone,,,M-61,12.96852401,77.61724102
Mphasis,KSRP 1st Battalion,,East Zone,,,M-62,12.96841697,77.61722996
Mphasis,KSRP 1st Battalion,,East Zone,,,M-63,12.96844304,77.61725804
Mphasis,KSRP 1st Battalion,,East Zone,,,M-64,12.96765304,77.61705402
Mphasis,KSRP 1st Battalion,,East Zone,,,M-65,12.96758699,77.61706903
Mphasis,KSRP 1st Battalion,,East Zone,,,M-66,12.96738499,77.61699401
Mphasis,KSRP 1st Battalion,,East Zone,,,M-67,12.967315,77.61697498
Mphasis,KSRP 1st Battalion,,East Zone,,,M-68,12.96723998,77.61698504
Mphasis,KSRP 1st Battalion,,East Zone,,,M-69,12.96724903,77.61682402
Mphasis,KSRP 1st Battalion,,East Zone,,,M-70,12.96726798,77.61672302
Mphasis,KSRP 1st Battalion,,East Zone,,,M-71,12.96733207,77.6166819
Mphasis,KSRP 1st Battalion,,East Zone,,,M-72,12.96738719,77.61669457
Mphasis,KSRP 1st Battalion,,East Zone,,,M-73,12.96743241,77.61670576
Mphasis,KSRP 1st Battalion,,East Zone,,,M-74,12.96750296,77.61671007
Mphasis,KSRP 1st Battalion,,East Zone,,,M-75,12.96757683,77.61671648
Mphasis,KSRP 1st Battalion,,East Zone,,,M-76,12.96772596,77.61673199
Mphasis,KSRP 1st Battalion,,East Zone,,,M-77,12.96779101,77.61673903
Mphasis,KSRP 1st Battalion,,East Zone,,,M-78,12.96785697,77.61655698
Mphasis,KSRP 1st Battalion,,East Zone,,,M-79,12.96784197,77.61654197
Mphasis,KSRP 1st Battalion,,East Zone,,,M-80,12.96776704,77.61653996
Mphasis,KSRP 1st Battalion,,East Zone,,,M-81,12.96767309,77.61653201
Mphasis,KSRP 1st Battalion,,East Zone,,,M-82,12.96761801,77.61652999
Mphasis,KSRP 1st Battalion,,East Zone,,,M-83,12.96746504,77.61630996
Mphasis,KSRP 1st Battalion,,East Zone,,,M-84,12.96741801,77.61623402
Mphasis,KSRP 1st Battalion,,East Zone,,,M-85,12.96760803,77.61619203
Mphasis,KSRP 1st Battalion,,East Zone,,,M-86,12.967674,77.61617099
Mphasis,KSRP 1st Battalion,,East Zone,,,M-87,12.96802897,77.61632497
Mphasis,KSRP 1st Battalion,,East Zone,,,M-88,12.96803601,77.61626604
Mphasis,KSRP 1st Battalion,,East Zone,,,M-89,12.96801307,77.61607774
Mphasis,KSRP 1st Battalion,,East Zone,,,M-90,12.96808626,77.61603846
Mphasis,KSRP 1st Battalion,,East Zone,,,M-91,12.96816369,77.61603652
Mphasis,KSRP 1st Battalion,,East Zone,,,M-92,12.96829614,77.61600377
Mphasis,KSRP 1st Battalion,,East Zone,,,M-93,12.96852927,77.61597896
Mphasis,KSRP 1st Battalion,,East Zone,,,M-94,12.97060498,77.61006
Mphasis,KSRP 1st Battalion,,East Zone,,,M-95,12.97063599,77.61008103
Mphasis,KSRP 1st Battalion,,East Zone,,,M-96,12.97055402,77.61001901
Mphasis,KSRP 1st Battalion,,East Zone,,,M-97,12.97076901,77.610104
Mphasis,KSRP 1st Battalion,,East Zone,,,M-98,12.97068503,77.61013703
Mphasis,KSRP 1st Battalion,,East Zone,,,M-99,12.97071101,77.610061
Deloitte India,Swimming pool Extension Park,,West Zone,,,D150,12.99906256,77.57436809
Deloitte India,Swimming pool Extension Park,,West Zone,,,D151,12.99910102,77.57426097
Mphasis,Carmel High School,,West Zone,,,M-100,12.98860977,77.54451856
Mphasis,Carmel High School,,West Zone,,,M-101,12.98861834,77.54444294
Mphasis,Carmel High School,,West Zone,,,M-102,12.98856148,77.54449641
Mphasis,Carmel High School,,West Zone,,,M-103,12.9885654,77.54443453
Mphasis,Carmel High School,,West Zone,,,M-104,12.98830041,77.54427875
Mphasis,Carmel High School,,West Zone,,,M-105,12.98813222,77.54504171
Mphasis,Carmel High School,,West Zone,,,M-106,12.98821145,77.5451313
Mphasis,Carmel High School,,West Zone,,,M-107,12.98813992,77.5451373
Mphasis,Carmel High School,,West Zone,,,M-108,12.98813184,77.5452546
Mphasis,Generator Area Surrounding,,South zone,,,M-231,12.93971004,77.61569398
Mphasis,Hopcoms Park J.P Nagar,,South Zone,,,M-232,12.9052,77.59658
Mphasis,Hopcoms Park J.P Nagar,,South Zone,,,M-233,12.90514,77.59687
Mphasis,Hopcoms Park J.P Nagar,,South Zone,,,M-234,12.9051,77.59693
Exxon Mobil,Mini Forest Park,,South zone,,,EXM01,12.91356596,77.59861803
Exxon Mobil,Mini Forest Park,,South zone,,,EXM02,12.91336899,77.59864401
Exxon Mobil,Mini Forest Park,,South zone,,,EXM03,12.91317704,77.598614
Exxon Mobil,Mini Forest Park,,South zone,,,EXM04,12.91299901,77.59865097
Exxon Mobil,Mini Forest Park,,South zone,,,EXM05,12.91372899,77.598627
Exxon Mobil,Mini Forest Park,,South zone,,,EXM06,12.91413501,77.598555
Exxon Mobil,Mini Forest Park,,South zone,,,EXM07,12.91422101,77.59850697
Exxon Mobil,Mini Forest Park,,South zone,,,EXM08,12.91500396,77.59854804
Exxon Mobil,Mini Forest Park,,South zone,,,EXM09,12.91531501,77.59854603
Exxon Mobil,Mini Forest Park,,South zone,,,EXM10,12.91538199,77.59857704
Exxon Mobil,Mini Forest Park,,South zone,,,EXM11,12.91549397,77.59857603
Exxon Mobil,Mini Forest Park,,South zone,,,EXM12,12.91569103,77.59857402
Exxon Mobil,Mini Forest Park,,South zone,,,EXM13,12.91590099,77.59854896
Exxon Mobil,Mini Forest Park,,South zone,,,EXM14,12.91604902,77.598571
Exxon Mobil,Mini Forest Park,,South zone,,,EXM15,12.91615404,77.59860001
Mphasis,"Sindhoor Kalyana Mantapa opp Park, Part -1",,South Zone,,,M-109,12.90706596,77.57619602
Mphasis,"Sindhoor Kalyana Mantapa opp Park, Part -1",,South Zone,,,M-110,12.90698864,77.57608319
Mphasis,"Sindhoor Kalyana Mantapa opp Park, Part -1",,South Zone,,,M-111,12.90709069,77.57608449
Mphasis,"Sindhoor Kalyana Mantapa opp Park, Part -2",,South Zone,,,M-112,12.90724869,77.57664249
Mphasis,"Sindhoor Kalyana Mantapa opp Park, Part -2",,South Zone,,,M-113,12.9072411,77.57654907
Mphasis,"Sindhoor Kalyana Mantapa opp Park, Part -2",,South Zone,,,M-114,12.90731344,77.57653798
Mphasis,JP nagar 1st stage Park (keb line),,South Zone,,,M-115,12.90739829,77.57905094
Mphasis,JP nagar 1st stage Park (keb line),,South Zone,,,M-116,12.90745454,77.57913607
Mphasis,JP nagar 1st stage Park (keb line),,South Zone,,,M-117,12.90754556,77.57905347
NTT Data,Eco Park,,Mahadevapura Zone,,,ND1,13.01737198,77.69499198
NTT Data,Eco Park,,Mahadevapura Zone,,,ND2,13.01730702,77.694967
NTT Data,Eco Park,,Mahadevapura Zone,,,ND3,13.01704098,77.69479198
NTT Data,Eco Park,,Mahadevapura Zone,,,ND4,13.01644201,77.69478603
NTT Data,Eco Park,,Mahadevapura Zone,,,ND5,13.01647704,77.69477396
PWC,Hoodi Government School,,Yelahanka Zone,,,PWC107,12.99556302,77.718581
PWC,Hoodi Government School,,Yelahanka Zone,,,PWC108,12.99547455,77.71840146
PWC,Hoodi Government School,,Yelahanka Zone,,,PWC109,12.9956044,77.71840998
PWC,Hoodi Government School,,Yelahanka Zone,,,PWC110,12.99556897,77.71864596
Morgan Stanley,Near Indira Canteen Park(BWSSB),,Yelahanka Zone,,,MS96,12.99837155,77.76038517
Morgan Stanley,Near Indira Canteen Park(BWSSB),,Yelahanka Zone,,,MS97,12.99841812,77.76029166
Morgan Stanley,Near Indira Canteen Park(BWSSB),,Yelahanka Zone,,,MS98,12.99839129,77.76032355
Morgan Stanley,Near Indira Canteen Park(BWSSB),,Yelahanka Zone,,,MS99,12.99838519,77.76048747
ANZ Operations,Police Training School Campus,,Yelahanka Zone,,,ANZ10,13.07700704,77.62514499
ANZ Operations,Police Training School Campus,,Yelahanka Zone,,,ANZ11,13.07692599,77.62516502
ANZ Operations,Police Training School Campus,,Yelahanka Zone,,,ANZ12,13.07698902,77.62505497
ANZ Operations,Police Training School Campus,,Yelahanka Zone,,,ANZ13,13.07698788,77.62490934
ANZ Operations,Police Training School Campus,,Yelahanka Zone,,,ANZ14,13.07678802,77.62497903
ANZ Operations,Police Training School Campus,,Yelahanka Zone,,,ANZ16,13.07670998,77.62493301
ANZ Operations,Police Training School Campus,,Yelahanka Zone,,,ANZ20,13.07734399,77.62441903
ANZ Operations,Police Training School Campus,,Yelahanka Zone,,,ANZ22,13.077274,77.62429196
ANZ Operations,Police Training School Campus,,Yelahanka Zone,,,ANZ23,13.0773822,77.62427062
ANZ Operations,Police Training School Campus,,Yelahanka Zone,,,ANZ27,13.07683001,77.62579601
ANZ Operations,Police Training School Campus,,Yelahanka Zone,,,ANZ28,13.07692055,77.62580283
ANZ Operations,Police Training School Campus,,Yelahanka Zone,,,ANZ3,13.07714903,77.62562603
ANZ Operations,Police Training School Campus,,Yelahanka Zone,,,ANZ39,13.07618796,77.62633698
ANZ Operations,Police Training School Campus,,Yelahanka Zone,,,ANZ40,13.07605028,77.62624455
ANZ Operations,Police Training School Campus,,Yelahanka Zone,,,ANZ41,13.07615703,77.62673504
ANZ Operations,Police Training School Campus,,Yelahanka Zone,,,ANZ42,13.07613557,77.6268226
ANZ Operations,Police Training School Campus,,Yelahanka Zone,,,ANZ43,13.07597526,77.62685214
ANZ Operations,Police Training School Campus,,Yelahanka Zone,,,ANZ44,13.07601202,77.62690997
ANZ Operations,Police Training School Campus,,Yelahanka Zone,,,ANZ45,13.07574104,77.62687803
ANZ Operations,Police Training School Campus,,Yelahanka Zone,,,ANZ46,13.07575048,77.6268084
ANZ Operations,Police Training School Campus,,Yelahanka Zone,,,ANZ47,13.07571,77.62680104
ANZ Operations,Police Training School Campus,,Yelahanka Zone,,,ANZ48,13.07568898,77.62687602
ANZ Operations,Police Training School Campus,,Yelahanka Zone,,,ANZ6,13.07693797,77.62547297
ANZ Operations,Police Training School Campus,,Yelahanka Zone,,,ANZ7,13.07689598,77.62541698
ANZ Operations,Police Training School Campus,,Yelahanka Zone,,,ANZ4,13.07732203,77.62448299
ANZ Operations,Police Training School Campus,,Yelahanka Zone,,,ANZ5,13.07739828,77.62432385
ANZ Operations,Police Training School Campus,,Yelahanka Zone,,,ANZ17,13.07709002,77.62555
Broadcom,Aradhana School,,Bommanahalli Zone,,,B-157,12.88402,77.59213
Broadcom,Aradhana School,,Bommanahalli Zone,,,B-158,12.88443,77.59173
Broadcom,Aradhana School,,Bommanahalli Zone,,,B-159,12.88427,77.59207302
Broadcom,Royal Lake Front park,,Bommanahalli Zone,,,B-16,12.88919,77.57808
Broadcom,Nandini Booth Park,,Bommanahalli Zone,,,B-167,12.90511,77.53749
Broadcom,Aradhana School,,Bommanahalli Zone,,,B-168,12.88426,77.59231
Broadcom,Aradhana School,,Bommanahalli Zone,,,B-169,12.88397,77.59209
Broadcom,Royal Lake Front park,,Bommanahalli Zone,,,B-17,12.87002,77.57708
Broadcom,Aradhana School,,Bommanahalli Zone,,,B-170,12.88406,77.59213
Broadcom,Aradhana School,,Bommanahalli Zone,,,B-171,12.88398,77.59223
Broadcom,Aradhana School,,Bommanahalli Zone,,,B-172,12.88407,77.59228
Broadcom,Aradhana School,,Bommanahalli Zone,,,B-173,12.88403,77.59226
Broadcom,"CAR Headquarters, chamarajepete",,west zone,,,B100,12.96391396,77.56360003
Broadcom,"CAR Headquarters, chamarajepete",,west zone,,,B101,12.96396802,77.56353599
Broadcom,"CAR Headquarters, chamarajepete",,west zone,,,B102,12.964094,77.56340196
Broadcom,"CAR Headquarters, chamarajepete",,west zone,,,B103,12.96398898,77.56343499
Broadcom,"CAR Headquarters, chamarajepete",,west zone,,,B104,12.96393299,77.56341303
Broadcom,"CAR Headquarters, chamarajepete",,west zone,,,B105,12.96391304,77.56391804
Broadcom,"CAR Headquarters, chamarajepete",,west zone,,,B106,12.96392997,77.564012
Broadcom,"CAR Headquarters, chamarajepete",,west zone,,,B107,12.96315196,77.563624
Broadcom,"CAR Headquarters, chamarajepete",,west zone,,,B108,12.96325598,77.56419598
Broadcom,"CAR Headquarters, chamarajepete",,west zone,,,B109,12.96329303,77.56413999
Broadcom,Aradhana School,,Bommanahalli Zone,,,B-174,12.88399,77.59201
Broadcom,"CAR Headquarters, chamarajepete",,west zone,,,B110,12.96275198,77.56436102
Broadcom,"CAR Headquarters, chamarajepete",,west zone,,,B111,12.96276203,77.56426698
Broadcom,"CAR Headquarters, chamarajepete",,west zone,,,B112,12.96381002,77.56597001
Broadcom,"CAR Headquarters, chamarajepete",,west zone,,,B113,12.96384296,77.56595802
Broadcom,"CAR Headquarters, chamarajepete",,west zone,,,B114,12.96392603,77.566012
Broadcom,"CAR Headquarters, chamarajepete",,west zone,,,B115,12.96398101,77.56599499
Broadcom,"CAR Headquarters, chamarajepete",,west zone,,,B116,12.96403298,77.56594403
Broadcom,"CAR Headquarters, chamarajepete",,west zone,,,B117,12.96403198,77.56586499
Broadcom,"CAR Headquarters, chamarajepete",,west zone,,,B118,12.96400499,77.56548998
Visa,PTS Thanisandra,,Yelahanka Zone,,,V1,13.07517501,77.627922
Visa,PTS Thanisandra,,Yelahanka Zone,,,V2,13.07519403,77.627864
Visa,PTS Thanisandra,,Yelahanka Zone,,,V3,13.07522496,77.62766702
Visa,PTS Thanisandra,,Yelahanka Zone,,,V4,13.07522303,77.62762897
Visa,PTS Thanisandra,,Yelahanka Zone,,,V5,13.07527189,77.62759928
Visa,PTS Thanisandra,,Yelahanka Zone,,,V6,13.07530721,77.6275981
Visa,PTS Thanisandra,,Yelahanka Zone,,,V7,13.07556099,77.62712002
Visa,PTS Thanisandra,,Yelahanka Zone,,,V8,13.0755923,77.62696773
GE Oil and Gas,Armed Personnel Training School Campus,,Yelahanka Zone,,,BH10,13.124774,77.60418001
GE Oil and Gas,Armed Personnel Training School Campus,,Yelahanka Zone,,,BH12,13.12459001,77.60412896
GE Oil and Gas,Armed Personnel Training School Campus,,Yelahanka Zone,,,BH13,13.12448097,77.60421001
GE Oil and Gas,Armed Personnel Training School Campus,,Yelahanka Zone,,,BH14,13.12448265,77.60425727
GE Oil and Gas,Armed Personnel Training School Campus,,Yelahanka Zone,,,BH15,13.12459596,77.60429903
GE Oil and Gas,Armed Personnel Training School Campus,,Yelahanka Zone,,,BH16,13.12469797,77.60431697
GE Oil and Gas,Armed Personnel Training School Campus,,Yelahanka Zone,,,BH17,13.12460602,77.60434597
GE Oil and Gas,Armed Personnel Training School Campus,,Yelahanka Zone,,,BH19,13.12459999,77.60445301
GE Oil and Gas,Armed Personnel Training School Campus,,Yelahanka Zone,,,BH2,13.12484197,77.60500797
GE Oil and Gas,Armed Personnel Training School Campus,,Yelahanka Zone,,,BH20,13.124459,77.60449098
GE Oil and Gas,Armed Personnel Training School Campus,,Yelahanka Zone,,,BH21,13.12502202,77.604049
GE Oil and Gas,Armed Personnel Training School Campus,,Yelahanka Zone,,,BH22,13.12497298,77.60399904
GE Oil and Gas,Armed Personnel Training School Campus,,Yelahanka Zone,,,BH23,13.12489201,77.603963
GE Oil and Gas,Armed Personnel Training School Campus,,Yelahanka Zone,,,BH24,13.12494004,77.60380098
GE Oil and Gas,Armed Personnel Training School Campus,,Yelahanka Zone,,,BH25,13.12475002,77.60395998
GE Oil and Gas,Armed Personnel Training School Campus,,Yelahanka Zone,,,BH26,13.12522603,77.60414003
GE Oil and Gas,Armed Personnel Training School Campus,,Yelahanka Zone,,,BH27,13.12526501,77.60405797
GE Oil and Gas,Armed Personnel Training School Campus,,Yelahanka Zone,,,BH28,13.12532201,77.60408303
GE Oil and Gas,Armed Personnel Training School Campus,,Yelahanka Zone,,,BH29,13.12537104,77.60391296
GE Oil and Gas,Armed Personnel Training School Campus,,Yelahanka Zone,,,BH3,13.12506454,77.60492534
GE Oil and Gas,Armed Personnel Training School Campus,,Yelahanka Zone,,,BH31,13.12496896,77.60382302
GE Oil and Gas,Armed Personnel Training School Campus,,Yelahanka Zone,,,BH32,13.12474399,77.60374901
GE Oil and Gas,Armed Personnel Training School Campus,,Yelahanka Zone,,,BH33,13.12468699,77.60374297
GE Oil and Gas,Armed Personnel Training School Campus,,Yelahanka Zone,,,BH34,13.12469001,77.60380902
GE Oil and Gas,Armed Personnel Training School Campus,,Yelahanka Zone,,,BH35,13.12462103,77.60380601
GE Oil and Gas,Armed Personnel Training School Campus,,Yelahanka Zone,,,BH36,13.12451801,77.603676
GE Oil and Gas,Armed Personnel Training School Campus,,Yelahanka Zone,,,BH37,13.12445398,77.60381296
GE Oil and Gas,Armed Personnel Training School Campus,,Yelahanka Zone,,,BH38,13.12420797,77.60413902
GE Oil and Gas,Armed Personnel Training School Campus,,Yelahanka Zone,,,BH39,13.12416203,77.60412804
GE Oil and Gas,Armed Personnel Training School Campus,,Yelahanka Zone,,,BH4,13.1250826,77.60476427
GE Oil and Gas,Armed Personnel Training School Campus,,Yelahanka Zone,,,BH40,13.12416396,77.60424899
GE Oil and Gas,Armed Personnel Training School Campus,,Yelahanka Zone,,,BH42,13.1240137,77.60447842
GE Oil and Gas,Armed Personnel Training School Campus,,Yelahanka Zone,,,BH5,13.12523299,77.60457697
GE Oil and Gas,Armed Personnel Training School Campus,,Yelahanka Zone,,,BH52,13.12272303,77.60347903
GE Oil and Gas,Armed Personnel Training School Campus,,Yelahanka Zone,,,BH53,13.122631,77.60349101
GE Oil and Gas,Armed Personnel Training School Campus,,Yelahanka Zone,,,BH54,13.1225062,77.60352251
GE Oil and Gas,Armed Personnel Training School Campus,,Yelahanka Zone,,,BH55,13.12246761,77.60361261
GE Oil and Gas,Armed Personnel Training School Campus,,Yelahanka Zone,,,BH56,13.12241472,77.60376152
GE Oil and Gas,Armed Personnel Training School Campus,,Yelahanka Zone,,,BH57,13.12233183,77.60396104
GE Oil and Gas,Armed Personnel Training School Campus,,Yelahanka Zone,,,BH58,13.12213402,77.60443264
GE Oil and Gas,Armed Personnel Training School Campus,,Yelahanka Zone,,,BH6,13.12529401,77.60446399
GE Oil and Gas,Armed Personnel Training School Campus,,Yelahanka Zone,,,BH7,13.12518303,77.60434597
GE Oil and Gas,Armed Personnel Training School Campus,,Yelahanka Zone,,,BH8,13.12512101,77.60431898
GE Oil and Gas,Armed Personnel Training School Campus,,Yelahanka Zone,,,BH9,13.12482697,77.60422301
GE Oil and Gas,Armed Personnel Training School Campus,,Yelahanka Zone,,,BH41,13.12463804,77.604164
GE Oil and Gas,Armed Personnel Training School Campus,,Yelahanka Zone,,,BH30,13.12408256,77.60431317
GE Oil and Gas,Armed Personnel Training School Campus,,Yelahanka Zone,,,BH43,13.12386104,77.60445301
GE Oil and Gas,Armed Personnel Training School Campus,,Yelahanka Zone,,,BH1,13.12488799,77.60512196
GE Oil and Gas,Armed Personnel Training School Campus,,Yelahanka Zone,,,BH2,13.12483703,77.60500596
GE Oil and Gas,Armed Personnel Training School Campus,,Yelahanka Zone,,,BH44,13.12397696,77.603849
GE Oil and Gas,Armed Personnel Training School Campus,,Yelahanka Zone,,,BH45,13.12371796,77.60376401
GE Oil and Gas,Armed Personnel Training School Campus,,Yelahanka Zone,,,BH46,13.12354303,77.60370299
GE Oil and Gas,Armed Personnel Training School Campus,,Yelahanka Zone,,,BH47,13.12342099,77.60372596
GE Oil and Gas,Armed Personnel Training School Campus,,Yelahanka Zone,,,BH48,13.12331798,77.60369897
GE Oil and Gas,Armed Personnel Training School Campus,,Yelahanka Zone,,,BH49,13.12322603,77.603675
GE Oil and Gas,Armed Personnel Training School Campus,,Yelahanka Zone,,,BH50,13.12276603,77.60351004
GE Oil and Gas,Armed Personnel Training School Campus,,Yelahanka Zone,,,BH51,13.12266704,77.60354097
Broadcom,BWSSB Nayadahalli,,RR Nagar Zone,,,B119,12.93719497,77.52250599
Broadcom,Aradhana School,,Bommanahalli Zone,,,B-175,12.88404,77.59186
Broadcom,Nandini Booth Park,,Bommanahalli Zone,,,B-179,12.90497,77.53788
Broadcom,BWSSB Nayadahalli,,RR Nagar Zone,,,B120,12.93706102,77.52246701
Broadcom,Royal Lake Front park,,Bommanahalli Zone,,,B-18,12.88873,77.5781
Broadcom,"CAR Headquarters, chamarajepete",,west zone,,,B121,12.96130098,77.55840803
Broadcom,Nandini Booth Park,,Bommanahalli Zone,,,B-188,12.90561,77.53757
Broadcom,"CAR Headquarters, chamarajepete",,west zone,,,B122,12.96361799,77.56155401
Broadcom,Nandini Booth Park,,Bommanahalli Zone,,,B-189,12.90577,77.53751
Broadcom,Royal Lake Front park,,Bommanahalli Zone,,,B-19,12.87032,77.57716
Broadcom,"CAR Headquarters, chamarajepete",,west zone,,,B124,12.962612,77.56078103
Broadcom,Poornapragna park no 15,,Bommanahalli Zone,,,B-195,12.90267896,77.53678498
Broadcom,"CAR Headquarters, chamarajepete",,west zone,,,B125,12.962656,77.56077298
Broadcom,Poornapragna park no 15,,Bommanahalli Zone,,,B-196,12.90264602,77.53683301
Broadcom,Poornapragna park no 15,,Bommanahalli Zone,,,B-197,12.90260696,77.536746
Broadcom,"CAR Headquarters, chamarajepete",,west zone,,,B127,12.96271803,77.56082998
Broadcom,Poornaprajna flower park (Uttarahalli Depo park),,Bommanahalli Zone,,,B-208,12.91105,77.53535
Broadcom,"CAR Headquarters, chamarajepete",,west zone,,,B128,12.962771,77.56093601
Broadcom,Royal Lake Front park,,Bommanahalli Zone,,,B-21,12.87041,77.57742
Broadcom,"CAR Headquarters, chamarajepete",,west zone,,,B129,12.96277,77.56104296
Broadcom,Prema Sadana,,Bommanahalli Zone,,,B-215,12.84609,77.60003
Broadcom,Prema Sadana,,Bommanahalli Zone,,,B-216,12.8461,77.60013
Broadcom,"CAR Headquarters, chamarajepete",,west zone,,,B130,12.96278098,77.56109199
Broadcom,Prema Sadana,,Bommanahalli Zone,,,B-217,12.84605,77.60011
Broadcom,"CAR Headquarters, chamarajepete",,west zone,,,B131,12.96278601,77.56119501
PWC,Police Driving and Maintenance School,,Yelahanka Zone,,,PWC26,13.12408601,77.60612503
PWC,Police Driving and Maintenance School,,Yelahanka Zone,,,PWC45,13.12536098,77.60785203
PWC,Police Driving and Maintenance School,,Yelahanka Zone,,,PWC48,13.12536098,77.60751399
PWC,Police Driving and Maintenance School,,Yelahanka Zone,,,PWC50,13.12545997,77.60730403
PWC,Police Driving and Maintenance School,,Yelahanka Zone,,,PWC51,13.12544304,77.60718098
PWC,Police Driving and Maintenance School,,Yelahanka Zone,,,PWC26,13.12502998,77.608493
PWC,Police Driving and Maintenance School,,Yelahanka Zone,,,PWC32,13.12516199,77.60840298
PWC,Police Driving and Maintenance School,,Yelahanka Zone,,,PWC35,13.12522704,77.60825898
PWC,Police Driving and Maintenance School,,Yelahanka Zone,,,PWC38,13.12529996,77.60802998
PWC,Police Driving and Maintenance School,,Yelahanka Zone,,,PWC40,13.12527398,77.60791004
PWC,Police Driving and Maintenance School,,Yelahanka Zone,,,PWC41,13.12530901,77.60771901
PWC,Police Driving and Maintenance School,,Yelahanka Zone,,,PWC42,13.12539099,77.60741098
PWC,Police Driving and Maintenance School,,Yelahanka Zone,,,PWC1,13.12438097,77.60703597
PWC,Police Driving and Maintenance School,,Yelahanka Zone,,,PWC10,13.12412297,77.60712901
PWC,Police Driving and Maintenance School,,Yelahanka Zone,,,PWC11,13.1242,77.60717
PWC,Police Driving and Maintenance School,,Yelahanka Zone,,,PWC12,13.12425801,77.607069
PWC,Police Driving and Maintenance School,,Yelahanka Zone,,,PWC13,13.12437502,77.60723999
PWC,Police Driving and Maintenance School,,Yelahanka Zone,,,PWC14,13.12429103,77.60727
PWC,Police Driving and Maintenance School,,Yelahanka Zone,,,PWC15,13.12434099,77.60738298
PWC,Police Driving and Maintenance School,,Yelahanka Zone,,,PWC16,13.12395802,77.60732196
PWC,Police Driving and Maintenance School,,Yelahanka Zone,,,PWC17,13.12377102,77.60734501
PWC,Police Driving and Maintenance School,,Yelahanka Zone,,,PWC18,13.12360799,77.60719699
PWC,Police Driving and Maintenance School,,Yelahanka Zone,,,PWC19,13.12394402,77.60756001
PWC,Police Driving and Maintenance School,,Yelahanka Zone,,,PWC20,13.123811,77.607487
PWC,Police Driving and Maintenance School,,Yelahanka Zone,,,PWC21,13.12361101,77.60746504
PWC,Police Driving and Maintenance School,,Yelahanka Zone,,,PWC22,13.12347304,77.607487
PWC,Police Driving and Maintenance School,,Yelahanka Zone,,,PWC23,13.12473502,77.60594197
PWC,Police Driving and Maintenance School,,Yelahanka Zone,,,PWC24,13.12448097,77.60605303
PWC,Police Driving and Maintenance School,,Yelahanka Zone,,,PWC25,13.12435096,77.60605504
PWC,Police Driving and Maintenance School,,Yelahanka Zone,,,PWC27,13.12404997,77.606134
PWC,Police Driving and Maintenance School,,Yelahanka Zone,,,PWC28,13.12388602,77.60606702
PWC,Police Driving and Maintenance School,,Yelahanka Zone,,,PWC29,13.12410303,77.605876
PWC,Police Driving and Maintenance School,,Yelahanka Zone,,,PWC3,13.12414502,77.60695098
PWC,Police Driving and Maintenance School,,Yelahanka Zone,,,PWC30,13.12412197,77.605933
PWC,Police Driving and Maintenance School,,Yelahanka Zone,,,PWC31,13.12422196,77.60594498
PWC,Police Driving and Maintenance School,,Yelahanka Zone,,,PWC33,13.12400697,77.60556998
PWC,Police Driving and Maintenance School,,Yelahanka Zone,,,PWC34,13.12415198,77.605631
PWC,Police Driving and Maintenance School,,Yelahanka Zone,,,PWC36,13.124156,77.60735197
PWC,Police Driving and Maintenance School,,Yelahanka Zone,,,PWC37,13.12410696,77.60738399
PWC,Police Driving and Maintenance School,,Yelahanka Zone,,,PWC39,13.12426203,77.60564298
PWC,Police Driving and Maintenance School,,Yelahanka Zone,,,PWC4,13.12359902,77.60693396
PWC,Police Driving and Maintenance School,,Yelahanka Zone,,,PWC5,13.123638,77.60701099
PWC,Police Driving and Maintenance School,,Yelahanka Zone,,,PWC6,13.12374604,77.60704603
PWC,Police Driving and Maintenance School,,Yelahanka Zone,,,PWC7,13.123868,77.60706103
PWC,Police Driving and Maintenance School,,Yelahanka Zone,,,PWC8,13.12393304,77.60702499
PWC,Police Driving and Maintenance School,,Yelahanka Zone,,,PWC9,13.12403102,77.60703103
PWC,Police Driving and Maintenance School,,Yelahanka Zone,,,PWC43,13.12310902,77.60358699
Mphasis,Vishranthi Vana ( Dr. Vishnuvrdhan Park),,South Zone,,,M-118,12.92489293,77.59514262
Mphasis,Vishranthi Vana ( Dr. Vishnuvrdhan Park),,South Zone,,,M-119,12.92485414,77.59465796
Mphasis,Vishranthi Vana ( Dr. Vishnuvrdhan Park),,South Zone,,,M-120,12.92531798,77.59465297
Mphasis,Vishranthi Vana ( Dr. Vishnuvrdhan Park),,South Zone,,,M-121,12.92531303,77.59518698
Mphasis,Ashram park,,Bommanahalli Zone,,,M-76,12.86804804,77.586777
Mphasis,Ashram park,,Bommanahalli Zone,,,M-77,12.86825398,77.58682896
Mphasis,Ashram park,,Bommanahalli Zone,,,M-78,12.86829304,77.58698001
Mphasis,Ashram park,,Bommanahalli Zone,,,M-79,12.86861398,77.58723004
Mphasis,Ashram park,,Bommanahalli Zone,,,M-80,12.86787604,77.58720598
Mphasis,Ashram park,,Bommanahalli Zone,,,M-81,12.86785299,77.58714899
Mphasis,Ashram park,,Bommanahalli Zone,,,M-82,12.86803303,77.58682997
Mphasis,Ashram park,,Bommanahalli Zone,,,M-83,12.86793002,77.586835
Mphasis,Ashram park,,Bommanahalli Zone,,,M-84,12.86791602,77.58672796
Mphasis,Ayyappa temple back side park,,Bommanahalli Zone,,,M-01,12.89155,77.60549
Mphasis,Ayyappa temple back side park,,Bommanahalli Zone,,,M-02,12.89172,77.60554
Mphasis,Ayyappa temple back side park,,Bommanahalli Zone,,,M-03,12.89165,77.60494
Mphasis,Ayyappa temple back side park,,Bommanahalli Zone,,,M-04,12.89161,77.6049
Mphasis,Ayyappa temple back side park,,Bommanahalli Zone,,,M-05,12.89164,77.60546
Mphasis,Ayyappa temple back side park,,Bommanahalli Zone,,,M-06,12.89171,77.60568
Mphasis,Ayyappa temple back side park,,Bommanahalli Zone,,,M-07,12.89177,77.60575
Mphasis,Ayyappa temple back side park,,Bommanahalli Zone,,,M-08,12.89169,77.60563
Mphasis,Ayyappa temple back side park,,Bommanahalli Zone,,,M-09,12.89172,77.60491
Mphasis,Ayyappa Temple Park 1,,Bommanahalli Zone,,,M-10,12.89178,77.60783
Mphasis,Ayyappa Temple Park 1,,Bommanahalli Zone,,,M-11,12.89192,77.6078
Mphasis,Ayyappa Temple Park 1,,Bommanahalli Zone,,,M-12,12.89187,77.60766
Mphasis,Ayyappa Temple Park 1,,Bommanahalli Zone,,,M-13,12.8917,77.60812
Mphasis,Ayyappa Temple Park 1,,Bommanahalli Zone,,,M-14,12.89215,77.60847
Mphasis,Ayyappa Temple Park 1,,Bommanahalli Zone,,,M-15,12.89189,77.60856
Mphasis,Ayyappa Temple Park 1,,Bommanahalli Zone,,,M-16,12.89202,77.60875
Mphasis,Ayyappa Temple Park 1,,Bommanahalli Zone,,,M-17,12.89205,77.60895
Mphasis,Ayyappa Temple Park 1,,Bommanahalli Zone,,,M-18,12.89221,77.60872
Broadcom,Prema Sadana,,Bommanahalli Zone,,,B-218,12.8459,77.60006
Broadcom,Prema Sadana,,Bommanahalli Zone,,,B-219,12.84579,77.60004
Broadcom,"CAR Headquarters, chamarajepete",,west zone,,,B132,12.96279699,77.56131697
Broadcom,Royal Lake Front park,,Bommanahalli Zone,,,B-22,12.87058,77.57739
Broadcom,"CAR Headquarters, chamarajepete",,west zone,,,B134,12.96291701,77.56080802
Broadcom,Prema Sadana,,Bommanahalli Zone,,,B-220,12.84567,77.59995
Broadcom,"CAR Headquarters, chamarajepete",,west zone,,,B135,12.96295901,77.56084599
Broadcom,Prema Sadana,,Bommanahalli Zone,,,B-221,12.84555,77.60002
Broadcom,"CAR Headquarters, chamarajepete",,west zone,,,B136,12.96303696,77.56083098
Broadcom,Prema Sadana,,Bommanahalli Zone,,,B-222,12.84545,77.59997
Broadcom,"CAR Headquarters, chamarajepete",,west zone,,,B138,12.96293696,77.56062303
Broadcom,"CAR Headquarters, chamarajepete",,west zone,,,B139,12.9629,77.56067399
Broadcom,Prema Sadana,,Bommanahalli Zone,,,B-223,12.84536,77.59986
Broadcom,"CAR Headquarters, chamarajepete",,west zone,,,B140,12.96284602,77.560647
Broadcom,Prema Sadana,,Bommanahalli Zone,,,B-224,12.84504,77.59987
Broadcom,"CAR Headquarters, chamarajepete",,west zone,,,B142,12.96286102,77.56059696
Broadcom,Prema Sadana,,Bommanahalli Zone,,,B-227,12.8449,77.59972
Broadcom,"CAR Headquarters, chamarajepete",,west zone,,,B143,12.96363903,77.56142702
Broadcom,"CAR Headquarters, chamarajepete",,west zone,,,B144,12.96306504,77.561611
Broadcom,Prema Sadana,,Bommanahalli Zone,,,B-228,12.84467,77.59924
Broadcom,"CAR Headquarters, chamarajepete",,west zone,,,B145,12.96303403,77.56186699
Broadcom,Prema Sadana,,Bommanahalli Zone,,,B-230,12.84504,77.59938
Broadcom,"CAR Headquarters, chamarajepete",,west zone,,,B146,12.96293898,77.56191703
Broadcom,"CAR Headquarters, chamarajepete",,west zone,,,B147,12.96346201,77.56168602
Broadcom,Prema Sadana,,Bommanahalli Zone,,,B-231,12.8452,77.59944
Broadcom,"CAR Headquarters, chamarajepete",,west zone,,,B148,12.96344801,77.56166901
Broadcom,Prema Sadana,,Bommanahalli Zone,,,B-232,12.84514,77.59951
Broadcom,"CAR Headquarters, chamarajepete",,west zone,,,B151,12.963863,77.562401
Broadcom,"CAR Headquarters, chamarajepete",,west zone,,,B152,12.963921,77.56249001
Broadcom,"CAR Headquarters, chamarajepete",,west zone,,,B154,12.96417003,77.56256696
Broadcom,"CAR Headquarters, chamarajepete",,west zone,,,B155,12.96418997,77.562487
Broadcom,"CAR Headquarters, chamarajepete",,west zone,,,B156,12.96437496,77.56246604
Broadcom,"CAR Headquarters, chamarajepete",,west zone,,,B157,12.96438402,77.56240502
Broadcom,Prema Sadana,,Bommanahalli Zone,,,B-233,12.84516,77.59964
Broadcom,"CAR Headquarters, chamarajepete",,west zone,,,B166,12.96412501,77.56271297
Mphasis,Hopcoms Park J.P Nagar,,South Zone,,,M-235,12.9051,77.59705
Mphasis,Kadamba Park,,South zone,,,M-236,12.93843599,77.61116901
Mphasis,Kadamba Park,,South zone,,,M-237,12.93857404,77.61141401
Mphasis,Kadamba Park,,South zone,,,M-238,12.93820901,77.61114101
Mphasis,Kadamba Park,,South zone,,,M-239,12.93812896,77.61127001
Mphasis,Kadamba Park,,South zone,,,M-240,12.93809502,77.61135299
Mphasis,Kadamba Park,,South zone,,,M-241,12.93822804,77.61166597
Mphasis,Kadamba Park,,South zone,,,M-242,12.93860103,77.61175599
Mphasis,Kadamba Park,,South zone,,,M-243,12.93817498,77.611887
Mphasis,Kadamba Park,,South zone,,,M-244,12.93840598,77.61198297
Mphasis,Kadamba Park,,South zone,,,M-245,12.93842803,77.61211096
Mphasis,Kadamba Park,,South zone,,,M-246,12.93863699,77.61196202
Mphasis,Kadamba Park,,South zone,,,M-247,12.93880697,77.61187602
Mphasis,Kadamba Park,,South zone,,,M-248,12.93893597,77.61202304
Mphasis,Kadamba Park,,South zone,,,M-249,12.938811,77.61208104
Mphasis,Kadamba Park,,South zone,,,M-250,12.93910604,77.61217701
Mphasis,Kadamba Park,,South zone,,,M-251,12.93919296,77.612289
Mphasis,Kadamba Park,,South zone,,,M-252,12.93920101,77.61204299
Mphasis,Kadamba Park,,South zone,,,M-253,12.93848997,77.61205497
Mphasis,Kadamba Park,,South zone,,,M-254,12.93944299,77.61210199
Mphasis,Kadamba Park,,South zone,,,M-255,12.93909598,77.61192497
Mphasis,Kadamba Park,,South zone,,,M-256,12.938912,77.61180301
Mphasis,Kadamba Park,,South zone,,,M-257,12.938927,77.61166404
Mphasis,Kadamba Park,,South zone,,,M-258,12.93884503,77.61172699
Mphasis,Kadamba Park,,South zone,,,M-259,12.93931601,77.61199697
Mphasis,Kadamba Park,,South zone,,,M-260,12.93891703,77.61139004
Mphasis,Kadamba Park,,South zone,,,M-261,12.93877102,77.61149699
Mphasis,Kiru Vruksha vana,,South zone,,,M-262,12.90527,77.59379
Mphasis,Koramangala Post Office Ground,,South zone,,,M-263,12.92717,77.62731
Broadcom,Prema Sadana,,Bommanahalli Zone,,,B-234,12.84527,77.5996
Broadcom,"CAR Headquarters, chamarajepete",,west zone,,,B173,12.96455098,77.56216999
Broadcom,"CAR Headquarters, chamarajepete",,west zone,,,B174,12.96461301,77.56206396
Broadcom,"CAR Headquarters, chamarajepete",,west zone,,,B175,12.96455098,77.561956
Broadcom,"CAR Headquarters, chamarajepete",,west zone,,,B176,12.96454998,77.56194997
Broadcom,"CAR Headquarters, chamarajepete",,west zone,,,B177,12.96448996,77.56195701
Broadcom,"CAR Headquarters, chamarajepete",,west zone,,,B178,12.96444604,77.561884
Broadcom,"CAR Headquarters, chamarajepete",,west zone,,,B179,12.96369502,77.56139802
Broadcom,Prema Sadana,,Bommanahalli Zone,,,B-235,12.84536,77.59952
Broadcom,Prema Sadana,,Bommanahalli Zone,,,B-236,12.84531,77.59979
Broadcom,Prema Sadana,,Bommanahalli Zone,,,B-237,12.84543,77.59976
Broadcom,Prema Sadana,,Bommanahalli Zone,,,B-238,12.84543,77.59964
Broadcom,Prema Sadana,,Bommanahalli Zone,,,B-239,12.84554,77.59977
Broadcom,Prema Sadana,,Bommanahalli Zone,,,B-240,12.84563,77.59986
Broadcom,Prema Sadana,,Bommanahalli Zone,,,B-241,12.84575,77.59988
Broadcom,Prema Sadana,,Bommanahalli Zone,,,B-242,12.8458,77.59976
Broadcom,Prema Sadana,,Bommanahalli Zone,,,B-243,12.84588,77.59986
Broadcom,Prema Sadana,,Bommanahalli Zone,,,B-244,12.84597,77.59977
Broadcom,Prema Sadana,,Bommanahalli Zone,,,B-245,12.84601,77.59978
Broadcom,Prema Sadana,,Bommanahalli Zone,,,B-246,12.84608,77.59973
Broadcom,Prema Sadana,,Bommanahalli Zone,,,B-247,12.84615,77.59986
Broadcom,Prema Sadana,,Bommanahalli Zone,,,B-248,12.84632,77.59985
Broadcom,Prema Sadana,,Bommanahalli Zone,,,B-249,12.8462,77.59969
Broadcom,Royal Lake Front park,,Bommanahalli Zone,,,B-25,12.87004,77.57731
Broadcom,Prema Sadana,,Bommanahalli Zone,,,B-250,12.8459,77.60032
Broadcom,Prema Sadana,,Bommanahalli Zone,,,B-251,12.84585,77.60042
Mphasis,Ayyappa Temple Park 1,,Bommanahalli Zone,,,M-19,12.89228,77.60908
Mphasis,Ayyappa Temple Park 1,,Bommanahalli Zone,,,M-20,12.89228,77.6093
Mphasis,Ayyappa Temple Park 1,,Bommanahalli Zone,,,M-21,12.89221,77.60945
Mphasis,Ayyappa Temple Park 1,,Bommanahalli Zone,,,M-22,12.89238,77.60964
Mphasis,Ayyappa Temple Park 1,,Bommanahalli Zone,,,M-23,12.89256,77.60925
Mphasis,Ayyappa Temple Park 1,,Bommanahalli Zone,,,M-24,12.89251,77.6091
Mphasis,Ayyappa Temple Park 1,,Bommanahalli Zone,,,M-25,12.89214,77.60903
Mphasis,Ayyappa Temple Park 1,,Bommanahalli Zone,,,M-26,12.89201,77.60866
Mphasis,Ayyappa Temple Park 1,,Bommanahalli Zone,,,M-27,12.89216,77.60863
Mphasis,Ayyappa Temple Park 1,,Bommanahalli Zone,,,M-28,12.89212,77.60858
Mphasis,Ayyappa Temple Park 1,,Bommanahalli Zone,,,M-29,12.89201,77.60817
Mphasis,Koramangala Post Office Ground,,South zone,,,M-264,12.92769,77.62788
Mphasis,Koramangala Post Office Ground,,South zone,,,M-265,12.92721,77.6274
Mphasis,Koramangala Post Office Ground,,South zone,,,M-266,12.92795,77.62687
Mphasis,Koramangala Post Office Ground,,South zone,,,M-267,12.92777,77.62784
Mphasis,Koramangala Post Office Ground,,South zone,,,M-268,12.92777,77.62791
Mphasis,Koramangala Post Office Ground,,South zone,,,M-269,12.92775,77.62793
Mphasis,KSRP 9th Battalion,,Bommanahalli Zone,,,M-122,12.88612403,77.670428
Mphasis,KSRP 9th Battalion,,Bommanahalli Zone,,,M-123,12.88616285,77.6705091
Mphasis,KSRP 9th Battalion,,Bommanahalli Zone,,,M-124,12.89239503,77.669491
Mphasis,KSRP 9th Battalion,,Bommanahalli Zone,,,M-125,12.89216302,77.67021
Mphasis,KSRP 9th Battalion,,Bommanahalli Zone,,,M-126,12.89346004,77.669775
Morgan Stanley,BCMC Layout Park,,RR Nagar Zone,,,MS191,12.88016198,77.54902901
Morgan Stanley,BCMC Layout Park,,RR Nagar Zone,,,MS192,12.88009099,77.54876104
Morgan Stanley,BCMC Layout Park,,RR Nagar Zone,,,MS193,12.88009408,77.54853412
Morgan Stanley,BCMC Layout Park,,RR Nagar Zone,,,MS194,12.88042098,77.54861503
Morgan Stanley,BCMC Layout Park,,RR Nagar Zone,,,MS195,12.88023901,77.54877697
Morgan Stanley,BCMC Layout Park 2,,RR Nagar Zone,,,MS182,12.87590599,77.54887202
Morgan Stanley,BCMC Layout Park 2,,RR Nagar Zone,,,MS183,12.875994,77.548927
Morgan Stanley,BCMC Layout Park 2,,RR Nagar Zone,,,MS184,12.87590398,77.54902499
Morgan Stanley,BCMC Layout Park 2,,RR Nagar Zone,,,MS185,12.87588897,77.54902197
Morgan Stanley,BCMC Layout Park 3,,RR Nagar Zone,,,MS186,12.87581303,77.54855099
Morgan Stanley,BCMC Layout Park 3,,RR Nagar Zone,,,MS187,12.87569996,77.54851998
Morgan Stanley,BCMC Layout Park 3,,RR Nagar Zone,,,MS188,12.87574103,77.54848301
Morgan Stanley,BCMC Layout Park 3,,RR Nagar Zone,,,MS190,12.87591999,77.54815503
Morgan Stanley,BCMC Layout Park 3,,RR Nagar Zone,,,MS189,12.87585201,77.54844102
Informatica,Swamy Vivekananda Park,,RR Nagar Zone,,,INFORMATICA-31,12.92094103,77.51874503
Informatica,Swamy Vivekananda Park,,RR Nagar Zone,,,INFORMATICA-32,12.92092804,77.518783
Informatica,Swamy Vivekananda Park,,RR Nagar Zone,,,INFORMATICA-33,12.921151,77.518783
Informatica,Swamy Vivekananda Park,,RR Nagar Zone,,,INFORMATICA-34,12.92117304,77.51877101
Informatica,Swamy Vivekananda Park,,RR Nagar Zone,,,INFORMATICA-35,12.92135904,77.51881996
Informatica,Swamy Vivekananda Park,,RR Nagar Zone,,,INFORMATICA-36,12.92137697,77.51879297
Informatica,Swamy Vivekananda Park,,RR Nagar Zone,,,INFORMATICA-37,12.92138804,77.519086
Informatica,Swamy Vivekananda Park,,RR Nagar Zone,,,INFORMATICA-38,12.92132501,77.51913303
Informatica,Swamy Vivekananda Park,,RR Nagar Zone,,,INFORMATICA-39,12.921093,77.51909397
Mphasis,Park opposite to RR Nagar Zonal office,,RR Nagar Zone,,,M-127,12.92891398,77.51649097
Informatica,RR Layout 1st main park,,RR Nagar Zone,,,INFORMATICA-40,12.94008102,77.49387601
Informatica,RR Layout 1st main park,,RR Nagar Zone,,,INFORMATICA-41,12.94001699,77.493846
Informatica,RR Layout 1st main park,,RR Nagar Zone,,,INFORMATICA-42,12.93997399,77.49383301
Informatica,Basaveshwara Park,,RR Nagar Zone,,,INFORMATICA-43,12.94066197,77.49107704
Informatica,Basaveshwara Park,,RR Nagar Zone,,,INFORMATICA-44,12.94078767,77.49103968
Informatica,Basaveshwara Park,,RR Nagar Zone,,,INFORMATICA-45,12.94057008,77.4910073
Informatica,Basaveshwara Park,,RR Nagar Zone,,,INFORMATICA-46,12.94035402,77.49096799
Informatica,Sri Chowdeshwari temple park,,RR Nagar Zone,,,INFORMATICA-47,12.94303497,77.48664402
Informatica,Sri Chowdeshwari temple park,,RR Nagar Zone,,,INFORMATICA-48,12.94294276,77.48657476
Informatica,Loka Seva Park,,RR Nagar Zone,,,INFORMATICA-49,12.94504001,77.486527
Informatica,Loka Seva Park,,RR Nagar Zone,,,INFORMATICA-50,12.94489701,77.48646196
Informatica,Loka Seva Park,,RR Nagar Zone,,,INFORMATICA-51,12.944967,77.48620103
Informatica,Loka Seva Park,,RR Nagar Zone,,,INFORMATICA-52,12.94514696,77.48637403
Informatica,Jnanabharathi 4th Block park,,RR Nagar Zone,,,INFORMATICA-53,12.93684603,77.48660697
Informatica,Jnanabharathi 4th Block park,,RR Nagar Zone,,,INFORMATICA-54,12.93666003,77.48657101
Informatica,Jnanabharathi 4th Block park,,RR Nagar Zone,,,INFORMATICA-55,12.93657714,77.48657388
Informatica,Jnanabharathi 4th Block park,,RR Nagar Zone,,,INFORMATICA-56,12.936855,77.48679103
Morgan Stanley,Railway Layout Park,,RR Nagar Zone,,,MS01,12.95917299,77.48607799
Morgan Stanley,Railway Layout Park,,RR Nagar Zone,,,MS02,12.95851702,77.48589903
Morgan Stanley,Railway Layout Park,,RR Nagar Zone,,,MS03,12.95825,77.48585
Morgan Stanley,Railway Layout Park,,RR Nagar Zone,,,MS04,12.95806,77.48577
Morgan Stanley,Railway Layout Park,,RR Nagar Zone,,,MS05,12.95809,77.48552
Morgan Stanley,Railway Layout Park,,RR Nagar Zone,,,MS06,12.95845,77.48549
Morgan Stanley,Railway Layout Park,,RR Nagar Zone,,,MS07,12.95870201,77.48556099
Morgan Stanley,Railway Layout Park,,RR Nagar Zone,,,MS08,12.95885397,77.48561698
Morgan Stanley,Railway Layout Park,,RR Nagar Zone,,,MS09,12.95903301,77.48568898
Morgan Stanley,Railway Layout Park,,RR Nagar Zone,,,MS10,12.95920601,77.48567297
Morgan Stanley,Railway Layout Park,,RR Nagar Zone,,,MS11,12.95940701,77.48576601
Morgan Stanley,Railway Layout Park,,RR Nagar Zone,,,MS12,12.95940902,77.48589702
Morgan Stanley,Railway Layout Park,,RR Nagar Zone,,,MS13,12.95935596,77.48612803
Morgan Stanley,Railway Layout Park,,RR Nagar Zone,,,MS18,12.95916603,77.48579803
Morgan Stanley,Railway Layout Park,,RR Nagar Zone,,,MS16,12.95867703,77.48579099
Morgan Stanley,Railway Layout Park,,RR Nagar Zone,,,MS14,12.95887702,77.48595301
Morgan Stanley,Railway Layout Park,,RR Nagar Zone,,,MS15,12.95862598,77.48570097
Morgan Stanley,Railway Layout Park,,RR Nagar Zone,,,MS19,12.95837201,77.48584799
Morgan Stanley,Railway Layout Park,,RR Nagar Zone,,,MS17,12.958427,77.48563299
Morgan Stanley,Bharathnagar Public Park,,RR Nagar Zone,,,MS61,12.98146,77.48324
Morgan Stanley,Bharathnagar Public Park,,RR Nagar Zone,,,MS62,12.9808,77.48309
Morgan Stanley,Bharathnagar Public Park,,RR Nagar Zone,,,MS64,12.98081,77.48283
Morgan Stanley,Bharathnagar Public Park,,RR Nagar Zone,,,MS65,12.98081,77.48279
Morgan Stanley,Bharathnagar Public Park,,RR Nagar Zone,,,MS66,12.9812,77.48286
Morgan Stanley,Bharathnagar Public Park,,RR Nagar Zone,,,MS63,12.9815,77.48295
Fidelity,Triangle park 1,,East zone,,,FE-61,13.00091,77.66146
Fidelity,Triangle park 1,,East zone,,,FE-62,13.00094,77.66148
Informatica,GKW Park (Rajgopalnagar),,Dasarahalli Zone,,,I-01,13.00993,77.51371
Informatica,GKW Park (Rajgopalnagar),,Dasarahalli Zone,,,I-02,13.00993,77.51383
Informatica,GKW Park (Rajgopalnagar),,Dasarahalli Zone,,,I-03,13.0098,77.51382
Informatica,GKW Park (Rajgopalnagar),,Dasarahalli Zone,,,I-04,13.00975,77.51397
Informatica,GKW Park (Rajgopalnagar),,Dasarahalli Zone,,,I-05,13.00976,77.51408
Informatica,GKW Park (Rajgopalnagar),,Dasarahalli Zone,,,I-06,13.00982,77.51417
Informatica,GKW Park (Rajgopalnagar),,Dasarahalli Zone,,,I-07,13.00974,77.51426
Informatica,GKW Park (Rajgopalnagar),,Dasarahalli Zone,,,I-08,13.00963,77.51392
Informatica,GKW Park (Rajgopalnagar),,Dasarahalli Zone,,,I-09,13.0097,77.5137
Informatica,GKW Park (Rajgopalnagar),,Dasarahalli Zone,,,I-10,13.01004,77.51382
Informatica,GKW Park (Rajgopalnagar),,Dasarahalli Zone,,,I-11,13.00952,77.51397
Informatica,GKW Park (Rajgopalnagar),,Dasarahalli Zone,,,I-12,13.00981,77.51375
Texas Instruments,Bhuvanagiri Park,,East Zone,,,TI25,13.0127,77.66154
Texas Instruments,Bhuvanagiri Park,,East Zone,,,TI26,13.01298,77.6616
Texas Instruments,Bhuvanagiri Park,,East Zone,,,TI27,13.0129,77.66162
Fidelity,Buvanagitri Park,,East Zone,,,FE93,12.9951,77.60898
Fidelity,Buvanagitri Park,,East Zone,,,FE95,13.01183,77.65915
Fidelity,Buvanagitri Park,,East Zone,,,FE92,13.01156,77.65886
Fidelity,Buvanagitri Park,,East Zone,,,FE94,13.01192,77.65876
Exxon Mobil,Kadugodi Forest and Park,,Mahadevapura Zone,,,EXM16,12.98713,77.74587
Exxon Mobil,Kadugodi Forest and Park,,Mahadevapura Zone,,,EXM17,12.98688,77.74756
Exxon Mobil,Kadugodi Forest and Park,,Mahadevapura Zone,,,EXM18,12.98747,77.74748
Exxon Mobil,Kadugodi Forest and Park,,Mahadevapura Zone,,,EXM19,12.98774,77.74612
Exxon Mobil,Kadugodi Forest and Park,,Mahadevapura Zone,,,EXM20,12.98773,77.74584
Exxon Mobil,Kadugodi Forest and Park,,Mahadevapura Zone,,,EXM21,12.98778,77.74591
Exxon Mobil,Kadugodi Forest and Park,,Mahadevapura Zone,,,EXM22,12.98767,77.74643
Exxon Mobil,Kadugodi Forest and Park,,Mahadevapura Zone,,,EXM23,12.98755,77.74717
Exxon Mobil,Kadugodi Forest and Park,,Mahadevapura Zone,,,EXM24,12.98753,77.74733
Exxon Mobil,Kadugodi Forest and Park,,Mahadevapura Zone,,,EXM25,12.98652,77.74716
Exxon Mobil,Kadugodi Forest and Park,,Mahadevapura Zone,,,EXM26,12.98769,77.74768
Exxon Mobil,Kadugodi Forest and Park,,Mahadevapura Zone,,,EXM27,12.98696,77.7458
Exxon Mobil,Kadugodi Forest and Park,,Mahadevapura Zone,,,EXM28,12.98705,77.74609
Exxon Mobil,Kadugodi Forest and Park,,Mahadevapura Zone,,,EXM29,12.98668,77.74652
Exxon Mobil,Kadugodi Forest and Park,,Mahadevapura Zone,,,EXM30,12.98664,77.74665
Exxon Mobil,Kadugodi Forest and Park,,Mahadevapura Zone,,,EXM31,12.98679,77.74469
Exxon Mobil,Kadugodi Forest and Park,,Mahadevapura Zone,,,EXM32,12.98857,77.74512
Exxon Mobil,Kadugodi Forest and Park,,Mahadevapura Zone,,,EXM33,12.9884,77.74508
Exxon Mobil,Kadugodi Forest and Park,,Mahadevapura Zone,,,EXM34,12.98806,77.74504
Exxon Mobil,Kadugodi Forest and Park,,Mahadevapura Zone,,,EXM35,12.98656,77.74669
Exxon Mobil,Kadugodi Forest and Park,,Mahadevapura Zone,,,EXM36,12.98657,77.74686
Exxon Mobil,Kadugodi Forest and Park,,Mahadevapura Zone,,,EXM37,12.98655,77.74692
Exxon Mobil,Kadugodi Forest and Park,,Mahadevapura Zone,,,EXM38,12.98672,77.7459
Exxon Mobil,Kadugodi Forest and Park,,Mahadevapura Zone,,,EXM39,12.98659,77.74588
Exxon Mobil,Kadugodi Forest and Park,,Mahadevapura Zone,,,EXM40,12.98619,77.74744
Exxon Mobil,Kadugodi Forest and Park,,Mahadevapura Zone,,,EXM41,12.98652,77.7475
Exxon Mobil,Kadugodi Forest and Park,,Mahadevapura Zone,,,EXM42,12.98785,77.74773
Exxon Mobil,Kadugodi Forest and Park,,Mahadevapura Zone,,,EXM43,12.98828,77.74785
Exxon Mobil,Kadugodi Forest and Park,,Mahadevapura Zone,,,EXM44,12.98838,77.74783
Exxon Mobil,Kadugodi Forest and Park,,Mahadevapura Zone,,,EXM45,12.98859,77.7461
Informatica,Kodigehalli Anganavadi,,Dasarahalli Zone,,,I-13,13.00481,77.72748
Informatica,Kodigehalli Anganavadi,,Dasarahalli Zone,,,I-14,13.00471,77.7277
Informatica,Ambedkar Nagar,,Dasarahalli Zone,,,I-15,12.98057,77.75511
Informatica,Ambedkar Nagar,,Dasarahalli Zone,,,I-16,12.98063,77.75514
Informatica,Ambedkar Nagar,,Dasarahalli Zone,,,I-17,12.9807,77.75516
Broadcom,Prema Sadana,,Bommanahalli Zone,,,B-252,12.84575,77.60039
Broadcom,Prema Sadana,,Bommanahalli Zone,,,B-253,12.84565,77.60035
Broadcom,Prema Sadana,,Bommanahalli Zone,,,B-254,12.84558,77.6003
Broadcom,Prema Sadana,,Bommanahalli Zone,,,B-255,12.84541,77.6002
Broadcom,Prema Sadana,,Bommanahalli Zone,,,B-256,12.84529,77.60019
Broadcom,Prema Sadana,,Bommanahalli Zone,,,B-257,12.84518,77.60016
Broadcom,Prema Sadana,,Bommanahalli Zone,,,B-258,12.84509,77.60016
Broadcom,Royal Lake Front park,,Bommanahalli Zone,,,B-26,12.87032,77.57707
Broadcom,Prema Sadana,,Bommanahalli Zone,,,B-263,12.84461,77.60005
Broadcom,Prema Sadana,,Bommanahalli Zone,,,B-264,12.84451,77.60004
Broadcom,Prema Sadana,,Bommanahalli Zone,,,B-266,12.84453,77.59989
Broadcom,St Joseph Nivas School,,Bommanahalli Zone,,,B-239,12.85062,77.59709
Broadcom,Royal Lake Front park,,Bommanahalli Zone,,,B-27,12.86997,77.57715
Broadcom,St Joseph Nivas School,,Bommanahalli Zone,,,B-240,12.8495,77.59683
Broadcom,St Joseph Nivas School,,Bommanahalli Zone,,,B-241,12.84955,77.59687
Mphasis,Ayyappa Temple Park 1,,Bommanahalli Zone,,,M-30,12.89209,77.6077
Mphasis,Ayyappa Temple Park 1,,Bommanahalli Zone,,,M-31,12.89177,77.60811
Mphasis,Banana Park,,Bommanahalli Zone,,,M-32,12.88889,77.61011
Mphasis,Banana Park,,Bommanahalli Zone,,,M-33,12.88868,77.6101
Mphasis,Bengaluru one park,,Bommanahalli Zone,,,M-34,12.91327,77.64977
Mphasis,Bengaluru one park,,Bommanahalli Zone,,,M-35,12.9124,77.65024
Mphasis,Bengaluru one park,,Bommanahalli Zone,,,M-36,12.9132,77.65016
Mphasis,Bengaluru one park,,Bommanahalli Zone,,,M-37,12.91322,77.64984
Mphasis,Bengaluru one park,,Bommanahalli Zone,,,M-38,12.91314,77.64936
Mphasis,Bengaluru one park,,Bommanahalli Zone,,,M-39,12.91314,77.64935
Mphasis,Bengaluru one park,,Bommanahalli Zone,,,M-40,12.91316,77.64937
Mphasis,Chakra Park,,Bommanahalli Zone,,,M-41,12.89307699,77.532618
Mphasis,Chakra Park,,Bommanahalli Zone,,,M-42,12.89293701,77.53266703
Mphasis,Chakra Park,,Bommanahalli Zone,,,M-43,12.89298403,77.53291899
Mphasis,Chakra Park,,Bommanahalli Zone,,,M-44,12.892892,77.53292
Mphasis,Chakra Park,,Bommanahalli Zone,,,M-45,12.89293801,77.53311597
Mphasis,Forest Department Nursery,,Bommanahalli Zone,,,M-46,12.89686,77.64561
Mphasis,Forest Department Nursery,,Bommanahalli Zone,,,M-47,12.89723,77.64603
Mphasis,Forest Department Nursery,,Bommanahalli Zone,,,M-48,12.89685,77.64595
Mphasis,Forest Department Nursery,,Bommanahalli Zone,,,M-49,12.89627,77.64633
Mphasis,Forest Department Nursery,,Bommanahalli Zone,,,M-50,12.89652,77.646
Mphasis,Forest Department Nursery,,Bommanahalli Zone,,,M-51,12.89673,77.64595
Mphasis,Forest Department Nursery,,Bommanahalli Zone,,,M-52,12.89661,77.64568
Mphasis,Forest Department Nursery,,Bommanahalli Zone,,,M-53,12.89678,77.64558
Mphasis,Forest Department Nursery,,Bommanahalli Zone,,,M-54,12.89645,77.64553
Mphasis,Forest Department Nursery,,Bommanahalli Zone,,,M-55,12.89701,77.64594
Mphasis,Forest Department Nursery,,Bommanahalli Zone,,,M-56,12.89638,77.64637
Mphasis,Forest Department Nursery,,Bommanahalli Zone,,,M-57,12.89636,77.64625
Mphasis,Forest Department Nursery,,Bommanahalli Zone,,,M-58,12.89661,77.64563
Mphasis,Forest Park,,Bommanahalli Zone,,,M-59,12.9159,77.64764
Mphasis,Forest Park,,Bommanahalli Zone,,,M-60,12.91614,77.64763
Mphasis,Forest Park,,Bommanahalli Zone,,,M-61,12.91626,77.64761
Mphasis,Forest Park,,Bommanahalli Zone,,,M-62,12.91599,77.64764
Mphasis,Forest Park,,Bommanahalli Zone,,,M-63,12.91649,77.64764
Mphasis,Forest Park,,Bommanahalli Zone,,,M-64,12.91656,77.64772
Mphasis,Forest Park,,Bommanahalli Zone,,,M-65,12.91644,77.64764
Mphasis,Forest Park,,Bommanahalli Zone,,,M-66,12.91659,77.64779
Mphasis,Forest Park,,Bommanahalli Zone,,,M-67,12.91665,77.6479
Mphasis,Forest Park,,Bommanahalli Zone,,,M-68,12.91649,77.64828
Mphasis,Forest Park,,Bommanahalli Zone,,,M-69,12.91639,77.64868
Mphasis,Forest Park,,Bommanahalli Zone,,,M-70,12.91657,77.64827
Mphasis,Forest Park,,Bommanahalli Zone,,,M-71,12.91651,77.64851
Mphasis,Forest Park,,Bommanahalli Zone,,,M-72,12.91631,77.64858
Mphasis,Forest Park,,Bommanahalli Zone,,,M-73,12.91625,77.64866
Mphasis,Forest Park,,Bommanahalli Zone,,,M-74,12.91583,77.64848
Mphasis,Forest Park,,Bommanahalli Zone,,,M-75,12.91639,77.64864
Mphasis,Forest Park,,Bommanahalli Zone,,,M-85,12.91628,77.64795
Mphasis,Ganesh Park,,Bommanahalli Zone,,,M-86,12.918,77.65055
Mphasis,Ganesh Park,,Bommanahalli Zone,,,M-87,12.91767,77.65066
Mphasis,Ganesh Park,,Bommanahalli Zone,,,M-88,12.91785,77.65052
Mphasis,Ganesh Park,,Bommanahalli Zone,,,M-89,12.91742,77.65088
Mphasis,Ganesh Park,,Bommanahalli Zone,,,M-90,12.91736,77.65072
Mphasis,Ganesh Park,,Bommanahalli Zone,,,M-91,12.91759,77.65023
Mphasis,Ganesh Park,,Bommanahalli Zone,,,M-92,12.91754,77.6502
Mphasis,Ganesh Park,,Bommanahalli Zone,,,M-93,12.91785,77.65014
Mphasis,Ganesh Park,,Bommanahalli Zone,,,M-94,12.91791,77.65045
Mphasis,Ganesh Park,,Bommanahalli Zone,,,M-95,12.9179,77.65022
Mphasis,Ganesh Park,,Bommanahalli Zone,,,M-96,12.91792,77.65042
Mphasis,Govt Hospital park Singasandra,,Bommanahalli Zone,,,M-97,12.87163298,77.65268901
Mphasis,Govt Hospital park Singasandra,,Bommanahalli Zone,,,M-98,12.87145603,77.65246497
Mphasis,Govt Hospital park Singasandra,,Bommanahalli Zone,,,M-99,12.87169098,77.65240403
Mphasis,Govt Hospital park Singasandra,,Bommanahalli Zone,,,M-100,12.87176298,77.65227
Mphasis,Govt Hospital park Singasandra,,Bommanahalli Zone,,,M-101,12.87202098,77.652125
Mphasis,Govt Hospital park Singasandra,,Bommanahalli Zone,,,M-102,12.871967,77.65243697
Mphasis,Govt Hospital park Singasandra,,Bommanahalli Zone,,,M-103,12.87204998,77.65251702
Mphasis,Govt Hospital park Singasandra,,Bommanahalli Zone,,,M-104,12.87215299,77.65238701
Mphasis,Govt Hospital park Singasandra,,Bommanahalli Zone,,,M-105,12.87228199,77.65221301
Mphasis,Govt Hospital park Singasandra,,Bommanahalli Zone,,,M-106,12.87200634,77.65207336
Mphasis,Govt Hospital park Singasandra,,Bommanahalli Zone,,,M-107,12.87243898,77.65231401
Mphasis,Hulimavu BDA Park,,Bommanahalli Zone,,,M-108,12.86674,77.59958
Mphasis,Hulimavu BDA Park,,Bommanahalli Zone,,,M-109,12.86688,77.5996
Mphasis,Hulimavu BDA Park,,Bommanahalli Zone,,,M-110,12.86705,77.59963
Mphasis,Hulimavu BDA Park,,Bommanahalli Zone,,,M-111,12.86721,77.59966
Mphasis,Hulimavu BDA Park,,Bommanahalli Zone,,,M-112,12.86658,77.59955
Mphasis,Jodi Park,,Bommanahalli Zone,,,M-113,12.90777,77.64086
Mphasis,Jodi Park,,Bommanahalli Zone,,,M-114,12.90822,77.64078
Mphasis,Jodi Park,,Bommanahalli Zone,,,M-115,12.90815,77.64088
Mphasis,Jodi Park,,Bommanahalli Zone,,,M-116,12.90809,77.64069
Mphasis,Jodi Park,,Bommanahalli Zone,,,M-117,12.90774,77.64075
Mphasis,Karnataka Compost Development Corporation,,Bommanahalli Zone,,,M-118,12.89427,77.6492
Mphasis,Karnataka Compost Development Corporation,,Bommanahalli Zone,,,M-119,12.89379,77.64967
Mphasis,Karnataka Compost Development Corporation,,Bommanahalli Zone,,,M-120,12.89378,77.64966
Mphasis,Lalbagh,,Bommanahalli Zone,,,M-121,12.94902,77.58722
Mphasis,Lalbagh,,Bommanahalli Zone,,,M-122,12.94797,77.58323
Mphasis,Lalbagh,,Bommanahalli Zone,,,M-123,12.94903,77.58716
Mphasis,Lalbagh,,Bommanahalli Zone,,,M-124,12.94791,77.58326
Broadcom,St Joseph Nivas School,,Bommanahalli Zone,,,B-242,12.84949,77.59704
Broadcom,Royal Lake Front park,,Bommanahalli Zone,,,B-28,12.86999,77.57705
Broadcom,Royal Lake Front park,,Bommanahalli Zone,,,B-29,12.87001,77.57712
Broadcom,Royal County Park-2,,Bommanahalli Zone,,,B-3,12.869,77.57673
Broadcom,Medico Social centre,,Bommanahalli Zone,,,B-308,12.92712,77.61491002
Broadcom,Trinity Park,,Bommanahalli Zone,,,B-31,12.86740598,77.58621097
Broadcom,Medico Social centre,,Bommanahalli Zone,,,B-310,12.92693091,77.61486834
Broadcom,Medico Social centre,,Bommanahalli Zone,,,B-311,12.92689696,77.61484003
Broadcom,Medico Social centre,,Bommanahalli Zone,,,B-313,12.926933,77.61492301
Broadcom,Medico Social centre,,Bommanahalli Zone,,,B-314,12.92685798,77.61506399
Broadcom,Medico Social centre,,Bommanahalli Zone,,,B-315,12.92693071,77.61477107
Broadcom,Medico Social centre,,Bommanahalli Zone,,,B-316,12.92720499,77.61443996
Mphasis,Lalbagh,,Bommanahalli Zone,,,M-125,12.94781,77.58333
Mphasis,Lalbagh,,Bommanahalli Zone,,,M-126,12.94771,77.58338
Mphasis,Lalbagh,,Bommanahalli Zone,,,M-127,12.94761,77.58351
Mphasis,Lalbagh,,Bommanahalli Zone,,,M-128,12.94756,77.5838
Mphasis,Lalbagh,,Bommanahalli Zone,,,M-129,12.94751,77.58415
Mphasis,Lalbagh,,Bommanahalli Zone,,,M-130,12.94754,77.58431
Mphasis,Lalbagh,,Bommanahalli Zone,,,M-131,12.94712,77.58805
Mphasis,Lalbagh,,Bommanahalli Zone,,,M-132,12.94772,77.58516
Mphasis,Lalbagh,,Bommanahalli Zone,,,M-133,12.94774,77.58522
Mphasis,Lalbagh,,Bommanahalli Zone,,,M-134,12.94883,77.58585
Mphasis,Lalbagh,,Bommanahalli Zone,,,M-135,12.94893,77.58589
Mphasis,Lalbagh,,Bommanahalli Zone,,,M-136,12.94896,77.58598
Mphasis,Lalbagh,,Bommanahalli Zone,,,M-137,12.94905,77.58602
Mphasis,Lalbagh,,Bommanahalli Zone,,,M-138,12.94914,77.58592
Mphasis,Lalbagh,,Bommanahalli Zone,,,M-139,12.94903,77.58583
Mphasis,Lalbagh,,Bommanahalli Zone,,,M-140,12.94915,77.58573
Mphasis,Lalbagh,,Bommanahalli Zone,,,M-141,12.94761,77.58437
Broadcom,Medico Social centre,,Bommanahalli Zone,,,B-317,12.92712998,77.61444197
Broadcom,Medico Social centre,,Bommanahalli Zone,,,B-318,12.92704498,77.61443904
Broadcom,Medico Social centre,,Bommanahalli Zone,,,B-319,12.92719997,77.614332
Broadcom,Trinity Park,,Bommanahalli Zone,,,B-32,12.86738897,77.58616302
Broadcom,Medico Social centre,,Bommanahalli Zone,,,B-321,12.92720298,77.61431599
Broadcom,Medico Social centre,,Bommanahalli Zone,,,B-322,12.92722,77.61428498
Broadcom,Medico Social centre,,Bommanahalli Zone,,,B-323,12.92735485,77.61427099
Broadcom,Medico Social centre,,Bommanahalli Zone,,,B-324,12.92740398,77.61421298
Broadcom,Medico Social centre,,Bommanahalli Zone,,,B-325,12.92744899,77.61427299
Broadcom,Medico Social centre,,Bommanahalli Zone,,,B-326,12.92735696,77.61408901
Momentive,ISRO Park,,South zone,,,MO1,12.89658,77.55794
Momentive,ISRO Park,,South zone,,,MO2,12.89648,77.55857
Momentive,ISRO Park,,South zone,,,MO3,12.89653,77.55859
Momentive,ISRO Park,,South zone,,,MO4,12.89634,77.55871
Momentive,ISRO Park,,South zone,,,MO5,12.8963,77.55848
Broadcom,Medico Social centre,,Bommanahalli Zone,,,B-327,12.92743801,77.61415003
Broadcom,Medico Social centre,,Bommanahalli Zone,,,B-328,12.92741999,77.61402899
Broadcom,Medico Social centre,,Bommanahalli Zone,,,B-329,12.92742245,77.61389398
Broadcom,Trinity Park,,Bommanahalli Zone,,,B-33,12.867394,77.58615204
Broadcom,Medico Social centre,,Bommanahalli Zone,,,B-330,12.92726803,77.61390503
Broadcom,Medico Social centre,,Bommanahalli Zone,,,B-331,12.92720902,77.61386002
Broadcom,Medico Social centre,,Bommanahalli Zone,,,B-332,12.92714699,77.61390402
Broadcom,Medico Social centre,,Bommanahalli Zone,,,B-333,12.92711598,77.61390301
Broadcom,Trinity Park,,Bommanahalli Zone,,,B-34,12.86704799,77.586145
Broadcom,"Bio Centre,Horticulture Department",,Bommanahalli Zone,,,B-340,12.87902,77.59233
Broadcom,"Bio Centre,Horticulture Department",,Bommanahalli Zone,,,B-341,12.87907,77.59231
Broadcom,"Bio Centre,Horticulture Department",,Bommanahalli Zone,,,B-342,12.87894,77.59232
Broadcom,"Bio Centre,Horticulture Department",,Bommanahalli Zone,,,B-343,12.87979,77.59233
Broadcom,"Bio Centre,Horticulture Department",,Bommanahalli Zone,,,B-344,12.87919,77.5924
Broadcom,"Bio Centre,Horticulture Department",,Bommanahalli Zone,,,B-345,12.87925,77.59227
Broadcom,"Bio Centre,Horticulture Department",,Bommanahalli Zone,,,B-346,12.87931,77.59227
Broadcom,"Bio Centre,Horticulture Department",,Bommanahalli Zone,,,B-347,12.87938,77.59226
Broadcom,"Bio Centre,Horticulture Department",,Bommanahalli Zone,,,B-348,12.87943,77.59237
Broadcom,Trinity Park,,Bommanahalli Zone,,,B-35,12.86702503,77.58619001
Broadcom,"Bio Centre,Horticulture Department",,Bommanahalli Zone,,,B-351,12.87945,77.59224
Broadcom,"Bio Centre,Horticulture Department",,Bommanahalli Zone,,,B-352,12.87953,77.59224
Broadcom,"Bio Centre,Horticulture Department",,Bommanahalli Zone,,,B-354,12.87968,77.59222
Broadcom,"Bio Centre,Horticulture Department",,Bommanahalli Zone,,,B-356,12.87973,77.59233
Broadcom,Trinity Park,,Bommanahalli Zone,,,B-36,12.86701497,77.58628598
Broadcom,"Bio Centre,Horticulture Department",,Bommanahalli Zone,,,B-360,12.88001,77.59231
Broadcom,"Bio Centre,Horticulture Department",,Bommanahalli Zone,,,B-361,12.88011,77.5922
Broadcom,"Bio Centre,Horticulture Department",,Bommanahalli Zone,,,B-362,12.88012,77.59231
Broadcom,"Bio Centre,Horticulture Department",,Bommanahalli Zone,,,B-367,12.8803,77.59217
Broadcom,"Bio Centre,Horticulture Department",,Bommanahalli Zone,,,B-368,12.88034,77.5921
Broadcom,"Bio Centre,Horticulture Department",,Bommanahalli Zone,,,B-369,12.88032,77.59199
Broadcom,"Bio Centre,Horticulture Department",,Bommanahalli Zone,,,B-370,12.88034,77.59181
Broadcom,"Bio Centre,Horticulture Department",,Bommanahalli Zone,,,B-371,12.88024,77.59182
Broadcom,"Bio Centre,Horticulture Department",,Bommanahalli Zone,,,B-372,12.88026,77.59179
Broadcom,"Bio Centre,Horticulture Department",,Bommanahalli Zone,,,B-373,12.87922,77.59223
Broadcom,"Bio Centre,Horticulture Department",,Bommanahalli Zone,,,B-374,12.87912,77.5921
Broadcom,"Bio Centre,Horticulture Department",,Bommanahalli Zone,,,B-375,12.87925,77.59193
Broadcom,"Bio Centre,Horticulture Department",,Bommanahalli Zone,,,B-376,12.87917,77.59171
Broadcom,"Bio Centre,Horticulture Department",,Bommanahalli Zone,,,B-377,12.87914,77.59178
Broadcom,"Bio Centre,Horticulture Department",,Bommanahalli Zone,,,B-378,12.87929,77.59172
Broadcom,Commissioner office,,East Zone,,,B353,12.98406699,77.59401603
Broadcom,Commissioner office,,East Zone,,,B354,12.984169,77.59403296
Broadcom,"Bio Centre,Horticulture Department",,Bommanahalli Zone,,,B-379,12.8792,77.59163
Broadcom,Commissioner office,,East Zone,,,B355,12.98429204,77.59405299
Broadcom,Commissioner office,,East Zone,,,B356,12.98447703,77.59410404
Broadcom,Trinity Park,,Bommanahalli Zone,,,B-38,12.86700902,77.58651297
Broadcom,Commissioner office,,East Zone,,,B357,12.98471198,77.59450796
Broadcom,Commissioner office,,East Zone,,,B358,12.984702,77.59447502
Broadcom,"Bio Centre,Horticulture Department",,Bommanahalli Zone,,,B-380,12.87921,77.59157
Broadcom,"Bio Centre,Horticulture Department",,Bommanahalli Zone,,,B-381,12.87922,77.59153
Broadcom,"Bio Centre,Horticulture Department",,Bommanahalli Zone,,,B-382,12.87923,77.59147
Broadcom,"Bio Centre,Horticulture Department",,Bommanahalli Zone,,,B-383,12.87924,77.5914
Broadcom,"Bio Centre,Horticulture Department",,Bommanahalli Zone,,,B-384,12.87925,77.59128
Broadcom,"Bio Centre,Horticulture Department",,Bommanahalli Zone,,,B-385,12.87926,77.59124
Broadcom,"Bio Centre,Horticulture Department",,Bommanahalli Zone,,,B-386,12.87926,77.59119
Broadcom,"Bio Centre,Horticulture Department",,Bommanahalli Zone,,,B-387,12.87927,77.59112
Broadcom,"Bio Centre,Horticulture Department",,Bommanahalli Zone,,,B-388,12.87928,77.59106
Broadcom,"Bio Centre,Horticulture Department",,Bommanahalli Zone,,,B-389,12.87928,77.59102
Broadcom,Trinity Park,,Bommanahalli Zone,,,B-39,12.86690701,77.58656602
Broadcom,"Bio Centre,Horticulture Department",,Bommanahalli Zone,,,B-390,12.8793,77.59094
Broadcom,"Bio Centre,Horticulture Department",,Bommanahalli Zone,,,B-392,12.8798,77.59119
Broadcom,"Bio Centre,Horticulture Department",,Bommanahalli Zone,,,B-393,12.87983,77.59116
Broadcom,"Bio Centre,Horticulture Department",,Bommanahalli Zone,,,B-394,12.87998,77.59107
Broadcom,"Bio Centre,Horticulture Department",,Bommanahalli Zone,,,B-395,12.8801,77.5911
Broadcom,"Bio Centre,Horticulture Department",,Bommanahalli Zone,,,B-396,12.88008,77.59114
Broadcom,"Bio Centre,Horticulture Department",,Bommanahalli Zone,,,B-397,12.8801,77.59119
Broadcom,"Bio Centre,Horticulture Department",,Bommanahalli Zone,,,B-398,12.88011,77.5912
Mphasis,Kaveramma Park,,Bommanahalli Zone,,,PW572,12.89506,77.60653
Mphasis,Kaveramma Park,,Bommanahalli Zone,,,PW573,12.89476,77.60643
Mphasis,Kaveramma Park,,Bommanahalli Zone,,,PW574,12.89464,77.6064
Mphasis,Kaveramma Park,,Bommanahalli Zone,,,PW575,12.8947,77.60627
Mphasis,Kaveramma Park,,Bommanahalli Zone,,,PWC576,12.89493,77.60631
Mphasis,Lalbagh,,Bommanahalli Zone,,,M-142,12.94706,77.58803
Mphasis,Lalbagh,,Bommanahalli Zone,,,M-143,12.94918,77.58549
Broadcom,"Bio Centre,Horticulture Department",,Bommanahalli Zone,,,B-399,12.87812,77.59071
Broadcom,Royal County Park-2,,Bommanahalli Zone,,,B-4,12.86885,77.57668
Broadcom,"Bio Centre,Horticulture Department",,Bommanahalli Zone,,,B-400,12.88016,77.59231
Broadcom,"Bio Centre,Horticulture Department",,Bommanahalli Zone,,,B-401,12.88012,77.59103
Broadcom,"Bio Centre,Horticulture Department",,Bommanahalli Zone,,,B-402,12.88012,77.59085
Mphasis,Lalbagh,,Bommanahalli Zone,,,M-144,12.94919,77.58544
Mphasis,Lalbagh,,Bommanahalli Zone,,,M-145,12.94926,77.5854
Mphasis,Lalbagh,,Bommanahalli Zone,,,M-146,12.94937,77.58559
Mphasis,Lalbagh,,Bommanahalli Zone,,,M-147,12.94949,77.58562
Mphasis,Lalbagh,,Bommanahalli Zone,,,M-148,12.94926,77.58611
Mphasis,Lalbagh,,Bommanahalli Zone,,,M-149,12.94951,77.58602
Mphasis,Lalbagh,,Bommanahalli Zone,,,M-150,12.94968,77.58598
Broadcom,"Bio Centre,Horticulture Department",,Bommanahalli Zone,,,B-403,12.8802,77.59078
Broadcom,"Bio Centre,Horticulture Department",,Bommanahalli Zone,,,B-404,12.88025,77.59072
Broadcom,"Bio Centre,Horticulture Department",,Bommanahalli Zone,,,B-405,12.88028,77.59067
Broadcom,"Bio Centre,Horticulture Department",,Bommanahalli Zone,,,B-406,12.88027,77.59071
Broadcom,"Bio Centre,Horticulture Department",,Bommanahalli Zone,,,B-407,12.8803,77.59063
Broadcom,"Bio Centre,Horticulture Department",,Bommanahalli Zone,,,B-408,12.88035,77.59059
Broadcom,"Bio Centre,Horticulture Department",,Bommanahalli Zone,,,B-409,12.88043,77.59056
Broadcom,"Bio Centre,Horticulture Department",,Bommanahalli Zone,,,B-410,12.88053,77.59058
Broadcom,"Bio Centre,Horticulture Department",,Bommanahalli Zone,,,B-411,12.8799,77.59231
Broadcom,"Bio Centre,Horticulture Department",,Bommanahalli Zone,,,B-412,12.88063,77.59061
Broadcom,"Bio Centre,Horticulture Department",,Bommanahalli Zone,,,B-413,12.87976,77.5904
Broadcom,"Bio Centre,Horticulture Department",,Bommanahalli Zone,,,B-414,12.88004,77.59045
Broadcom,"Bio Centre,Horticulture Department",,Bommanahalli Zone,,,B-415,12.88006,77.5904
Deloitte India,Usha Park,,West Zone,,,D-209,13.00676,77.54393
Deloitte India,Usha Park,,West Zone,,,D-211,13.00685,77.54402
Deloitte India,Usha Park,,West Zone,,,D-212,13.00696,77.54402
Deloitte India,Atal ji Park,,West Zone,,,D-101,13.02382,77.56098
Deloitte India,Atal ji Park,,West Zone,,,D-102,13.02397,77.56099
Deloitte India,Atal ji Park,,West Zone,,,D-103,13.02402,77.56112
Deloitte India,Atal ji Park,,West Zone,,,D-104,13.0237,77.5609
Deloitte India,Atal ji Park,,West Zone,,,D-105,13.02414,77.56097
Deloitte India,Guru Basavanna Park,,West Zone,,,D-147,13.02899,77.57098
Deloitte India,Guru Basavanna Park,,West Zone,,,D-148,13.02909,77.57098
Deloitte India,Guru Basavanna Park,,West Zone,,,D-149,13.02892,77.57085
Deloitte India,M S Ramaiah Park,,West Zone,,,D-105,13.03234,77.56865
Deloitte India,M S Ramaiah Park,,West Zone,,,D-131,13.03235,77.56848
Deloitte India,M S Ramaiah Park,,West Zone,,,D-132,13.03231,77.56868
Deloitte India,M S Ramaiah Park,,West Zone,,,D-134,13.03222,77.56861
Deloitte India,M S Ramaiah Park,,West Zone,,,D-135,13.03224,77.56857
Deloitte India,M S Ramaiah Park,,West Zone,,,D-133,13.03235,77.56871
Deloitte India,Kempegowda North Tower Park,,West Zone,,,D-48,13.01275,77.58338
Deloitte India,Kempegowda North Tower Park,,West Zone,,,D-49,13.01276,77.58361
Deloitte India,Kempegowda North Tower Park,,West Zone,,,D-50,13.01192,77.5832
Deloitte India,Kempegowda North Tower Park,,West Zone,,,D-51,13.01187,77.58313
Deloitte India,Kempegowda North Tower Park,,West Zone,,,D-53,13.01193,77.58244
Deloitte India,Kempegowda North Tower Park,,West Zone,,,D-54,13.01195,77.58232
Deloitte India,Kempegowda North Tower Park,,West Zone,,,D-55,13.01192,77.58225
Deloitte India,Kempegowda North Tower Park,,West Zone,,,D-56,13.01193,77.58197
Deloitte India,Kempegowda North Tower Park,,West Zone,,,D-57,13.01221,77.58236
Deloitte India,Kempegowda North Tower Park,,West Zone,,,D-58,13.01263,77.5826
Deloitte India,Kempegowda North Tower Park,,West Zone,,,D-52,13.01196,77.58278
Deloitte India,Kempegowda North Tower Park,,West Zone,,,D-59,13.01273,77.58335
Deloitte India,Kempegowda North Tower Park,,West Zone,,,D-47,13.01276,77.58348
Broadcom,"Bio Centre,Horticulture Department",,Bommanahalli Zone,,,B-416,12.8782,77.5931
Broadcom,"Bio Centre,Horticulture Department",,Bommanahalli Zone,,,B-417,12.8795,77.5912
Broadcom,"Bio Centre,Horticulture Department",,Bommanahalli Zone,,,B-418,12.87947,77.59117
Broadcom,Trinity Park,,Bommanahalli Zone,,,B-42,12.86692101,77.58691404
Broadcom,"Bio Centre,Horticulture Department",,Bommanahalli Zone,,,B-420,12.87818,77.59311
Broadcom,"Bio Centre,Horticulture Department",,Bommanahalli Zone,,,B-421,12.8798,77.59223
Broadcom,"Bio Centre,Horticulture Department",,Bommanahalli Zone,,,B-422,12.87959,77.59236
Broadcom,"Bio Centre,Horticulture Department",,Bommanahalli Zone,,,B-423,12.87955,77.59236
Broadcom,"Bio Centre,Horticulture Department",,Bommanahalli Zone,,,B-424,12.87892,77.59077
Broadcom,"Bio Centre,Horticulture Department",,Bommanahalli Zone,,,B-425,12.87865,77.5907
Broadcom,"Bio Centre,Horticulture Department",,Bommanahalli Zone,,,B-426,12.87857,77.59074
Broadcom,"Bio Centre,Horticulture Department",,Bommanahalli Zone,,,B-427,12.87846,77.59072
Broadcom,"Bio Centre,Horticulture Department",,Bommanahalli Zone,,,B-428,12.87823,77.59073
Broadcom,"Bio Centre,Horticulture Department",,Bommanahalli Zone,,,B-429,12.8803,77.59229
Broadcom,Trinity Park,,Bommanahalli Zone,,,B-43,12.866819,77.58685101
Broadcom,"Bio Centre,Horticulture Department",,Bommanahalli Zone,,,B-430,12.88035,77.59231
Broadcom,"Bio Centre,Horticulture Department",,Bommanahalli Zone,,,B-436,12.87816,77.5907
Broadcom,"Bio Centre,Horticulture Department",,Bommanahalli Zone,,,B-437,12.87802,77.59073
Broadcom,Trinity Park,,Bommanahalli Zone,,,B-44,12.86679796,77.58692603
Broadcom,"Bio Centre,Horticulture Department",,Bommanahalli Zone,,,B-440,12.87786,77.59074
Broadcom,Trinity Park,,Bommanahalli Zone,,,B-45,12.86676904,77.58703801
Broadcom,"Bio Centre,Horticulture Department",,Bommanahalli Zone,,,B-454,12.87984,77.59038
Broadcom,Trinity Park,,Bommanahalli Zone,,,B-46,12.86671196,77.58721604
Broadcom,Trinity Park,,Bommanahalli Zone,,,B-47,12.86669201,77.587281
Broadcom,Jeevodaya Ashram,,Bommanahalli Zone,,,B-198,12.90935,77.70136
Broadcom,Trinity Park,,Bommanahalli Zone,,,B-48,12.86679897,77.58725996
Broadcom,Trinity Park,,Bommanahalli Zone,,,B-49,12.866791,77.58732098
Broadcom,Royal County Park-2,,Bommanahalli Zone,,,B-5,12.86914,77.57675
Broadcom,Trinity Park,,Bommanahalli Zone,,,B-51,12.86706199,77.58705997
Broadcom,Trinity Park,,Bommanahalli Zone,,,B-52,12.86701002,77.58713801
Broadcom,Trinity Park,,Bommanahalli Zone,,,B-58,12.86738402,77.587425
Broadcom,Trinity Park,,Bommanahalli Zone,,,B-59,12.86750204,77.587482
Broadcom,Royal County Park-2,,Bommanahalli Zone,,,B-6,12.8684,77.57703
Broadcom,Trinity Park,,Bommanahalli Zone,,,B-61,12.86764001,77.58759297
Broadcom,Trinity Park,,Bommanahalli Zone,,,B-62,12.8675672,77.58737687
Broadcom,Trinity Park,,Bommanahalli Zone,,,B-68,12.86778501,77.58700297
Broadcom,Royal County Park-2,,Bommanahalli Zone,,,B-7,12.86849,77.57704
Broadcom,Trinity Park,,Bommanahalli Zone,,,B-70,12.86766096,77.58652101
Broadcom,RBI Layout Ladies play ground Park,,Bommanahalli Zone,,,B-72,12.89015,77.57812
Broadcom,RBI Layout Ladies play ground Park,,South zone,,,B-73,12.8902,77.57796
Broadcom,RBI Layout Ladies play ground Park,,Bommanahalli Zone,,,B-75,12.89013,77.57769
Broadcom,RBI Layout Ladies play ground Park,,South zone,,,B-77,12.89045,77.57766
Broadcom,RBI Layout Ladies play ground Park,,Bommanahalli Zone,,,B-79,12.89062,77.57765
Broadcom,Royal County Park-2,,Bommanahalli Zone,,,B-8,12.86855,77.57709
Broadcom,RBI Layout Ladies play ground Park,,South zone,,,B-80,12.89069,77.57803
Broadcom,RBI Layout Ladies play ground Park,,Bommanahalli Zone,,,B-81,12.89081,77.57805
Broadcom,Trinity Park,,Bommanahalli Zone,,,B-87,12.86742501,77.58746498
Broadcom,Trinity Park,,Bommanahalli Zone,,,B-88,12.86725704,77.58744696
Broadcom,Trinity Park,,Bommanahalli Zone,,,B-89,12.86688999,77.58733297
Broadcom,Royal County Park-2,,Bommanahalli Zone,,,B-9,12.86848,77.57719
Broadcom,Trinity Park,,Bommanahalli Zone,,,B-90,12.86694397,77.58728402
Broadcom,Alwarna Bhavan,,Bommanahalli Zone,,,B-91,12.86311,77.59287
Broadcom,Trinity Park,,Bommanahalli Zone,,,B-91,12.86705202,77.58729701
Broadcom,Alwarna Bhavan,,Bommanahalli Zone,,,B-92,12.86287003,77.59274399
Broadcom,Trinity Park,,Bommanahalli Zone,,,B-92,12.86725796,77.58738401
Broadcom,Alwarna Bhavan,,Bommanahalli Zone,,,B-93,12.86256703,77.59347204
Broadcom,Trinity Park,,Bommanahalli Zone,,,B-93,12.86757137,77.58725398
Broadcom,Alwarna Bhavan,,Bommanahalli Zone,,,B-94,12.86286,77.59383
Broadcom,Trinity Park,,Bommanahalli Zone,,,B-94,12.86693802,77.58720799
Broadcom,Alwarna Bhavan,,Bommanahalli Zone,,,B-95,12.86254,77.59375
Broadcom,Trinity Park,,Bommanahalli Zone,,,B-95,12.86693849,77.58677472
Broadcom,Alwarna Bhavan,,Bommanahalli Zone,,,B-96,12.86263,77.59311
Broadcom,Trinity Park,,Bommanahalli Zone,,,B-96,12.86758603,77.58756498
Broadcom,Alwarna Bhavan,,Bommanahalli Zone,,,B-97,12.86256,77.59315
Broadcom,Trinity Park,,Bommanahalli Zone,,,B-97,12.86783799,77.58736298
Broadcom,Alwarna Bhavan,,Bommanahalli Zone,,,B-98,12.86254,77.59357
Broadcom,Alwarna Bhavan,,Bommanahalli Zone,,,B-99,12.86251,77.59367
Broadcom,Royal County Park-2,,Bommanahalli Zone,,,B2,12.86914,77.57675
Broadcom,"CAR Headquarters, chamarajepete",,west zone,,,B62,12.96261996,77.55581601
Broadcom,"CAR Headquarters, chamarajepete",,west zone,,,B63,12.96262298,77.55575499
Broadcom,"CAR Headquarters, chamarajepete",,west zone,,,B64,12.96272004,77.55576203
Broadcom,"CAR Headquarters, chamarajepete",,west zone,,,B65,12.96278902,77.55573101
Broadcom,"CAR Headquarters, chamarajepete",,west zone,,,B66,12.96273999,77.55567896
Broadcom,"CAR Headquarters, chamarajepete",,west zone,,,B67,12.961505,77.55753103
Broadcom,Royal Lake Front park,,Bommanahalli Zone,,,B20,12.8889,77.5781
Broadcom,"CAR Headquarters, chamarajepete",,west zone,,,B68,12.96147298,77.55758702
Broadcom,"CAR Headquarters, chamarajepete",,west zone,,,B69,12.96147902,77.55803201
Broadcom,NPS School Park,,Bommanahalli Zone,,,B-482,12.89960003,77.52870901
Broadcom,NPS School Park,,Bommanahalli Zone,,,B-485,12.89969601,77.52901303
Broadcom,"CAR Headquarters, chamarajepete",,west zone,,,B70,12.96153802,77.55687296
Broadcom,"CAR Headquarters, chamarajepete",,west zone,,,B71,12.96142001,77.556822
Broadcom,Sai Baba Temple Park,,South Zone,,,B712,12.918569,77.60197
PWC,Ganesha Temple Park,,Yelahanka Zone,,,PWC62,13.10511299,77.57537903
PWC,Ganesha Temple Park,,Yelahanka Zone,,,PWC63,13.10512358,77.57531942
PWC,Ganesha Temple Park,,Yelahanka Zone,,,PWC64,13.10483102,77.57529303
PWC,Ganesha Temple Park,,Yelahanka Zone,,,PWC70,13.10487804,77.57571599
PWC,Ganesha Temple Park,,Yelahanka Zone,,,PWC77,13.10472004,77.57563602
PWC,Ganesha Temple Park,,Yelahanka Zone,,,PWC78,13.10462801,77.57545296
PWC,Sangolli Rayanna Park,,Yelahanka Zone,,,PWC1,13.1048649,77.5765177
PWC,Sangolli Rayanna Park,,Yelahanka Zone,,,PWC2,13.1048321,77.5764968
PWC,Sangolli Rayanna Park,,Yelahanka Zone,,,PWC3,13.1048811,77.5766065
PWC,Sangolli Rayanna Park,,Yelahanka Zone,,,PWC4,13.1048776,77.5765495
PWC,Abdul Kalam Park,,Yelahanka Zone,,,PWC74,13.10660218,77.57588796
PWC,Abdul Kalam Park,,Yelahanka Zone,,,PWC75,13.10668937,77.57591456
PWC,Abdul Kalam Park,,Yelahanka Zone,,,PWC76,13.10666235,77.5760447
PWC,Abdul Kalam Park,,Yelahanka Zone,,,PWC77,13.10659097,77.57599502
PWC,Yelahanka Park,,Yelahanka Zone,,,PWC65,13.10590801,77.57634597
PWC,Yelahanka Park,,Yelahanka Zone,,,PWC66,13.10581103,77.57625997
PWC,Yelahanka Park,,Yelahanka Zone,,,PWC68,13.10592201,77.57638503
PWC,Yelahanka Park,,Yelahanka Zone,,,PWC-67,13.10573,77.57634
PWC,Yelahanka Park,,Yelahanka Zone,,,PWC69,13.10595,77.57645703
PWC,Krishnadevaraya Park,,Yelahanka Zone,,,PWC79,13.105231,77.574842
PWC,Krishnadevaraya Park,,Yelahanka Zone,,,PWC80,13.1052525,77.5748091
PWC,Krishnadevaraya Park,,Yelahanka Zone,,,PWC78,13.10512698,77.574884
PWC,Valmiki Park,,Yelahanka Zone,,,PWC55,13.09902999,77.57424002
PWC,Valmiki Park,,Yelahanka Zone,,,PWC56,13.09891096,77.57399602
PWC,Valmiki Park,,Yelahanka Zone,,,PWC57,13.09914499,77.57378597
PWC,Valmiki Park,,Yelahanka Zone,,,PWC58,13.09931497,77.57381396
Alstom,Maharshi Valmiki Park,,Yelahanka Zone,,,AL10,13.09936347,77.5760588
Alstom,Maharshi Valmiki Park,,Yelahanka Zone,,,AL11,13.09935101,77.57579997
Alstom,Maharshi Valmiki Park,,Yelahanka Zone,,,AL12,13.09924096,77.57535397
Alstom,Maharshi Valmiki Park,,Yelahanka Zone,,,AL13,13.09922,77.57510402
Alstom,Maharshi Valmiki Park,,Yelahanka Zone,,,AL14,13.09913199,77.57485097
Alstom,Maharshi Valmiki Park,,Yelahanka Zone,,,AL7,13.09906301,77.57451603
Alstom,Maharshi Valmiki Park,,Yelahanka Zone,,,AL2,13.09936501,77.57404002
Alstom,Maharshi Valmiki Park,,Yelahanka Zone,,,AL3,13.09943299,77.57441503
Alstom,Maharshi Valmiki Park,,Yelahanka Zone,,,AL4,13.09964597,77.574669
Alstom,Maharshi Valmiki Park,,Yelahanka Zone,,,AL5,13.09957498,77.57478803
Alstom,Maharshi Valmiki Park,,Yelahanka Zone,,,AL6,13.09945403,77.574899
Alstom,Maharshi Valmiki Park,,Yelahanka Zone,,,AL8,13.09941103,77.57555899
Alstom,Maharshi Valmiki Park,,Yelahanka Zone,,,AL9,13.09950097,77.57583702
Broadcom,Sai Baba Temple Park,,South Zone,,,B713,12.918557,77.60194
Broadcom,NIMHANS Badavane park,,South Zone,,,B714,12.919339,77.60327
Broadcom,NIMHANS Badavane park,,South Zone,,,B715,12.919255,77.60315
Broadcom,"CAR Headquarters, chamarajepete",,west zone,,,B72,12.96174397,77.56006798
Broadcom,NALRA Park,,south zone,,,B720,12.92595299,77.59890997
Broadcom,NALRA Park,,south zone,,,B721,12.92611602,77.59899898
Broadcom,NALRA Park,,south zone,,,B722,12.92605097,77.59904701
Broadcom,NALRA Park,,south zone,,,B723,12.92588702,77.59898004
Broadcom,Byrasandra Park,,South Zone,,,B724,12.933564,77.5889
Broadcom,Byrasandra Park,,South Zone,,,B725,12.933545,77.58905
Broadcom,"CAR Headquarters, chamarajepete",,west zone,,,B73,12.96202996,77.55982297
Broadcom,"CAR Headquarters, chamarajepete",,west zone,,,B74,12.961965,77.56000704
Broadcom,"CAR Headquarters, chamarajepete",,west zone,,,B75,12.96190498,77.56002699
Broadcom,"CAR Headquarters, chamarajepete",,west zone,,,B76,12.96180398,77.56000201
Broadcom,"CAR Headquarters, chamarajepete",,west zone,,,B77,12.96175201,77.55998701
Broadcom,"CAR Headquarters, chamarajepete",,west zone,,,B78,12.96183801,77.55986799
Broadcom,"CAR Headquarters, chamarajepete",,west zone,,,B79,12.96187196,77.55974301
Broadcom,NPS School Park,,Bommanahalli Zone,,,B-486,12.89963004,77.52941502
Broadcom,"CAR Headquarters, chamarajepete",,west zone,,,B80,12.96161396,77.55960999
Morgan Stanley,Kittoor Rani Chennamma Park,,Yelahanka Zone,,,MS17,13.10005602,77.57617104
Morgan Stanley,Kittoor Rani Chennamma Park,,Yelahanka Zone,,,MS10,13.09981403,77.57631202
Morgan Stanley,Kittoor Rani Chennamma Park,,Yelahanka Zone,,,MS11,13.10000304,77.576279
Morgan Stanley,Kittoor Rani Chennamma Park,,Yelahanka Zone,,,MS12,13.10016599,77.57626802
Morgan Stanley,Kittoor Rani Chennamma Park,,Yelahanka Zone,,,MS13,13.100283,77.57634999
Morgan Stanley,Kittoor Rani Chennamma Park,,Yelahanka Zone,,,MS14,13.10035701,77.57618898
Morgan Stanley,Kittoor Rani Chennamma Park,,Yelahanka Zone,,,MS15,13.10053898,77.57595403
Morgan Stanley,Kittoor Rani Chennamma Park,,Yelahanka Zone,,,MS16,13.10054803,77.57590399
Morgan Stanley,Kittoor Rani Chennamma Park,,Yelahanka Zone,,,MS18,13.101262,77.57337199
Morgan Stanley,Kittoor Rani Chennamma Park,,Yelahanka Zone,,,MS19,13.10142101,77.57311399
Morgan Stanley,Kittoor Rani Chennamma Park,,Yelahanka Zone,,,MS62,13.10103997,77.57345899
Morgan Stanley,Kittoor Rani Chennamma Park,,Yelahanka Zone,,,MS63,13.10112597,77.57367197
Morgan Stanley,Kittoor Rani Chennamma Park,,Yelahanka Zone,,,MS64,13.10092648,77.57363843
Morgan Stanley,Kittoor Rani Chennamma Park,,Yelahanka Zone,,,MS65,13.1008717,77.57397911
Morgan Stanley,Kittoor Rani Chennamma Park,,Yelahanka Zone,,,MS66,13.10056698,77.57422904
Morgan Stanley,Kittoor Rani Chennamma Park,,Yelahanka Zone,,,MS67,13.10057997,77.57519304
Morgan Stanley,Kittoor Rani Chennamma Park,,Yelahanka Zone,,,MS68,13.10043404,77.575862
Morgan Stanley,Kittoor Rani Chennamma Park,,Yelahanka Zone,,,MS69,13.10031703,77.57600399
Morgan Stanley,Kittoor Rani Chennamma Park,,Yelahanka Zone,,,MS70,13.099708,77.57624497
Morgan Stanley,Kittoor Rani Chennamma Park,,Yelahanka Zone,,,MS71,13.10046799,77.57614103
Morgan Stanley,Sardar Vallabhai Patel (SFS 208) Park,,Yelahanka Zone,,,MS28,13.10083897,77.57301601
Morgan Stanley,Sardar Vallabhai Patel (SFS 208) Park,,Yelahanka Zone,,,MS29,13.10079002,77.57275902
Morgan Stanley,Sardar Vallabhai Patel (SFS 208) Park,,Yelahanka Zone,,,MS30,13.10077703,77.57264704
Morgan Stanley,Sardar Vallabhai Patel (SFS 208) Park,,Yelahanka Zone,,,MS31,13.10082296,77.57256003
Morgan Stanley,Sardar Vallabhai Patel (SFS 208) Park,,Yelahanka Zone,,,MS32,13.10081399,77.57242902
Morgan Stanley,Sardar Vallabhai Patel (SFS 208) Park,,Yelahanka Zone,,,MS33,13.10068801,77.57159201
Morgan Stanley,Sardar Vallabhai Patel (SFS 208) Park,,Yelahanka Zone,,,MS34,13.10053102,77.571447
Morgan Stanley,Sardar Vallabhai Patel (SFS 208) Park,,Yelahanka Zone,,,MS36,13.10040596,77.57118104
Morgan Stanley,Sardar Vallabhai Patel (SFS 208) Park,,Yelahanka Zone,,,MS37,13.09991897,77.57117802
Morgan Stanley,Sardar Vallabhai Patel (SFS 208) Park,,Yelahanka Zone,,,MS38,13.10046597,77.57252801
Morgan Stanley,B.M Shrikantaiah Park,,Yelahanka Zone,,,MS42,13.09891004,77.571648
Morgan Stanley,B.M Shrikantaiah Park,,Yelahanka Zone,,,MS43,13.09923601,77.57179703
Morgan Stanley,B.M Shrikantaiah Park,,Yelahanka Zone,,,MS47,13.09945302,77.57190096
Morgan Stanley,B.M Shrikantaiah Park,,Yelahanka Zone,,,MS48,13.09949602,77.57204304
Morgan Stanley,B.M Shrikantaiah Park,,Yelahanka Zone,,,MS50,13.09971536,77.57218039
Morgan Stanley,B.M Shrikantaiah Park,,Yelahanka Zone,,,MS51,13.09968998,77.57229298
Morgan Stanley,B.M Shrikantaiah Park,,Yelahanka Zone,,,MS53,13.09957297,77.57240396
Morgan Stanley,B.M Shrikantaiah Park,,Yelahanka Zone,,,MS55,13.09961798,77.572253
Morgan Stanley,B.M Shrikantaiah Park,,Yelahanka Zone,,,MS80,13.09945503,77.57283999
Morgan Stanley,B.M Shrikantaiah Park,,Yelahanka Zone,,,MS81,13.09965503,77.57296303
Morgan Stanley,B.M Shrikantaiah Park,,Yelahanka Zone,,,MS82,13.09984144,77.57298959
Morgan Stanley,B.M Shrikantaiah Park,,Yelahanka Zone,,,MS83,13.09978897,77.57293998
Morgan Stanley,B.M Shrikantaiah Park,,Yelahanka Zone,,,MS84,13.09977598,77.57279799
Morgan Stanley,B.M Shrikantaiah Park,,Yelahanka Zone,,,MS85,13.09963399,77.572756
Morgan Stanley,B.M Shrikantaiah Park,,Yelahanka Zone,,,MS52,13.09905396,77.571347
Morgan Stanley,B.M Shrikantaiah Park,,Yelahanka Zone,,,MS54,13.09912998,77.57144499
Morgan Stanley,B.M Shrikantaiah Park,,Yelahanka Zone,,,MS35,13.09971001,77.57200297
Morgan Stanley,B.M Shrikantaiah Park,,Yelahanka Zone,,,MS39,13.09945202,77.57245501
Morgan Stanley,Chowdeshwari Park,,Yelahanka Zone,,,MS25,13.10236959,77.57382731
Morgan Stanley,Chowdeshwari Park,,Yelahanka Zone,,,MS27,13.10219902,77.57368497
Morgan Stanley,Chowdeshwari Park,,Yelahanka Zone,,,MS26,13.10237972,77.57364116
Morgan Stanley,Chowdeshwari Park,,Yelahanka Zone,,,MS28,13.102297,77.574036
Morgan Stanley,Panchakshari Gawai Park,,Yelahanka Zone,,,MS1,13.10320604,77.57445676
Morgan Stanley,Panchakshari Gawai Park,,Yelahanka Zone,,,MS2,13.10331501,77.5744768
Morgan Stanley,Panchakshari Gawai Park,,Yelahanka Zone,,,MS3,13.10321398,77.57487402
Morgan Stanley,Panchakshari Gawai Park,,Yelahanka Zone,,,MS4,13.10312999,77.57483496
Morgan Stanley,Panchakshari Gawai Park,,Yelahanka Zone,,,MS5,13.103088,77.57479901
Morgan Stanley,Panchakshari Gawai Park,,Yelahanka Zone,,,MS6,13.10294199,77.57479297
Morgan Stanley,Panchakshari Gawai Park,,Yelahanka Zone,,,MS7,13.102857,77.57447798
Morgan Stanley,Panchakshari Gawai Park,,Yelahanka Zone,,,MS8,13.10297263,77.57446084
Morgan Stanley,Panchakshari Gawai Park,,Yelahanka Zone,,,MS9,13.10299207,77.57450924
Ujjivan Bank,Santa Sevalal Maharaj Park,,Yelahanka Zone,,,U6,13.10678903,77.57263002
Ujjivan Bank,Santa Sevalal Maharaj Park,,Yelahanka Zone,,,U7,13.10683404,77.57277704
PWC,Duo Marvel layout Park,,Yelahanka Zone,,,PWC99,13.11779397,77.56948899
PWC,Duo Marvel layout Park,,Yelahanka Zone,,,PWC100,13.11772297,77.56926301
PWC,Duo Marvel layout Park,,Yelahanka Zone,,,PWC101,13.11771601,77.56915103
PWC,Duo Marvel layout Park,,Yelahanka Zone,,,PWC102,13.11785197,77.56928002
PWC,Duo Marvel layout Park,,Yelahanka Zone,,,PWC103,13.11805104,77.56950097
PWC,Defence Layout Park Devamatha School,,Yelahanka Zone,,,PWC90,13.08349497,77.55749398
PWC,Defence Layout Park Devamatha School,,Yelahanka Zone,,,PWC91,13.0834,77.55736599
PWC,Defence Layout Park Devamatha School,,Yelahanka Zone,,,PWC92,13.08305399,77.55708997
PWC,Defence Layout Park Devamatha School,,Yelahanka Zone,,,PWC93,13.08345197,77.55713096
PWC,Defence Layout Park Devamatha School,,Yelahanka Zone,,,PWC-94,13.08375397,77.55738501
PWC,Defence Layout Park Devamatha School,,Yelahanka Zone,,,PWC95,13.08356998,77.55759498
Broadcom,"CAR Headquarters, chamarajepete",,west zone,,,B81,12.96214001,77.56000796
Broadcom,"CAR Headquarters, chamarajepete",,west zone,,,B82,12.962124,77.56011098
Broadcom,"CAR Headquarters, chamarajepete",,west zone,,,B83,12.96213498,77.56015398
Broadcom,"CAR Headquarters, chamarajepete",,west zone,,,B84,12.96215099,77.56017703
Broadcom,"CAR Headquarters, chamarajepete",,west zone,,,B85,12.96238996,77.560173
Mphasis,Lalbagh,,Bommanahalli Zone,,,M-151,12.94954,77.58524
Mphasis,Lalbagh,,Bommanahalli Zone,,,M-152,12.94771,77.58446
Mphasis,Lalbagh,,Bommanahalli Zone,,,M-153,12.94702,77.58796
Mphasis,Lalbagh,,Bommanahalli Zone,,,M-154,12.94927,77.5851
Mphasis,Lalbagh,,Bommanahalli Zone,,,M-155,12.94912,77.58507
Mphasis,Lalbagh,,Bommanahalli Zone,,,M-156,12.94913,77.58501
Mphasis,Lalbagh,,Bommanahalli Zone,,,M-157,12.94848,77.58355
Mphasis,Lalbagh,,Bommanahalli Zone,,,M-158,12.94882,77.58355
Mphasis,Lalbagh,,Bommanahalli Zone,,,M-159,12.94906,77.58324
Mphasis,Lalbagh,,Bommanahalli Zone,,,M-160,12.9489,77.58312
Mphasis,Lalbagh,,Bommanahalli Zone,,,M-161,12.94836,77.58293
Mphasis,Lalbagh,,Bommanahalli Zone,,,M-162,12.9486,77.58255
Mphasis,Lalbagh,,Bommanahalli Zone,,,M-163,12.94777,77.58454
Mphasis,Lalbagh,,Bommanahalli Zone,,,M-164,12.94848,77.5825
Mphasis,Lalbagh,,Bommanahalli Zone,,,M-165,12.94761,77.58809
Mphasis,Lalbagh,,Bommanahalli Zone,,,M-166,12.94835,77.58242
Mphasis,Lalbagh,,Bommanahalli Zone,,,M-167,12.94842,77.58229
Mphasis,Lalbagh,,Bommanahalli Zone,,,M-168,12.94847,77.58221
Mphasis,Lalbagh,,Bommanahalli Zone,,,M-169,12.9486,77.58227
Mphasis,Lalbagh,,Bommanahalli Zone,,,M-170,12.94855,77.58158
Mphasis,Lalbagh,,Bommanahalli Zone,,,M-171,12.94865,77.5816
Mphasis,Lalbagh,,Bommanahalli Zone,,,M-172,12.94867,77.58147
Mphasis,Lalbagh,,Bommanahalli Zone,,,M-173,12.9486,77.58128
Mphasis,Lalbagh,,Bommanahalli Zone,,,M-174,12.94779,77.58458
Mphasis,Lalbagh,,Bommanahalli Zone,,,M-175,12.94857,77.58094
Mphasis,Lalbagh,,Bommanahalli Zone,,,M-176,12.94829,77.5813
Mphasis,Lalbagh,,Bommanahalli Zone,,,M-177,12.94769,77.58791
Broadcom,"CAR Headquarters, chamarajepete",,west zone,,,B86,12.96250496,77.56020703
Broadcom,NPS School Park,,Bommanahalli Zone,,,B-487,12.89963599,77.52954796
Broadcom,"CAR Headquarters, chamarajepete",,west zone,,,B87,12.96250303,77.56032798
Broadcom,NPS School Park,,Bommanahalli Zone,,,B-488,12.89964597,77.529699
Broadcom,"CAR Headquarters, chamarajepete",,west zone,,,B88,12.96249398,77.56035699
Broadcom,"CAR Headquarters, chamarajepete",,west zone,,,B89,12.96261703,77.56033503
Broadcom,NPS School Park,,Bommanahalli Zone,,,B-489,12.89965401,77.53002497
Broadcom,NPS School Park,,Bommanahalli Zone,,,B-490,12.89968603,77.53018398
Broadcom,"CAR Headquarters, chamarajepete",,west zone,,,B90,12.96268199,77.56042697
Broadcom,Ramachandra pura park,,Bommanahalli Zone,,,B-491,12.91621,77.54278
Broadcom,"CAR Headquarters, chamarajepete",,west zone,,,B91,12.96268601,77.56057701
Mphasis,Lalbagh,,Bommanahalli Zone,,,M-178,12.94811,77.58123
Mphasis,Lalbagh,,Bommanahalli Zone,,,M-179,12.94793,77.58121
Mphasis,Lalbagh,,Bommanahalli Zone,,,M-180,12.94787,77.58109
Mphasis,Lalbagh,,Bommanahalli Zone,,,M-181,12.94774,77.58071
Mphasis,Lalbagh,,Bommanahalli Zone,,,M-182,12.94778,77.58059
Broadcom,"CAR Headquarters, chamarajepete",,west zone,,,B92,12.96267302,77.56064499
Broadcom,"CAR Headquarters, chamarajepete",,west zone,,,B93,12.962727,77.56062998
Broadcom,"CAR Headquarters, chamarajepete",,west zone,,,B94,12.96275499,77.56048397
Broadcom,"CAR Headquarters, chamarajepete",,west zone,,,B95,12.963374,77.56377496
Broadcom,"CAR Headquarters, chamarajepete",,west zone,,,B96,12.96346704,77.563782
Broadcom,"CAR Headquarters, chamarajepete",,west zone,,,B97,12.96387901,77.56383598
Broadcom,"CAR Headquarters, chamarajepete",,west zone,,,B98,12.96396299,77.56383698
Broadcom,"CAR Headquarters, chamarajepete",,west zone,,,B99,12.963979,77.56374302
Broadcom,Sir. M Vishveshwaraiah Park,,Yelahanka Zone,,,BC -760,13.0983,77.58018
Broadcom,Sir. M Vishveshwaraiah Park,,Yelahanka Zone,,,BC-376,13.09834,77.57996
Broadcom,Sir. M Vishveshwaraiah Park,,Yelahanka Zone,,,BC-383,13.0981,77.57944
Broadcom,Sir. M Vishveshwaraiah Park,,Yelahanka Zone,,,BC-385,13.09825,77.57944
Zebra,Kidwai Hospital,,South zone,,,PW31,12.93403398,77.59463101
Zebra,Kidwai Hospital,,South zone,,,PW32,12.93390599,77.59406003
Zebra,Kidwai Hospital,,South zone,,,PW33,12.93410799,77.59415802
Zebra,Kidwai Hospital,,South zone,,,PW34,12.93418402,77.59417302
Zebra,Kidwai Hospital,,South zone,,,PW35,12.93401898,77.59412901
Zebra,Kidwai Hospital,,South zone,,,PW36,12.93436498,77.59478901
Zebra,Kidwai Hospital,,South zone,,,PW37,12.934166,77.59425801
Broadcom,Sir. M Vishveshwaraiah Park,,Yelahanka Zone,,,BC-386,13.09838,77.57949
Broadcom,Sir. M Vishveshwaraiah Park,,Yelahanka Zone,,,BC-387,13.09834,77.57954
Broadcom,Sir. M Vishveshwaraiah Park,,Yelahanka Zone,,,BC-388,13.09829,77.57947
Broadcom,Sir. M Vishveshwaraiah Park,,Yelahanka Zone,,,BC-390,13.09805,77.5794
Mphasis,"Jayanagar 4th T Block, 28th Main Park(Bangalore one office)",,south zone,,,M-128,12.92602398,77.59325
Mphasis,"Jayanagar 4th T Block, 28th Main Park(Bangalore one office)",,south zone,,,M-129,12.92615097,77.59338998
Mphasis,"Jayanagar 4th T Block, 28th Main Park(Bangalore one office)",,south zone,,,M-130,12.92589398,77.59336098
Broadcom,Sir. M Vishveshwaraiah Park,,Yelahanka Zone,,,BC-391,13.09806,77.5794
Broadcom,Sir. M Vishveshwaraiah Park,,Yelahanka Zone,,,BC-392,13.09795,77.57922
Broadcom,Sir. M Vishveshwaraiah Park,,Yelahanka Zone,,,BC-393,13.09789,77.57923
Broadcom,Sir. M Vishveshwaraiah Park,,Yelahanka Zone,,,BC-394,13.09806,77.57943
Broadcom,Sir. M Vishveshwaraiah Park,,Yelahanka Zone,,,BC-398,13.09769,77.57934
Broadcom,Sir. M Vishveshwaraiah Park,,Yelahanka Zone,,,BC-399,13.09793,77.5792
Broadcom,Sir. M Vishveshwaraiah Park,,Yelahanka Zone,,,BC-400,13.09802,77.57917
Broadcom,Sir. M Vishveshwaraiah Park,,Yelahanka Zone,,,BC-401,13.09813,77.5791
Broadcom,Sir. M Vishveshwaraiah Park,,Yelahanka Zone,,,BC-402,13.09809,77.5791
Broadcom,Sir. M Vishveshwaraiah Park,,Yelahanka Zone,,,BC-403,13.09819,77.57909
Broadcom,Sir. M Vishveshwaraiah Park,,Yelahanka Zone,,,BC-404,13.09824,77.57908
Broadcom,Sir. M Vishveshwaraiah Park,,Yelahanka Zone,,,BC-405,13.09827,77.57914
Broadcom,Sir. M Vishveshwaraiah Park,,Yelahanka Zone,,,BC-406,13.09836,77.57995
Broadcom,Sir. M Vishveshwaraiah Park,,Yelahanka Zone,,,BC-407,13.09834,77.57993
Broadcom,Sir. M Vishveshwaraiah Park,,Yelahanka Zone,,,BC-408,13.0983,77.57981
Broadcom,Sir. M Vishveshwaraiah Park,,Yelahanka Zone,,,BC-409,13.09827,77.57986
Broadcom,Yogi Vemana Park,,Yelahanka Zone,,,BC-413,13.09869,77.57246
Broadcom,Sri Yogi Vemanna Park,,Yelahanka Zone,,,BC-413,13.09869,77.57246
Broadcom,Yogi Vemana Park,,Yelahanka Zone,,,BC-414,13.09863,77.57238
Broadcom,Sri Yogi Vemanna Park,,Yelahanka Zone,,,BC-414,13.09863,77.57238
Broadcom,Yogi Vemana Park,,Yelahanka Zone,,,BC-415,13.09863,77.57231
Broadcom,Sri Yogi Vemanna Park,,Yelahanka Zone,,,BC-415,13.09863,77.57231
Broadcom,Yogi Vemana Park,,Yelahanka Zone,,,BC-416,13.09859,77.57198
Broadcom,Sri Yogi Vemanna Park,,Yelahanka Zone,,,BC-416,13.09859,77.57198
Broadcom,Rashtrakavi kuvempu Park,,Yelahanka Zone,,,BC-740,13.10383,77.57383
Broadcom,Rashtrakavi kuvempu Park,,Yelahanka Zone,,,BC-741,13.10379,77.57386
Broadcom,Rashtrakavi kuvempu Park,,Yelahanka Zone,,,BC-742,13.10357,77.57405
Broadcom,Rashtrakavi kuvempu Park,,Yelahanka Zone,,,BC-743,13.10353,77.57395
Broadcom,Rashtrakavi kuvempu Park,,Yelahanka Zone,,,BC-744,13.10356,77.57395
Broadcom,Rashtrakavi kuvempu Park,,Yelahanka Zone,,,BC-745,13.10379,77.574
Broadcom,Cauvery Park,,Yelahanka Zone,,,BC-755,13.09843,77.57691
Broadcom,Cauvery Park,,Yelahanka Zone,,,BC-756,13.09804,77.5768
Broadcom,Cauvery Park,,Yelahanka Zone,,,BC-757,13.09817,77.57711
Broadcom,Sir. M Vishveshwaraiah Park,,Yelahanka Zone,,,BC-761,13.09828,77.57991
Broadcom,Sir. M Vishveshwaraiah Park,,Yelahanka Zone,,,BC-762,13.09826,77.58013
Broadcom,Sir. M Vishveshwaraiah Park,,Yelahanka Zone,,,BC-763,13.09789,77.57966
Broadcom,Sir. M Vishveshwaraiah Park,,Yelahanka Zone,,,BC-764,13.09804,77.57944
Broadcom,Sir. M Vishveshwaraiah Park,,Yelahanka Zone,,,BC-765,13.09777,77.57933
Broadcom,Sir. M Vishveshwaraiah Park,,Yelahanka Zone,,,BC-766,13.09774,77.57949
Broadcom,Sir. M Vishveshwaraiah Park,,Yelahanka Zone,,,BC-767,13.09783,77.57961
Broadcom,Police Training School Campus,,Yelahanka Zone,,,BC1,13.077014,77.62554003
Broadcom,Police Training School Campus,,Yelahanka Zone,,,BC10,13.07744801,77.62673101
Broadcom,Police Training School Campus,,Yelahanka Zone,,,BC11,13.07772612,77.62684192
Broadcom,Police Training School Campus,,Yelahanka Zone,,,BC12,13.07770096,77.62692703
Broadcom,Police Training School Campus,,Yelahanka Zone,,,BC13,13.07764789,77.6269931
Broadcom,Police Training School Campus,,Yelahanka Zone,,,BC14,13.07764499,77.62707903
Broadcom,Police Training School Campus,,Yelahanka Zone,,,BC15,13.077762,77.62694299
Broadcom,Police Training School Campus,,Yelahanka Zone,,,BC16,13.07780298,77.626858
Broadcom,Police Training School Campus,,Yelahanka Zone,,,BC17,13.07778102,77.62693796
Broadcom,Police Training School Campus,,Yelahanka Zone,,,BC18,13.07781698,77.62691198
Broadcom,Police Training School Campus,,Yelahanka Zone,,,BC19,13.07785696,77.62683604
Broadcom,Police Training School Campus,,Yelahanka Zone,,,BC2,13.07722698,77.62573399
Broadcom,Police Training School Campus,,Yelahanka Zone,,,BC20,13.07704199,77.62825501
Broadcom,Police Training School Campus,,Yelahanka Zone,,,BC24,13.07758204,77.62704299
Broadcom,Police Training School Campus,,Yelahanka Zone,,,BC21,13.07705498,77.62832902
Broadcom,Police Training School Campus,,Yelahanka Zone,,,BC22,13.07703302,77.62843397
Broadcom,Police Training School Campus,,Yelahanka Zone,,,BC25,13.077877,77.62699798
Broadcom,Police Training School Campus,,Yelahanka Zone,,,BC23,13.07702296,77.62843899
Broadcom,Visvaswariah Enclave Park,,Dasarahalli Zone,,,BC231,13.06555,77.53345
Broadcom,Visvaswariah Enclave Park,,Dasarahalli Zone,,,BC232,13.06558,77.53338
Broadcom,Visvaswariah Enclave Park,,Dasarahalli Zone,,,BC233,13.06554,77.53332
Broadcom,Visvaswariah Enclave Park,,Dasarahalli Zone,,,BC234,13.06571,77.53312
Broadcom,Shettihalli Anjaneya Temple Park,,Dasarahalli Zone,,,BC236,13.06662,77.51682
Broadcom,Shettihalli Anjaneya Temple Park,,Dasarahalli Zone,,,BC237,13.06664,77.51698
Broadcom,Shettihalli Anjaneya Temple Park,,Dasarahalli Zone,,,BC238,13.06664,77.51709
Broadcom,Shettihalli Anjaneya Temple Park,,Dasarahalli Zone,,,BC239,13.06667,77.51669
Broadcom,Police Training School Campus,,Yelahanka Zone,,,BC24,13.07696999,77.62836398
Broadcom,Shettihalli Anjaneya Temple Park,,Dasarahalli Zone,,,BC240,13.06679,77.51638
Broadcom,Shettyhalli Park -1,,Dasarahalli Zone,,,BC241,13.06407,77.51468
Broadcom,Shettyhalli Park -1,,Dasarahalli Zone,,,BC242,13.06405,77.51462
Broadcom,Shettihalli park-2,,Dasarahalli Zone,,,BC244,13.06413,77.51444
Broadcom,Shettihalli park-2,,Dasarahalli Zone,,,BC245,13.06412,77.51422
Broadcom,Shettihalli park-2,,Dasarahalli Zone,,,BC247,13.06408,77.51443
Broadcom,MEI Layout Park 5,,Dasarahalli zone,,,BC248,13.05829,77.50542
Broadcom,MEI Layout Park 5,,Dasarahalli zone,,,BC249,13.05831,77.50541
Broadcom,Police Training School Campus,,Yelahanka Zone,,,BC25,13.07687704,77.62844302
Broadcom,MEI Layout Park 5,,Dasarahalli zone,,,BC250,13.05834,77.50525
Broadcom,MEI Layout Park 5,,Dasarahalli zone,,,BC251,13.05845,77.50538
Broadcom,MEI Layout Park 5,,Dasarahalli zone,,,BC252,13.05842,77.50536
Broadcom,MEI Layout Park 5,,Dasarahalli zone,,,BC253,13.0584,77.50515
Broadcom,MEI Layout Park 5,,Dasarahalli zone,,,BC254,13.05838,77.50498
Broadcom,MEI Layout Park 5,,Dasarahalli zone,,,BC255,13.05842,77.50498
Broadcom,MEI Layout Park 5,,Dasarahalli zone,,,BC256,13.05865,77.50503
Broadcom,MEI Layout Park 5,,Dasarahalli zone,,,BC257,13.0586,77.50499
Broadcom,Nela Maheshwari Park,,Dasarahalli Zone,,,BC258,13.04899,77.51055
Broadcom,Nela Maheshwari Park,,Dasarahalli Zone,,,BC259,13.04888,77.51069
Broadcom,Police Training School Campus,,Yelahanka Zone,,,BC26,13.07693202,77.62848602
Broadcom,Nela Maheshwari Park,,Dasarahalli Zone,,,BC260,13.04912,77.51062
Broadcom,Gruhalakshmi Layout Park 2,,Dasarahalli zone,,,BC261,13.03265,77.49814
Broadcom,Gruhalakshmi Layout Park 2,,Dasarahalli zone,,,BC262,13.0326,77.4981
Broadcom,Gruhalakshmi Layout Park 2,,Dasarahalli zone,,,BC263,13.03258,77.49821
Broadcom,Gruhalakshmi Layout Park 2,,Dasarahalli zone,,,BC264,13.03239,77.4982
Broadcom,Gruhalakshmi Layout Park 2,,Dasarahalli zone,,,BC265,13.03241,77.4984
Broadcom,Gruhalakshmi Layout Park 2,,Dasarahalli zone,,,BC266,13.03261,77.49834
Broadcom,Gruhalakshmi Layout Park 2,,Dasarahalli zone,,,BC267,13.03257,77.49853
Broadcom,Gruhalakshmi Layout Park 2,,Dasarahalli zone,,,BC268,13.0326,77.49856
Broadcom,Gurahalakshmi Layout Part 4,,Dasarahalli zone,,,BC269,13.0297,77.49879
Broadcom,Police Training School Campus,,Yelahanka Zone,,,BC27,13.07696102,77.62853799
Broadcom,Gurahalakshmi Layout Part 4,,Dasarahalli zone,,,BC270,13.0296,77.49871
Broadcom,Gurahalakshmi Layout Part 4,,Dasarahalli zone,,,BC271,13.02965,77.49888
Broadcom,Gurahalakshmi Layout Part 4,,Dasarahalli zone,,,BC272,13.02966,77.49899
Broadcom,Gurahalakshmi Layout Part 4,,Dasarahalli zone,,,BC273,13.02976,77.49901
Broadcom,Gurahalakshmi Layout Part 4,,Dasarahalli zone,,,BC274,13.02983,77.49906
Broadcom,Gurahalakshmi Layout Part 4,,Dasarahalli zone,,,BC275,13.02976,77.49921
Broadcom,Gurahalakshmi Layout Part 4,,Dasarahalli zone,,,BC276,13.02982,77.49933
Broadcom,Gurahalakshmi Layout Part 4,,Dasarahalli zone,,,BC277,13.02983,77.49942
Broadcom,Gruhalakshmi Layout Park 1,,Dasarahalli zone,,,BC278,13.0259,77.49661
Broadcom,Gruhalakshmi Layout Park 1,,Dasarahalli zone,,,BC279,13.02593,77.49663
Broadcom,Police Training School Campus,,Yelahanka Zone,,,BC28,13.07697401,77.62855902
Broadcom,Gruhalakshmi Layout Park 1,,Dasarahalli zone,,,BC280,13.0259,77.49684
Broadcom,Gruhalakshmi Layout Park 1,,Dasarahalli zone,,,BC281,13.02597,77.49705
Broadcom,Gruhalakshmi Layout Park 1,,Dasarahalli zone,,,BC282,13.02598,77.49716
Broadcom,Police Training School Campus,,Yelahanka Zone,,,BC29,13.07695901,77.62855902
Broadcom,BBMP Nursery Park,,Dasarahalli zone,,,BC290,13.06855,77.50138
Broadcom,BBMP Nursery Park,,Dasarahalli zone,,,BC291,13.06847,77.50129
Broadcom,BBMP Nursery Park,,Dasarahalli zone,,,BC292,13.06849,77.50111
Broadcom,BBMP Nursery Park,,Dasarahalli zone,,,BC293,13.06864,77.50136
Broadcom,Kirloskar Layout Park 2,,Dasarahalli zone,,,BC294,13.06554,77.5019
Broadcom,Kirloskar Layout Park 2,,Dasarahalli zone,,,BC295,13.06552,77.50191
Broadcom,District Armed Reserve Police Campus,,Yelahanka Zone,,,BC296,12.994452,77.479164
Broadcom,Kirloskar Layout Park 2,,Dasarahalli zone,,,BC296,13.06559,77.50193
Broadcom,District Armed Reserve Police Campus,,Yelahanka Zone,,,BC297,12.99461201,77.47922896
Broadcom,District Armed Reserve Police Campus,,Yelahanka Zone,,,BC298,12.99470698,77.47919904
Broadcom,District Armed Reserve Police Campus,,Yelahanka Zone,,,BC299,12.99476498,77.47922603
Broadcom,Police Training School Campus,,Yelahanka Zone,,,BC3,13.07709899,77.62575402
Broadcom,Police Training School Campus,,Yelahanka Zone,,,BC30,13.07689296,77.62855902
Broadcom,District Armed Reserve Police Campus,,Yelahanka Zone,,,BC300,12.99480001,77.47922796
Broadcom,District Armed Reserve Police Campus,,Yelahanka Zone,,,BC301,12.994883,77.47926601
Broadcom,District Armed Reserve Police Campus,,Yelahanka Zone,,,BC302,12.99489498,77.47933097
Broadcom,District Armed Reserve Police Campus,,Yelahanka Zone,,,BC303,12.99489498,77.47937104
Broadcom,District Armed Reserve Police Campus,,Yelahanka Zone,,,BC304,12.99484704,77.479364
Broadcom,District Armed Reserve Police Campus,,Yelahanka Zone,,,BC305,12.99481301,77.47930097
Broadcom,District Armed Reserve Police Campus,,Yelahanka Zone,,,BC306,12.99477696,77.47928202
Broadcom,District Armed Reserve Police Campus,,Yelahanka Zone,,,BC308,12.99320703,77.47886804
Broadcom,District Armed Reserve Police Campus,,Yelahanka Zone,,,BC307,12.99428998,77.47909301
Broadcom,District Armed Reserve Police Campus,,Yelahanka Zone,,,BC309,12.99393903,77.47905504
Broadcom,District Armed Reserve Police Campus,,Yelahanka Zone,,,BC310,12.99399502,77.47910198
Broadcom,District Armed Reserve Police Campus,,Yelahanka Zone,,,BC311,12.99394297,77.47922402
Broadcom,District Armed Reserve Police Campus,,Yelahanka Zone,,,BC313,12.99382302,77.47949501
Broadcom,District Armed Reserve Police Campus,,Yelahanka Zone,,,BC314,12.99377499,77.47962501
Broadcom,District Armed Reserve Police Campus,,Yelahanka Zone,,,BC316,12.99388999,77.47912101
Broadcom,District Armed Reserve Police Campus,,Yelahanka Zone,,,BC318,12.99326403,77.47881901
Broadcom,District Armed Reserve Police Campus,,Yelahanka Zone,,,BC319,12.99324299,77.47889897
Broadcom,District Armed Reserve Police Campus,,Yelahanka Zone,,,BC320,12.99320502,77.47898597
Broadcom,District Armed Reserve Police Campus,,Yelahanka Zone,,,BC321,12.99316898,77.47911296
Broadcom,District Armed Reserve Police Campus,,Yelahanka Zone,,,BC322,12.99309923,77.47876572
Broadcom,District Armed Reserve Police Campus,,Yelahanka Zone,,,BC323,12.99300094,77.4787502
Broadcom,District Armed Reserve Police Campus,,Yelahanka Zone,,,BC324,12.99291052,77.478731
Broadcom,District Armed Reserve Police Campus,,Yelahanka Zone,,,BC325,12.99278098,77.47880601
Broadcom,District Armed Reserve Police Campus,,Yelahanka Zone,,,BC326,12.99274804,77.47877399
Broadcom,District Armed Reserve Police Campus,,Yelahanka Zone,,,BC327,12.99278002,77.47869463
Broadcom,District Armed Reserve Police Campus,,Yelahanka Zone,,,BC328,12.99263011,77.47857906
Broadcom,District Armed Reserve Police Campus,,Yelahanka Zone,,,BC329,12.992439,77.47852497
Broadcom,District Armed Reserve Police Campus,,Yelahanka Zone,,,BC330,12.99240103,77.47862203
Broadcom,District Armed Reserve Police Campus,,Yelahanka Zone,,,BC331,12.99240204,77.47855003
Broadcom,District Armed Reserve Police Campus,,Yelahanka Zone,,,BC332,12.99221998,77.47863997
Broadcom,District Armed Reserve Police Campus,,Yelahanka Zone,,,BC335,12.99203198,77.47860703
Broadcom,District Armed Reserve Police Campus,,Yelahanka Zone,,,BC336,12.99184799,77.47848004
Broadcom,District Armed Reserve Police Campus,,Yelahanka Zone,,,BC337,12.99179804,77.478488
Broadcom,District Armed Reserve Police Campus,,Yelahanka Zone,,,BC340,12.99161799,77.47843402
Broadcom,District Armed Reserve Police Campus,,Yelahanka Zone,,,BC343,12.99155002,77.47831701
Broadcom,District Armed Reserve Police Campus,,Yelahanka Zone,,,BC344,12.991447,77.47831802
Broadcom,District Armed Reserve Police Campus,,Yelahanka Zone,,,BC345,12.99151196,77.47842497
Broadcom,District Armed Reserve Police Campus,,Yelahanka Zone,,,BC347,12.99142303,77.47840402
Broadcom,Armed Personnel Training School Campus,,Yelahanka Zone,,,BC349,13.12393304,77.60415
Broadcom,Armed Personnel Training School Campus,,Yelahanka Zone,,,BC350,13.12387998,77.60433599
Broadcom,Armed Personnel Training School Campus,,Yelahanka Zone,,,BC355,13.12356398,77.605085
Broadcom,Armed Personnel Training School Campus,,Yelahanka Zone,,,BC356,13.12375903,77.60519799
Broadcom,Armed Personnel Training School Campus,,Yelahanka Zone,,,BC357,13.12380304,77.60507997
Broadcom,Armed Personnel Training School Campus,,Yelahanka Zone,,,BC358,13.12382801,77.60500303
Broadcom,Armed Personnel Training School Campus,,Yelahanka Zone,,,BC359,13.12384503,77.60489498
Broadcom,Armed Personnel Training School Campus,,Yelahanka Zone,,,BC360,13.12390597,77.60479398
Broadcom,Armed Personnel Training School Campus,,Yelahanka Zone,,,BC361,13.12395198,77.60465099
Broadcom,Armed Personnel Training School Campus,,Yelahanka Zone,,,BC362,13.12399699,77.60467596
Broadcom,Armed Personnel Training School Campus,,Yelahanka Zone,,,BC363,13.12401602,77.60464604
Broadcom,Armed Personnel Training School Campus,,Yelahanka Zone,,,BC364,13.12401099,77.60469398
Broadcom,Armed Personnel Training School Campus,,Yelahanka Zone,,,BC365,13.12398903,77.60476498
Broadcom,Armed Personnel Training School Campus,,Yelahanka Zone,,,BC366,13.12418198,77.60474696
Broadcom,Armed Personnel Training School Campus,,Yelahanka Zone,,,BC367,13.12426798,77.60480597
Broadcom,Armed Personnel Training School Campus,,Yelahanka Zone,,,BC368,13.124458,77.60487604
Broadcom,Armed Personnel Training School Campus,,Yelahanka Zone,,,BC369,13.12477198,77.60563502
Broadcom,Armed Personnel Training School Campus,,Yelahanka Zone,,,BC370,13.12486704,77.605372
Broadcom,Armed Personnel Training School Campus,,Yelahanka Zone,,,BC371,13.12489101,77.60523202
Broadcom,Armed Personnel Training School Campus,,Yelahanka Zone,,,BC372,13.12295001,77.60330896
Broadcom,Armed Personnel Training School Campus,,Yelahanka Zone,,,BC373,13.12294104,77.603229
Broadcom,Armed Personnel Training School Campus,,Yelahanka Zone,,,BC374,13.122818,77.60324199
Broadcom,Police Training School Campus,,Yelahanka Zone,,,BC4,13.07732304,77.62582996
Broadcom,Madiwala Machayya Park,,Yelahanka Zone,,,BC419,13.10598102,77.57067
Broadcom,Madiwala Machayya Park,,Yelahanka Zone,,,BC420,13.10587197,77.57060504
Broadcom,Madiwala Machayya Park,,Yelahanka Zone,,,BC421,13.10590298,77.570772
Broadcom,Madiwala Machayya Park,,Yelahanka Zone,,,BC422,13.10590901,77.57083604
Broadcom,Madiwala Machayya Park,,Yelahanka Zone,,,BC423,13.10558497,77.571031
Broadcom,Madiwala Machayya Park,,Yelahanka Zone,,,BC426,13.10584498,77.57137299
Broadcom,Madiwala Machayya Park,,Yelahanka Zone,,,BC427,13.10585797,77.571433
Broadcom,Sahakarnagar Park 1,,Yelahanka Zone,,,BC429,13.06288697,77.58587502
Broadcom,Sahakarnagar Park 1,,Yelahanka Zone,,,BC430,13.06277297,77.58580796
Broadcom,Sahakarnagar Park 1,,Yelahanka Zone,,,BC431,13.06257681,77.58605353
Broadcom,Sahakarnagar Park 1,,Yelahanka Zone,,,BC432,13.06238598,77.586274
Broadcom,Sahakarnagar Park 1,,Yelahanka Zone,,,BC433,13.06216302,77.58671497
Broadcom,Sahakarnagar Park 1,,Yelahanka Zone,,,BC434,13.06226696,77.586994
Broadcom,Sahakarnagar Park 1,,Yelahanka Zone,,,BC435,13.06242102,77.58681203
Broadcom,Sahakarnagar Park 1,,Yelahanka Zone,,,BC436,13.06263644,77.58656485
Broadcom,Sahakarnagar Park 1,,Yelahanka Zone,,,BC437,13.06292402,77.58612396
Broadcom,Sahakarnagar Park 1,,Yelahanka Zone,,,BC438,13.06302502,77.58598901
Broadcom,District Armed Reserve Police Campus,,Yelahanka Zone,,,BC497,12.99192301,77.47839597
Broadcom,District Armed Reserve Police Campus,,Yelahanka Zone,,,BC498,12.99182,77.47839497
Broadcom,District Armed Reserve Police Campus,,Yelahanka Zone,,,BC499,12.99188001,77.47830302
Broadcom,Police Training School Campus,,Yelahanka Zone,,,BC5,13.07716797,77.62663999
Broadcom,District Armed Reserve Police Campus,,Yelahanka Zone,,,BC500,12.991821,77.47826899
Broadcom,District Armed Reserve Police Campus,,Yelahanka Zone,,,BC501,12.99175504,77.47820998
Broadcom,District Armed Reserve Police Campus,,Yelahanka Zone,,,BC503,12.99160601,77.47826899
Broadcom,District Armed Reserve Police Campus,,Yelahanka Zone,,,BC505,12.99163601,77.47813202
Broadcom,District Armed Reserve Police Campus,,Yelahanka Zone,,,BC507,12.99134399,77.47810302
Broadcom,District Armed Reserve Police Campus,,Yelahanka Zone,,,BC510,12.99125103,77.47799498
Broadcom,District Armed Reserve Police Campus,,Yelahanka Zone,,,BC512,12.99115397,77.47816899
Broadcom,District Armed Reserve Police Campus,,Yelahanka Zone,,,BC514,12.99108298,77.47803102
Broadcom,District Armed Reserve Police Campus,,Yelahanka Zone,,,BC515,12.99100896,77.47789096
Broadcom,District Armed Reserve Police Campus,,Yelahanka Zone,,,BC516,12.990915,77.477883
Broadcom,District Armed Reserve Police Campus,,Yelahanka Zone,,,BC518,12.99083504,77.47787001
Broadcom,District Armed Reserve Police Campus,,Yelahanka Zone,,,BC520,12.990814,77.47778803
Broadcom,District Armed Reserve Police Campus,,Yelahanka Zone,,,BC521,12.99071702,77.47777697
Broadcom,District Armed Reserve Police Campus,,Yelahanka Zone,,,BC528,12.99074602,77.47821802
Broadcom,District Armed Reserve Police Campus,,Yelahanka Zone,,,BC529,12.99086496,77.47826496
Broadcom,District Armed Reserve Police Campus,,Yelahanka Zone,,,BC531,12.99098902,77.478243
Broadcom,District Armed Reserve Police Campus,,Yelahanka Zone,,,BC534,12.99125296,77.47839899
Broadcom,District Armed Reserve Police Campus,,Yelahanka Zone,,,BC536,12.99269197,77.47897902
Broadcom,District Armed Reserve Police Campus,,Yelahanka Zone,,,BC537,12.99261703,77.47899503
Broadcom,District Armed Reserve Police Campus,,Yelahanka Zone,,,BC538,12.992683,77.47898002
Broadcom,District Armed Reserve Police Campus,,Yelahanka Zone,,,BC539,12.99276397,77.47895001
Broadcom,District Armed Reserve Police Campus,,Yelahanka Zone,,,BC540,12.99283597,77.47901598
Broadcom,District Armed Reserve Police Campus,,Yelahanka Zone,,,BC542,12.992985,77.478847
Broadcom,District Armed Reserve Police Campus,,Yelahanka Zone,,,BC543,12.99303101,77.47888598
Broadcom,District Armed Reserve Police Campus,,Yelahanka Zone,,,BC544,12.99293102,77.47902503
Morgan Stanley,Ayush Private park layout,,RR Nagar Zone,,,MS142,12.99691804,77.48622199
Morgan Stanley,Ayush Private park layout,,RR Nagar Zone,,,MS143,12.99687797,77.48627898
Morgan Stanley,Ayush Private park layout,,RR Nagar Zone,,,MS144,12.99676901,77.48619097
Morgan Stanley,Ayush Private park layout,,RR Nagar Zone,,,MS145,12.99688904,77.48619902
Morgan Stanley,Ayush Private park layout,,RR Nagar Zone,,,MS146,12.99674897,77.48624504
Morgan Stanley,Ayush Private park layout,,RR Nagar Zone,,,MS147,12.99674998,77.48630304
Morgan Stanley,Ayush Private park layout,,RR Nagar Zone,,,MS148,12.99669399,77.48624998
Morgan Stanley,Ayush Private park layout,,RR Nagar Zone,,,MS149,12.99674897,77.48619801
Morgan Stanley,Ayush Private park layout,,RR Nagar Zone,,,MS151,12.99691603,77.48617999
Morgan Stanley,Ayush Private park layout,,RR Nagar Zone,,,MS153,12.99669097,77.486469
Morgan Stanley,Ayush Private park layout,,RR Nagar Zone,,,MS154,12.99661403,77.486411
Morgan Stanley,Ayush Private park layout,,RR Nagar Zone,,,MS155,12.99652903,77.48644
Morgan Stanley,Ayush Private park layout,,RR Nagar Zone,,,MS156,12.99647497,77.486353
Morgan Stanley,Ayush Private park layout,,RR Nagar Zone,,,MS157,12.99650498,77.48628996
Morgan Stanley,Ayush Private park layout,,RR Nagar Zone,,,MS158,12.99656298,77.48630203
Morgan Stanley,Ayush Private park layout,,RR Nagar Zone,,,MS159,12.99663498,77.48640597
Morgan Stanley,Syndicate Bank 2nd Main Park,,RR Nagar Zone,,,MS121,12.99640004,77.48741196
Morgan Stanley,Syndicate Bank 2nd Main Park,,RR Nagar Zone,,,MS122,12.99638797,77.48755798
Morgan Stanley,Syndicate Bank 2nd Main Park,,RR Nagar Zone,,,MS123,12.996451,77.48760299
Morgan Stanley,Syndicate Bank 2nd Main Park,,RR Nagar Zone,,,MS124,12.99634002,77.48777297
Morgan Stanley,Syndicate Bank 2nd Main Park,,RR Nagar Zone,,,MS125,12.99641998,77.487821
Morgan Stanley,Syndicate Bank 2nd Main Park,,RR Nagar Zone,,,MS126,12.99624799,77.48765102
Morgan Stanley,Syndicate Bank 2nd Main Park,,RR Nagar Zone,,,MS127,12.996294,77.487922
Morgan Stanley,Syndicate Bank 2nd Main Park,,RR Nagar Zone,,,MS128,12.99631999,77.48800297
Morgan Stanley,Syndicate Bank 2nd Main Park,,RR Nagar Zone,,,MS129,12.99625704,77.48798797
Morgan Stanley,Syndicate Bank 2nd Main Park,,RR Nagar Zone,,,MS130,12.99619501,77.48804304
Morgan Stanley,Syndicate Bank 2nd Main Park,,RR Nagar Zone,,,MS131,12.99613902,77.48799501
Morgan Stanley,Syndicate Bank 2nd Main Park,,RR Nagar Zone,,,MS132,12.99608203,77.48825703
Morgan Stanley,Syndicate Bank 2nd Main Park,,RR Nagar Zone,,,MS133,12.996193,77.488209
Morgan Stanley,Syndicate Bank 2nd Main Park,,RR Nagar Zone,,,MS134,12.99621404,77.48824999
Morgan Stanley,Syndicate Bank 2nd Main Park,,RR Nagar Zone,,,MS135,12.99647799,77.48833599
Morgan Stanley,Syndicate Bank 2nd Main Park,,RR Nagar Zone,,,MS136,12.996451,77.48824303
Morgan Stanley,Syndicate Bank 2nd Main Park,,RR Nagar Zone,,,MS137,12.99665099,77.48815603
Morgan Stanley,Syndicate Bank 2nd Main Park,,RR Nagar Zone,,,MS138,12.99648796,77.488122
Morgan Stanley,Syndicate Bank 2nd Main Park,,RR Nagar Zone,,,MS139,12.99662802,77.48802502
Morgan Stanley,Syndicate Bank 2nd Main Park,,RR Nagar Zone,,,MS140,12.99637699,77.48812702
Morgan Stanley,Tunganagara Cricket Ground & Park,,RR Nagar Zone,,,MS159,12.99551801,77.48582703
Morgan Stanley,Tunganagara Cricket Ground & Park,,RR Nagar Zone,,,MS160,12.99561499,77.485534
Morgan Stanley,Tunganagara Cricket Ground & Park,,RR Nagar Zone,,,MS161,12.99551298,77.48554699
Morgan Stanley,Tunganagara Cricket Ground & Park,,RR Nagar Zone,,,MS162,12.99526898,77.48545898
Morgan Stanley,Tunganagara Cricket Ground & Park,,RR Nagar Zone,,,MS163,12.99507796,77.48545504
Morgan Stanley,Tunganagara Cricket Ground & Park,,RR Nagar Zone,,,MS164,12.99505801,77.48568001
Morgan Stanley,Tunganagara Cricket Ground & Park,,RR Nagar Zone,,,MS165,12.99497503,77.48588897
Morgan Stanley,Tunganagara Cricket Ground & Park,,RR Nagar Zone,,,MS166,12.99501199,77.486182
Morgan Stanley,Tunganagara Cricket Ground & Park,,RR Nagar Zone,,,MS167,12.99532296,77.48620103
Target Corporation,Boulevard Park-1,,East Zone,,,TA21,13.04037301,77.56841803
Target Corporation,Boulevard Park-1,,East Zone,,,TA23,13.03976197,77.56850302
Target Corporation,Boulevard Park-1,,East Zone,,,TA24,13.03961998,77.56852901
Target Corporation,Boulevard Park-1,,East Zone,,,TA25,13.03936902,77.56856496
Target Corporation,Boulevard Park-1,,East Zone,,,TA27,13.03882102,77.56840898
Target Corporation,Boulevard Park-1,,East Zone,,,TA29,13.03911899,77.56840101
Target Corporation,Boulevard Park-1,,East Zone,,,TA30,13.03948704,77.568341
Target Corporation,Boulevard Park-1,,East Zone,,,TA31,13.03989599,77.56827696
Target Corporation,Boulevard Park-1,,East Zone,,,TA32,13.04007604,77.56830001
Target Corporation,Boulevard Park-1,,East Zone,,,TA33,13.04046303,77.56821502
Target Corporation,Boulevard Park-1,,East Zone,,,TA34,13.04071901,77.56817797
Target Corporation,Boulevard Park-1,,East Zone,,,TA22,13.03921798,77.56858701
Target Corporation,Boulevard Park-1,,East Zone,,,TA44,13.039998,77.56847997
Target Corporation,Boulevard Park-2,,East Zone,,,TA35,13.04220001,77.56830798
Target Corporation,Boulevard Park-2,,East Zone,,,TA36,13.04204604,77.56825802
Target Corporation,Boulevard Park-2,,East Zone,,,TA37,13.04187899,77.56826498
Target Corporation,Boulevard Park-2,,East Zone,,,TA38,13.041724,77.56830202
Target Corporation,Boulevard Park-2,,East Zone,,,TA39,13.04150498,77.568241
Target Corporation,Boulevard Park-2,,East Zone,,,TA40,13.04118698,77.568327
Target Corporation,Boulevard Park-2,,East Zone,,,TA41,13.04228299,77.56808803
Target Corporation,Boulevard Park-3,,East Zone,,,TA45,13.04275699,77.56801201
Target Corporation,Boulevard Park-3,,East Zone,,,TA46,13.04289998,77.56800598
Target Corporation,Boulevard Park-3,,East Zone,,,TA47,13.04304097,77.56815299
Target Corporation,Boulevard Park-3,,East Zone,,,TA48,13.043334,77.56826397
Target Corporation,Boulevard Park-3,,East Zone,,,TA49,13.04353299,77.56818904
Target Corporation,Boulevard Park-3,,East Zone,,,TA52,13.04430404,77.56835902
Target Corporation,Boulevard Park-3,,East Zone,,,TA53,13.044398,77.568326
Target Corporation,Boulevard Park-3,,East Zone,,,TA54,13.04279001,77.56833002
Target Corporation,Boulevard Park-3,,East Zone,,,TA55,13.04274903,77.56826498
Target Corporation,Boulevard Park-3,,East Zone,,,TA58,13.04317801,77.56840596
Target Corporation,Boulevard Park-3,,East Zone,,,TA59,13.04330198,77.56840504
Target Corporation,Boulevard Park-3,,East Zone,,,TA60,13.04342704,77.568398
Target Corporation,Boulevard Park-3,,East Zone,,,TA61,13.04359401,77.56842398
Target Corporation,Boulevard Park-3,,East Zone,,,TA62,13.04363198,77.56848299
Target Corporation,Boulevard Park-3,,East Zone,,,TA63,13.04412701,77.56850503
Target Corporation,Boulevard Park-3,,East Zone,,,TA64,13.04440596,77.56860101
Target Corporation,Boulevard Park-3,,East Zone,,,TA65,13.04466697,77.56855499
Target Corporation,Boulevard Park-3,,East Zone,,,TA66,13.04461702,77.56860897
Target Corporation,Boulevard Park-3,,East Zone,,,TA67,13.04388997,77.56827797
Informatica,Jnanaganapthi temple Park,,RR Nagar Zone,,,INFORMATICA-57,12.946764,77.49175597
Informatica,Jnanaganapthi temple Park,,RR Nagar Zone,,,INFORMATICA-58,12.94676199,77.49166704
Informatica,Jnanaganapthi temple Park,,RR Nagar Zone,,,INFORMATICA-59,12.94684396,77.49176896
Informatica,Jnanaganapthi temple Park,,RR Nagar Zone,,,INFORMATICA-60,12.94698101,77.49189796
Informatica,Jnanaganapthi temple Park,,RR Nagar Zone,,,INFORMATICA-61,12.94707497,77.49202704
Informatica,Jnanaganapthi temple Park,,RR Nagar Zone,,,INFORMATICA-62,12.94698897,77.49208001
Informatica,Jnanaganapthi temple Park,,RR Nagar Zone,,,INFORMATICA-63,12.94675504,77.49154928
Informatica,Jnanaganapthi temple Park,,RR Nagar Zone,,,INFORMATICA-64,12.94674095,77.49161925
Informatica,Govt Press Layout 2nd Park,,RR Nagar Zone,,,INFORMATICA-65,12.94818699,77.49048603
Informatica,Govt Press Layout 2nd Park,,RR Nagar Zone,,,INFORMATICA-66,12.94820602,77.49063104
Informatica,Govt Press Layout 2nd Park,,RR Nagar Zone,,,INFORMATICA-67,12.94826101,77.49028402
Informatica,Govt Press Layout 2nd Park,,RR Nagar Zone,,,INFORMATICA-68,12.948274,77.49018797
Informatica,Govt Press Layout 2nd Park,,RR Nagar Zone,,,INFORMATICA-69,12.94837285,77.49009554
Informatica,Govt Press Layout 2nd Park,,RR Nagar Zone,,,INFORMATICA-70,12.94806998,77.490466
Informatica,Govt Press Layout 2nd Park,,RR Nagar Zone,,,INFORMATICA-71,12.94806504,77.49061796
Informatica,Govt Press Layout 2nd Park,,RR Nagar Zone,,,INFORMATICA-72,12.94825003,77.490525
Informatica,Govt Press Layout 2nd Park,,RR Nagar Zone,,,INFORMATICA-73,12.94813897,77.49057597
Informatica,Govt Press Layout 1st Park,,RR Nagar Zone,,,INFORMATICA-74,12.949741,77.491057
Informatica,Govt Press Layout 1st Park,,RR Nagar Zone,,,INFORMATICA-75,12.94977796,77.49076498
Informatica,Govt Press Layout 1st Park,,RR Nagar Zone,,,INFORMATICA-76,12.94983102,77.49083002
Informatica,Govt Press Layout 1st Park,,RR Nagar Zone,,,INFORMATICA-77,12.94984301,77.49102901
Informatica,Govt Press Layout 1st Park,,RR Nagar Zone,,,INFORMATICA-78,12.94987301,77.49106497
Morgan Stanley,vishveshwaraiah park,,RR Nagar Zone,,,MS47,12.95216597,77.47997898
Morgan Stanley,vishveshwaraiah park,,RR Nagar Zone,,,MS48,12.95219899,77.48005299
Morgan Stanley,vishveshwaraiah park,,RR Nagar Zone,,,MS49,12.95257098,77.48017604
Morgan Stanley,vishveshwaraiah park,,RR Nagar Zone,,,MS50,12.95268799,77.48016598
Morgan Stanley,vishveshwaraiah park,,RR Nagar Zone,,,MS51,12.95196698,77.48003497
Morgan Stanley,vishveshwaraiah park,,RR Nagar Zone,,,MS52,12.95229899,77.47966097
Morgan Stanley,Bharathnagar 2nd Stage Park,,RR Nagar Zone,,,MS112,12.97943397,77.47624903
Morgan Stanley,Bharathnagar 2nd Stage Park,,RR Nagar Zone,,,MS110,12.9790341,77.47603992
Morgan Stanley,Bharathnagar 2nd Stage Park,,RR Nagar Zone,,,MS111,12.97930799,77.47613898
Morgan Stanley,Bharathnagar 2nd Stage Park,,RR Nagar Zone,,,MS113,12.97950204,77.476172
Morgan Stanley,Bharathnagar 2nd Stage Park,,RR Nagar Zone,,,MS114,12.97963296,77.47627996
Morgan Stanley,Bharathnagar 2nd Stage Park,,RR Nagar Zone,,,MS115,12.97955006,77.47616955
Morgan Stanley,Srigandha Kaval Park,,RR Nagar Zone,,,MS105,12.97781099,77.50315704
Morgan Stanley,Srigandha Kaval Park,,RR Nagar Zone,,,MS106,12.97758501,77.50290298
Morgan Stanley,Srigandha Kaval Park,,RR Nagar Zone,,,MS107,12.97753296,77.503352
Morgan Stanley,Srigandha Kaval Park,,RR Nagar Zone,,,MS108,12.97776497,77.503481
Morgan Stanley,Srigandha Kaval Park,,RR Nagar Zone,,,MS109,12.97767797,77.50318
Morgan Stanley,Annapoorneshwari BBMP Park,,RR Nagar Zone,,,MS93,12.9796,77.50765
Morgan Stanley,Annapoorneshwari BBMP Park,,RR Nagar Zone,,,MS94,12.97952,77.50751
Morgan Stanley,Annapoorneshwari BBMP Park,,RR Nagar Zone,,,MS95,12.97948,77.50741
Morgan Stanley,Annapoorneshwari BBMP Park,,RR Nagar Zone,,,MS96,12.97941,77.5075
Morgan Stanley,Annapoorneshwari BBMP Park,,RR Nagar Zone,,,MS97,12.97941,77.50766
Morgan Stanley,Ramakrishna hegde park,,RR Nagar Zone,,,MS87,12.97686,77.51231
Morgan Stanley,Ramakrishna hegde park,,RR Nagar Zone,,,MS88,12.97674,77.51236
Morgan Stanley,Ramakrishna hegde park,,RR Nagar Zone,,,MS89,12.97696,77.51225
Morgan Stanley,Ramakrishna hegde park,,RR Nagar Zone,,,MS90,12.97701,77.51212
Morgan Stanley,Ramakrishna hegde park,,RR Nagar Zone,,,MS91,12.97704,77.51209
Morgan Stanley,Ramakrishna hegde park,,RR Nagar Zone,,,MS92,12.97713,77.5122
Morgan Stanley,Prasanna anjaneya park,,RR Nagar Zone,,,MS103,12.97724,77.51291
Morgan Stanley,Prasanna anjaneya park,,RR Nagar Zone,,,MS104,12.9771,77.51319
Morgan Stanley,Chamundeshwari Park/ Budda Park,,RR Nagar Zone,,,MS98,12.97974,77.51343
Morgan Stanley,Chamundeshwari Park/ Budda Park,,RR Nagar Zone,,,MS99,12.97954,77.51329
Morgan Stanley,Chamundeshwari Park/ Budda Park,,RR Nagar Zone,,,MS100,12.97997,77.5133
Morgan Stanley,Chamundeshwari Park/ Budda Park,,RR Nagar Zone,,,MS102,12.97935,77.5138
Morgan Stanley,Chamundeshwari Park/ Budda Park,,RR Nagar Zone,,,MS101,12.98011,77.51331
Morgan Stanley,Ravi Gym Park,,RR Nagar Zone,,,MS83,12.97311,77.51216
Morgan Stanley,Ravi Gym Park,,RR Nagar Zone,,,MS84,12.97319,77.51218
Morgan Stanley,Ravi Gym Park,,RR Nagar Zone,,,MS85,12.97321,77.5123
Morgan Stanley,Ravi Gym Park,,RR Nagar Zone,,,MS86,12.9731,77.51248
Morgan Stanley,Vinayaka nursery park,,RR Nagar Zone,,,MS60,12.97062,77.50958
Morgan Stanley,Vinayaka nursery park,,RR Nagar Zone,,,MS51,12.97029,77.50943
Morgan Stanley,Vinayaka nursery park,,RR Nagar Zone,,,MS52,12.97044,77.50953
Morgan Stanley,Vinayaka nursery park,,RR Nagar Zone,,,MS53,12.97001,77.50926
Morgan Stanley,Vinayaka nursery park,,RR Nagar Zone,,,MS54,12.96984,77.50926
Morgan Stanley,Vinayaka nursery park,,RR Nagar Zone,,,MS55,12.97023,77.50927
Morgan Stanley,Vinayaka nursery park,,RR Nagar Zone,,,MS56,12.96997,77.50934
Morgan Stanley,Vinayaka nursery park,,RR Nagar Zone,,,MS57,12.96992,77.50926
Morgan Stanley,Mahatma Gandhi park bda park,,RR Nagar Zone,,,MS43,12.9684,77.51453
Morgan Stanley,Mahatma Gandhi park bda park,,RR Nagar Zone,,,MS42,12.96841,77.5146
Morgan Stanley,Mahatma Gandhi park bda park,,RR Nagar Zone,,,MS44,12.96858,77.51462
Morgan Stanley,Mahatma Gandhi park bda park,,RR Nagar Zone,,,MS45,12.96883,77.51463
Morgan Stanley,Mahatma Gandhi park bda park,,RR Nagar Zone,,,MS41,12.96871,77.51458
Morgan Stanley,Holedande Gandhi Udyanavana,,RR Nagar Zone,,,MS38,12.96735,77.51772
Morgan Stanley,Holedande Gandhi Udyanavana,,RR Nagar Zone,,,MS39,12.96754,77.51774
Morgan Stanley,Holedande Gandhi Udyanavana,,RR Nagar Zone,,,MS40,12.96776,77.51773
Morgan Stanley,Holedande Gandhi Udyanavana,,RR Nagar Zone,,,MS37,12.96789,77.51774
Morgan Stanley,Bande maramma park,,RR Nagar Zone,,,MS30,12.96615,77.51669
Morgan Stanley,Bande maramma park,,RR Nagar Zone,,,MS31,12.96588,77.51669
Morgan Stanley,Bande maramma park,,RR Nagar Zone,,,MS32,12.96574,77.51668
Morgan Stanley,Bande maramma park,,RR Nagar Zone,,,MS33,12.96635,77.51666
Morgan Stanley,Bande maramma park,,RR Nagar Zone,,,MS34,12.96651,77.51667
Morgan Stanley,Bande maramma park,,RR Nagar Zone,,,MS35,12.96658,77.51652
Morgan Stanley,Bande maramma park,,RR Nagar Zone,,,MS36,12.96665,77.51657
Morgan Stanley,Bande maramma park,,RR Nagar Zone,,,MS37,12.96669,77.51666
Morgan Stanley,Maruthi mandir park,,RR Nagar Zone,,,MS118,12.96195,77.514
Morgan Stanley,Maruthi mandir park,,RR Nagar Zone,,,MS119,12.96214,77.514
Morgan Stanley,Maruthi mandir park,,RR Nagar Zone,,,MS116,12.96181,77.51384
Morgan Stanley,Maruthi mandir park,,RR Nagar Zone,,,MS117,12.96185,77.51385
Informatica,Annapoorneshwari Nagar Police Station,,RR Nagar Zone,,,INFORMATICA-79,12.96522,77.51162
Informatica,Annapoorneshwari Nagar Police Station,,RR Nagar Zone,,,INFORMATICA-80,12.96517,77.51166
Informatica,Annapoorneshwari Nagar Police Station,,RR Nagar Zone,,,INFORMATICA-81,12.96514,77.51147
Informatica,Annapoorneshwari Nagar Police Station,,RR Nagar Zone,,,INFORMATICA-82,12.96519,77.51095
Informatica,Annapoorneshwari Nagar Police Station,,RR Nagar Zone,,,INFORMATICA-83,12.96504,77.51161
Morgan Stanley,Dara bendre park,,RR Nagar Zone,,,MS67,12.96604,77.5087
Morgan Stanley,Dara bendre park,,RR Nagar Zone,,,MS68,12.96571,77.50874
Morgan Stanley,Dara bendre park,,RR Nagar Zone,,,MS69,12.96542,77.50856
Morgan Stanley,Dara bendre park,,RR Nagar Zone,,,MS70,12.9655,77.50853
Morgan Stanley,Hoysala park,,RR Nagar Zone,,,MS75,12.96353,77.51004
Morgan Stanley,Hoysala park,,RR Nagar Zone,,,MS76,12.96361,77.50992
Morgan Stanley,Hoysala park,,RR Nagar Zone,,,MS77,12.96384,77.50956
Morgan Stanley,Hoysala park,,RR Nagar Zone,,,MS78,12.96391,77.50936
Morgan Stanley,Hoysala park,,RR Nagar Zone,,,MS79,12.96391,77.50938
Morgan Stanley,Hoysala park,,RR Nagar Zone,,,MS80,12.96396,77.50941
Morgan Stanley,Hoysala park,,RR Nagar Zone,,,MS81,12.96407,77.5093
Morgan Stanley,Hoysala park,,RR Nagar Zone,,,MS71,12.96355,77.51001
Morgan Stanley,Rajarajeshwari park,,RR Nagar Zone,,,MS74,12.96285,77.51028
Morgan Stanley,Rajarajeshwari park,,RR Nagar Zone,,,MS72,12.96295,77.51016
Morgan Stanley,Rajarajeshwari park,,RR Nagar Zone,,,MS73,12.96276,77.51041
Morgan Stanley,Aryan school,,RR Nagar Zone,,,MS82,12.96125,77.50726
Kennametal,Acharya College Park,,RR Nagar Zone,,,PW25,13.00228,77.48542
Kennametal,Acharya College Park,,RR Nagar Zone,,,PW26,13.00238,77.48544
Kennametal,Acharya College Park,,RR Nagar Zone,,,PW27,13.00251,77.48553
Kennametal,Acharya College Park,,RR Nagar Zone,,,PW28,13.00248,77.4856
Kennametal,Acharya College Park,,RR Nagar Zone,,,PW29,13.00262,77.48553
Kennametal,Acharya College Park,,RR Nagar Zone,,,PW30,13.00278,77.48559
Kennametal,Acharya College Park,,RR Nagar Zone,,,PW31,13.00277,77.48542
Kennametal,Acharya College Park,,RR Nagar Zone,,,PW32,13.00276,77.48532
Kennametal,Acharya College Park,,RR Nagar Zone,,,PW33,13.00273,77.48537
Kennametal,Acharya College Park,,RR Nagar Zone,,,PW34,13.00271,77.4853
Kennametal,Acharya College Park,,RR Nagar Zone,,,PW35,13.00267,77.48527
Kennametal,Acharya College Park,,RR Nagar Zone,,,PW36,13.00258,77.48522
Kennametal,Acharya College Park,,RR Nagar Zone,,,PW37,13.00251,77.48522
Kennametal,Acharya College Park,,RR Nagar Zone,,,PW38,13.00243,77.48535
Kennametal,Acharya College Park,,RR Nagar Zone,,,PW39,13.00243,77.48526
Kennametal,Acharya College Park,,RR Nagar Zone,,,PW40,13.0023,77.48521
Kennametal,Acharya College Park,,RR Nagar Zone,,,PW42,13.00228,77.48527
Kennametal,Acharya College Park,,RR Nagar Zone,,,PW43,13.00217,77.48523
Kennametal,Doddabidarakallu ward office Park,,RR Nagar Zone,,,PW45,13.02105,77.48528
Kennametal,Doddabidarakallu ward office Park,,RR Nagar Zone,,,PW48,13.02109,77.48585
Kennametal,Doddabidarakallu ward office Park,,RR Nagar Zone,,,PW54,13.021,77.48525
Kennametal,Doddabidarakallu ward office Park,,RR Nagar Zone,,,PW55,13.02093,77.48524
Kennametal,Doddabidarakallu ward office Park,,RR Nagar Zone,,,PW41,13.02116,77.48544
Kennametal,Doddabidarakallu ward office Park,,RR Nagar Zone,,,PW44,13.02117,77.48559
Kennametal,Doddabidarakallu ward office Park,,RR Nagar Zone,,,PW46,13.02114,77.486
Kennametal,Doddabidarakallu ward office Park,,RR Nagar Zone,,,PW47,13.02117,77.48581
Kennametal,Doddabidarakallu ward office Park,,RR Nagar Zone,,,PW49,13.02111,77.48599
Informatica,K R S Gowda Park,,Dasarahalli Zone,,,I-18,13.03569,77.50268
Informatica,K R S Gowda Park,,Dasarahalli Zone,,,I-19,13.03525,77.5026
Informatica,K R S Gowda Park,,Dasarahalli Zone,,,I-20,13.03503,77.50255
Informatica,K R S Gowda Park,,Dasarahalli Zone,,,I-21,13.03433,77.50245
Informatica,K R S Gowda Park,,Dasarahalli Zone,,,I-22,13.03421,77.50258
Informatica,K R S Gowda Park,,Dasarahalli Zone,,,I-23,13.03422,77.50268
Informatica,K R S Gowda Park,,Dasarahalli Zone,,,I-24,13.03436,77.50264
Informatica,K R S Gowda Park,,Dasarahalli Zone,,,I-25,13.03467,77.50268
Informatica,K R S Gowda Park,,Dasarahalli Zone,,,I-26,13.03487,77.5027
Broadcom,District Armed Reserve Police Campus,,Yelahanka Zone,,,BC545,12.99299296,77.47917197
Broadcom,District Armed Reserve Police Campus,,Yelahanka Zone,,,BC546,12.99284603,77.47913098
Broadcom,District Armed Reserve Police Campus,,Yelahanka Zone,,,BC547,12.99271703,77.47904599
Morgan Stanley,Nela Maheshwari Park,,Dasarahalli Zone,,,MS147,13.04911,77.51082
Morgan Stanley,Nela Maheshwari Park,,Dasarahalli Zone,,,MS148,13.04907,77.51096
Morgan Stanley,Nela Maheshwari Park,,Dasarahalli Zone,,,MS149,13.04888,77.51083
Morgan Stanley,Nela Maheshwari Park,,Dasarahalli Zone,,,MS150,13.04928,77.51078
Morgan Stanley,Governement School T.Dasarahalli,,Dasarahalli Zone,,,MS197,13.04629,77.51888
Morgan Stanley,Governement School T.Dasarahalli,,Dasarahalli Zone,,,MS198,13.04636,77.51891
Morgan Stanley,Governement School T.Dasarahalli,,Dasarahalli Zone,,,MS199,13.04647,77.51892
Morgan Stanley,Governement School T.Dasarahalli,,Dasarahalli Zone,,,MS200,13.04645,77.51903
Morgan Stanley,Governement School T.Dasarahalli,,Dasarahalli Zone,,,MS201,13.04633,77.51921
Morgan Stanley,Governement School T.Dasarahalli,,Dasarahalli Zone,,,MS205,13.04527,77.51879
Morgan Stanley,Chokkasandra Park,,Dasarahalli Zone,,,MS109,13.04092,77.51499
Morgan Stanley,Chokkasandra Park,,Dasarahalli Zone,,,MS110,13.04094,77.51483
Morgan Stanley,Chokkasandra Park,,Dasarahalli Zone,,,MS111,13.04094,77.51471
Morgan Stanley,Chokkasandra Park,,Dasarahalli Zone,,,MS113,13.04092,77.51457
Morgan Stanley,Chokkasandra Park,,Dasarahalli Zone,,,MS114,13.04085,77.51451
Morgan Stanley,Chokkasandra Park,,Dasarahalli Zone,,,MS115,13.04074,77.51467
Morgan Stanley,Chokkasandra Park,,Dasarahalli Zone,,,MS116,13.04066,77.51475
Morgan Stanley,Chokkasandra Park,,Dasarahalli Zone,,,MS117,13.04069,77.51486
Morgan Stanley,Chokkasandra Park,,Dasarahalli Zone,,,MS118,13.04081,77.51485
Morgan Stanley,Chokkasandra Park,,Dasarahalli Zone,,,MS207,13.0408,77.51504
Morgan Stanley,Chokkasandra Park,,Dasarahalli Zone,,,MS218,13.04074,77.51502
Morgan Stanley,Chokkasandra Park,,Dasarahalli Zone,,,MS112,13.0409,77.51508
Morgan Stanley,Chokkasandra Park,,Dasarahalli Zone,,,MS219,12.98011,77.51331
Morgan Stanley,Chokkasandra Park,,Dasarahalli Zone,,,MS220,13.04095,77.51469
Fidelity,Sadanandhanagar Park,,East zone,,,FE97,12.99686,77.66205
Fidelity,Sadanandhanagar Park,,East zone,,,FE98,12.99692,77.66203
Fidelity,Sadanandhanagar Park,,East zone,,,FE99,12.99713,77.66209
Fidelity,Sadanandhanagar Park,,East zone,,,FE100,12.99735,77.66188
Fidelity,Sadanandhanagar Park,,East zone,,,FE101,12.99731,77.662
Fidelity,Sadanandhanagar Park,,East zone,,,FE102,12.99732,77.66199
Fidelity,Shivaram karandh park,,East zone,,,FE116,13.00361,77.66183
Fidelity,Shivaram karandh park,,East zone,,,FE117,13.00366,77.66211
Fidelity,Shivaram karandh park,,East zone,,,FE119,13.0037,77.66219
Fidelity,Shivaram karandh park,,East zone,,,FE120,13.00357,77.66228
Fidelity,Shivaram karandh park,,East zone,,,FE122,13.00349,77.66221
Fidelity,Shivaram karandh park,,East zone,,,FE123,13.00337,77.66198
Fidelity,Shivaram karandh park,,East zone,,,FE124,13.00333,77.66183
Fidelity,Shivaram karandh park,,East zone,,,FE118,13.0036,77.66227
Fidelity,Shivaram karandh park,,East zone,,,FE121,13.00355,77.66238
Texas Instruments,"PHC,Maratahalli",,East Zone,,,TI28,12.96217,77.69807
Texas Instruments,"PHC,Maratahalli",,East Zone,,,TI29,12.96213,77.6981
Texas Instruments,"PHC,Maratahalli",,East Zone,,,TI30,12.9616,77.69812
Texas Instruments,"PHC,Maratahalli",,East Zone,,,TI31,12.96168,77.69808
Texas Instruments,"PHC,Maratahalli",,East Zone,,,TI32,12.96177,77.69803
Texas Instruments,"PHC,Maratahalli",,East Zone,,,TI33,12.96182,77.69797
Texas Instruments,"PHC,Maratahalli",,East Zone,,,TI34,12.96192,77.69795
Texas Instruments,"PHC,Maratahalli",,East Zone,,,TI35,12.96198,77.69793
Texas Instruments,"PHC,Maratahalli",,East Zone,,,TI36,12.96207,77.69791
Texas Instruments,"PHC,Maratahalli",,East Zone,,,TI37,12.96213,77.69785
Texas Instruments,"PHC,Maratahalli",,East Zone,,,TI38,12.96222,77.69787
Texas Instruments,"PHC,Maratahalli",,East Zone,,,TI39,12.96227,77.69782
Texas Instruments,"PHC,Maratahalli",,East Zone,,,TI40,12.96236,77.69781
Texas Instruments,"PHC,Maratahalli",,East Zone,,,TI41,12.96243,77.69777
Texas Instruments,"PHC,Maratahalli",,East Zone,,,TI42,12.96262,77.69772
Texas Instruments,"PHC,Maratahalli",,East Zone,,,TI43,12.96269,77.69769
Texas Instruments,"PHC,Maratahalli",,East Zone,,,TI44,12.96271,77.69777
Texas Instruments,"PHC,Maratahalli",,East Zone,,,TI45,12.96283,77.69766
Texas Instruments,"PHC,Maratahalli",,East Zone,,,TI46,12.96256,77.69774
Texas Instruments,"PHC,Maratahalli",,East Zone,,,TI47,12.96273,77.69763
SUS,"PHC,Maratahalli",,East Zone,,,SUS01,12.96286,77.69775
SUS,"PHC,Maratahalli",,East Zone,,,SUS02,12.96282,77.69774
Mphasis,KSRP 9th Battalion,,Bommanahalli Zone,,,M-131,12.89325804,77.670112
Mphasis,KSRP 9th Battalion,,Bommanahalli Zone,,,M-132,12.89060097,77.67066
Mphasis,KSRP 9th Battalion,,Bommanahalli Zone,,,M-133,12.88952237,77.670641
Mphasis,KSRP 9th Battalion,,Bommanahalli Zone,,,M-134,12.8894926,77.6707217
Mphasis,KSRP 9th Battalion,,Bommanahalli Zone,,,M-135,12.88943646,77.6708813
Mphasis,KSRP 9th Battalion,,Bommanahalli Zone,,,M-136,12.889405,77.6709313
Mphasis,KSRP 9th Battalion,,Bommanahalli Zone,,,M-137,12.88938979,77.6710038
Mphasis,KSRP 9th Battalion,,Bommanahalli Zone,,,M-138,12.88959065,77.6711565
Mphasis,KSRP 9th Battalion,,Bommanahalli Zone,,,M-139,12.89037399,77.671292
Mphasis,KSRP 9th Battalion,,Bommanahalli Zone,,,M-140,12.89047902,77.671333
Mphasis,KSRP 9th Battalion,,Bommanahalli Zone,,,M-141,12.89056501,77.671396
Mphasis,KSRP 9th Battalion,,Bommanahalli Zone,,,M-142,12.890634,77.671397
Mphasis,KSRP 9th Battalion,,Bommanahalli Zone,,,M-143,12.89068798,77.671433
Mphasis,KSRP 9th Battalion,,Bommanahalli Zone,,,M-144,12.89078697,77.671484
Mphasis,"Ward Office Backside Park(JP Nagar, 2nd Stage)",,South Zone,,,M-145,12.908518,77.58693
Mphasis,"Ward Office Backside Park(JP Nagar, 2nd Stage)",,South Zone,,,M-146,12.908517,77.58686
Broadcom,District Armed Reserve Police Campus,,Yelahanka Zone,,,BC548,12.99266196,77.479077
Broadcom,District Armed Reserve Police Campus,,Yelahanka Zone,,,BC549,12.99279003,77.47909997
Broadcom,District Armed Reserve Police Campus,,Yelahanka Zone,,,BC551,12.99273304,77.47918697
Broadcom,District Armed Reserve Police Campus,,Yelahanka Zone,,,BC552,12.992971,77.47926601
Mphasis,Pattabhiramnagar kshemabhivruddi Sangha Park (JP nagar 4th block),,South Zone,,,M-147,12.920755,77.58985
Mphasis,Pattabhiramnagar kshemabhivruddi Sangha Park (JP nagar 4th block),,South Zone,,,M-148,12.920757,77.58977
Mphasis,Pattabhiramnagar kshemabhivruddi Sangha Park (JP nagar 4th block),,South Zone,,,M-149,12.920742,77.5897
Mphasis,Pattabhiramnagar kshemabhivruddi Sangha Park (JP nagar 4th block),,South Zone,,,M-150,12.920936,77.58979
Mphasis,Pattabhiramnagar kshemabhivruddi Sangha Park (JP nagar 4th block),,South Zone,,,M-151,12.921134,77.58974
Mphasis,Jayanagar 4th T Block (Shakthi ganapati Temple Opp) Park,,South Zone,,,M-152,12.925369,77.59107
Mphasis,Jayanagar 4th T Block (Shakthi ganapati Temple Opp) Park,,South Zone,,,M-153,12.925268,77.59116
Mphasis,Jayanagar 4th T Block (Shakthi ganapati Temple Opp) Park,,South Zone,,,M-154,12.925267,77.59125
Mphasis,Jayanagar 4th T Block (Shakthi ganapati Temple Opp) Park,,South Zone,,,M-155,12.924993,77.59125
Mphasis,Jayanagar 4th T Block (Shakthi ganapati Temple Opp) Park,,South Zone,,,M-156,12.925342,77.5914
Mphasis,MLA Office Behind Park,,South Zone,,,M-157,12.925095,77.59015
Mphasis,MLA Office Behind Park,,South Zone,,,M-158,12.925096,77.59029
Mphasis,MLA Office Behind Park,,South Zone,,,M-159,12.925028,77.59045
Mphasis,MLA Office Behind Park,,South Zone,,,M-160,12.925275,77.59058
Mphasis,MLA Office Behind Park,,South Zone,,,M-161,12.925325,77.59022
Mphasis,MLA Office Behind Park,,South Zone,,,M-162,12.925319,77.59017
Mphasis,"Laxman Rao Boulevard ""M"" Part Park",,South Zone,,,M-163,12.922233,77.58053
Mphasis,"Laxman Rao Boulevard ""M"" Part Park",,South Zone,,,M-164,12.92237,77.58062
Mphasis,"Laxman Rao Boulevard ""M"" Part Park",,South Zone,,,M-165,12.922855,77.5804
Mphasis,"Laxman Rao Boulevard ""M"" Part Park",,South Zone,,,M-166,12.923205,77.58042
Mphasis,"Laxman Rao Boulevard ""M"" Part Park",,South Zone,,,M-167,12.923326,77.58039
Mphasis,"Laxman Rao Boulevard ""M"" Part Park",,South Zone,,,M-168,12.923253,77.5806
Mphasis,"Laxman Rao Boulevard ""L"" Part Park",,South Zone,,,M-169,12.922813,77.58062
Mphasis,"Laxman Rao Boulevard ""L"" Part Park",,South Zone,,,M-170,12.922837,77.58063
Broadcom,District Armed Reserve Police Campus,,Yelahanka Zone,,,BC553,12.99261301,77.47928202
Broadcom,District Armed Reserve Police Campus,,Yelahanka Zone,,,BC554,12.992424,77.47921497
Broadcom,District Armed Reserve Police Campus,,Yelahanka Zone,,,BC555,12.99227497,77.47917901
Broadcom,District Armed Reserve Police Campus,,Yelahanka Zone,,,BC556,12.99280697,77.47922704
Avality,Krishna Rao Park-1,,South Zone,,,A1,12.941441,77.57621
Avality,Krishna Rao Park-1,,South Zone,,,A10,12.941364,77.57556
Avality,Krishna Rao Park-1,,South Zone,,,A12,12.94105,77.57583
Avality,Krishna Rao Park-1,,South Zone,,,A13,12.94106,77.57591
Avality,Krishna Rao Park-1,,South Zone,,,A15,12.941794,77.57524
Avality,Krishna Rao Park-1,,South Zone,,,A16,12.941816,77.5752
Avality,Krishna Rao Park-1,,South Zone,,,A17,12.941843,77.57519
Avality,Krishna Rao Park-1,,South Zone,,,A18,12.941935,77.57512
Avality,Krishna Rao Park-1,,South Zone,,,A2,12.941538,77.57614
Avality,Krishna Rao Park-1,,South Zone,,,A3,12.941198,77.57634
Avality,Krishna Rao Park-1,,South Zone,,,A5,12.941581,77.57616
Avality,Krishna Rao Park-1,,South Zone,,,A7,12.941614,77.57572
Avality,Krishna Rao Park-1,,South Zone,,,A9,12.941375,77.57549
CBA,Krishna Rao Park-2,,South Zone,,,C1,12.9409,77.57644
CBA,Krishna Rao Park-2,,South Zone,,,C2,12.941119,77.57643
CBA,Krishna Rao Park-2,,South Zone,,,C3,12.9411,77.57637
CBA,Krishna Rao Park-2,,South Zone,,,C4,12.941088,77.57646
CBA,Krishna Rao Park-2,,South Zone,,,C5,12.941007,77.5764
CBA,Krishna Rao Park-2,,South Zone,,,C6,12.941101,77.5763
CBA,Krishna Rao Park-2,,South Zone,,,C7,12.941182,77.57631
CBA,Krishna Rao Park-2,,South Zone,,,C8,12.94118,77.57628
CBA,Krishna Rao Park-2,,South Zone,,,C9,12.941252,77.57636
CBA,Krishna Rao Park-2,,South Zone,,,C10,12.940987,77.5765
CBA,Krishna Rao Park-2,,South Zone,,,C11,12.941011,77.57653
CBA,Krishna Rao Park-2,,South Zone,,,C12,12.941102,77.57658
CBA,Krishna Rao Park-2,,South Zone,,,C13,12.941156,77.5766
Avality,Krishna Rao Park-1,,South Zone,,,A6,12.941144,77.5765
Avality,Krishna Rao Park-1,,South Zone,,,A8,12.941802,77.57522
Avality,Krishna Rao Park-1,,South Zone,,,A19,12.940988,77.57634
Avality,Krishna Rao Park-1,,South Zone,,,A20,12.940992,77.57576
Avality,Krishna Rao Park-1,,South Zone,,,A21,12.942223,77.57513
Avality,Krishna Rao Park-1,,South Zone,,,A22,12.941796,77.57441
Avality,Krishna Rao Park-1,,South Zone,,,A23,12.941784,77.57437
Avality,Krishna Rao Park-1,,South Zone,,,A24,12.941298,77.57636
Avality,Krishna Rao Park-1,,South Zone,,,A25,12.941147,77.57643
Avality,Krishna Rao Park-1,,South Zone,,,A26,12.941174,77.57645
Avality,Krishna Rao Park-1,,South Zone,,,A27,12.941135,77.57647
Avality,Krishna Rao Park-1,,South Zone,,,A28,12.941055,77.57655
Morgan Stanley,Geleyara Balaga - play ground,,Dasarahalli Zone,,,MS134,13.07006,77.50912
Morgan Stanley,Geleyara Balaga - play ground,,Dasarahalli Zone,,,MS135,13.07017,77.50917
Morgan Stanley,Geleyara Balaga - play ground,,Dasarahalli Zone,,,MS136,13.0704,77.50918
Morgan Stanley,Geleyara Balaga - play ground,,Dasarahalli Zone,,,MS139,13.07026,77.50894
Morgan Stanley,Geleyara Balaga - play ground,,Dasarahalli Zone,,,MS140,13.07029,77.50898
Morgan Stanley,Geleyara Balaga - play ground,,Dasarahalli Zone,,,MS142,13.07038,77.50905
Morgan Stanley,Geleyara Balaga - play ground,,Dasarahalli Zone,,,MS143,13.07042,77.50912
Morgan Stanley,Geleyara Balaga - play ground,,Dasarahalli Zone,,,MS144,13.07046,77.50912
Morgan Stanley,Geleyara Balaga - play ground,,Dasarahalli Zone,,,MS145,13.07052,77.50909
Morgan Stanley,Geleyara Balaga - play ground,,Dasarahalli Zone,,,MS146,13.07054,77.50908
Morgan Stanley,Geleyara Balaga - play ground,,Dasarahalli Zone,,,MS147,13.07063,77.50902
Morgan Stanley,Geleyara Balaga - play ground,,Dasarahalli Zone,,,MS148,13.06994,77.50911
Informatica,Geleyara Balaga Park -1,,Dasarahalli Zone,,,I-27,13.07054,77.50924
Informatica,Geleyara Balaga Park -1,,Dasarahalli Zone,,,I-28,13.07079,77.5093
Informatica,Geleyara Balaga Park -1,,Dasarahalli Zone,,,I-29,13.07099,77.5089
Informatica,Geleyara Balaga Park -1,,Dasarahalli Zone,,,I-30,13.07046,77.50921
Informatica,Geleyara Balaga Park -1,,Dasarahalli Zone,,,I-31,13.07009,77.50928
Informatica,Geleyara Balaga Park -2,,Dasarahalli Zone,,,I-32,13.06995,77.50916
Informatica,Geleyara Balaga Park -2,,Dasarahalli Zone,,,I-33,13.07016,77.50882
Informatica,Geleyara Balaga Park -2,,Dasarahalli Zone,,,I-34,13.07017,77.5089
Broadcom,District Armed Reserve Police Campus,,Yelahanka Zone,,,BC557,12.99290302,77.47929803
Mphasis,VIMS Qtrs,,East Zone,,,M-171,12.99427,77.54083
Mphasis,VIMS Qtrs,,East Zone,,,M-172,12.99423,77.54091
Mphasis,VIMS Qtrs,,East Zone,,,M-173,12.99426,77.54099
Mphasis,VIMS Qtrs,,East Zone,,,M-174,12.99418,77.54124
Mphasis,VIMS Qtrs,,East Zone,,,M-175,12.99406,77.54123
Mphasis,VIMS Qtrs,,East Zone,,,M-176,12.99409,77.54134
Mphasis,VIMS Qtrs,,East Zone,,,M-177,12.99414,77.54135
Mphasis,VIMS Qtrs,,East Zone,,,M-178,12.99422,77.54132
Mphasis,VIMS Qtrs,,East Zone,,,M-179,12.99412,77.54144
Mphasis,VIMS Qtrs,,East Zone,,,M-180,12.99408,77.54139
Mphasis,VIMS Qtrs,,East Zone,,,M-181,12.99402,77.54151
Mphasis,VIMS Qtrs,,East Zone,,,M-182,12.99446,77.54136
Mphasis,VIMS Qtrs,,East Zone,,,M-183,12.99425,77.54066
Mphasis,VIMS Qtrs,,East Zone,,,M-184,12.99462,77.54117
Happiest Minds,BDA Head Office,,East Zone,,,HM66,12.99685,77.58383
Happiest Minds,BDA Head Office,,East Zone,,,HM68,12.99675,77.5835
Happiest Minds,BDA Head Office,,East Zone,,,HM69,12.99681,77.58337
Happiest Minds,BDA Head Office,,East Zone,,,HM70,12.99681,77.58329
Broadcom,District Armed Reserve Police Campus,,Yelahanka Zone,,,BC558,12.992884,77.47939602
Broadcom,District Armed Reserve Police Campus,,Yelahanka Zone,,,BC559,12.99304199,77.47962702
Broadcom,District Armed Reserve Police Campus,,Yelahanka Zone,,,BC560,12.99283898,77.47948696
Broadcom,District Armed Reserve Police Campus,,Yelahanka Zone,,,BC561,12.99250798,77.47942996
Broadcom,District Armed Reserve Police Campus,,Yelahanka Zone,,,BC562,12.99227103,77.47935302
Broadcom,District Armed Reserve Police Campus,,Yelahanka Zone,,,BC563,12.99211202,77.47929803
Broadcom,District Armed Reserve Police Campus,,Yelahanka Zone,,,BC564,12.99194397,77.47922704
Broadcom,District Armed Reserve Police Campus,,Yelahanka Zone,,,BC565,12.99191597,77.47908404
Broadcom,District Armed Reserve Police Campus,,Yelahanka Zone,,,BC566,12.99182503,77.479033
Broadcom,District Armed Reserve Police Campus,,Yelahanka Zone,,,BC567,12.99172897,77.47899704
Broadcom,District Armed Reserve Police Campus,,Yelahanka Zone,,,BC568,12.99170399,77.47908899
Broadcom,District Armed Reserve Police Campus,,Yelahanka Zone,,,BC569,12.99328398,77.479335
Broadcom,District Armed Reserve Police Campus,,Yelahanka Zone,,,BC570,12.99335104,77.47950004
Broadcom,District Armed Reserve Police Campus,,Yelahanka Zone,,,BC571,12.99349101,77.479508
Broadcom,District Armed Reserve Police Campus,,Yelahanka Zone,,,BC572,12.99356402,77.47949601
Broadcom,District Armed Reserve Police Campus,,Yelahanka Zone,,,BC573,12.99356704,77.47888799
Broadcom,District Armed Reserve Police Campus,,Yelahanka Zone,,,BC574,12.99336403,77.47883602
Broadcom,District Armed Reserve Police Campus,,Yelahanka Zone,,,BC578,12.99496899,77.47964798
Broadcom,District Armed Reserve Police Campus,,Yelahanka Zone,,,BC579,12.99496003,77.47975602
Broadcom,District Armed Reserve Police Campus,,Yelahanka Zone,,,BC580,12.99490202,77.47990497
Broadcom,District Armed Reserve Police Campus,,Yelahanka Zone,,,BC581,12.99487202,77.480011
Broadcom,District Armed Reserve Police Campus,,Yelahanka Zone,,,BC582,12.99486204,77.48009096
Broadcom,District Armed Reserve Police Campus,,Yelahanka Zone,,,BC583,12.99477998,77.48029003
Broadcom,District Armed Reserve Police Campus,,Yelahanka Zone,,,BC584,12.99476699,77.48044602
Broadcom,District Armed Reserve Police Campus,,Yelahanka Zone,,,BC585,12.99472399,77.48059697
Broadcom,District Armed Reserve Police Campus,,Yelahanka Zone,,,BC586,12.99089204,77.47881096
Broadcom,Manjunatha Temple Park,,Dasarahalli zone,,,BC589,13.01833,77.51892
Broadcom,Manjunatha Temple Park,,Dasarahalli zone,,,BC590,13.01849,77.51911
Morgan Stanley,HMT Children park,,Dasarahalli zone,,,MS120,13.03362,77.49985
Morgan Stanley,HMT Children park,,Dasarahalli zone,,,MS121,13.03367,77.49995
Morgan Stanley,HMT Children park,,Dasarahalli zone,,,MS122,13.03366,77.50005
Morgan Stanley,HMT Children park,,Dasarahalli zone,,,MS123,13.03352,77.4999
Morgan Stanley,HMT Children park,,Dasarahalli zone,,,MS124,13.03342,77.49989
Morgan Stanley,HMT Children park,,Dasarahalli zone,,,MS127,13.03323,77.4999
Morgan Stanley,HMT Children park,,Dasarahalli zone,,,MS128,13.03316,77.50019
Morgan Stanley,HMT Children park,,Dasarahalli zone,,,MS130,13.0333,77.50024
Morgan Stanley,HMT Children park,,Dasarahalli zone,,,MS125,13.03338,77.49984
Morgan Stanley,HMT Children park,,Dasarahalli zone,,,MS126,13.03332,77.4998
Morgan Stanley,HMT Children park,,Dasarahalli zone,,,MS129,13.03364,77.50026
Morgan Stanley,HMT Children park,,Dasarahalli zone,,,MS131,13.03363,77.50043
Morgan Stanley,HMT Children park,,Dasarahalli zone,,,MS132,13.03352,77.49983
Morgan Stanley,HMT Children park,,Dasarahalli zone,,,MS133,13.03363,77.50046
Informatica,HMT Layout 4th Block Park,,Dasarahalli zone,,,I-35,13.03812,77.50121
Informatica,HMT Layout 4th Block Park,,Dasarahalli zone,,,I-36,13.03819,77.50118
Informatica,HMT Layout 4th Block Park,,Dasarahalli zone,,,I-37,13.03816,77.50085
Informatica,HMT Layout 4th Block Park,,Dasarahalli zone,,,I-38,13.03831,77.5009
Informatica,HMT Layout 4th Block Park,,Dasarahalli zone,,,I-39,13.03837,77.50076
Informatica,Rukmininagar Park,,Dasarahalli zone,,,I-40,13.04025,77.50294
Broadcom,Manjunatha Temple Park,,Dasarahalli zone,,,BC591,13.01819,77.51912
Broadcom,Manjunatha Temple Park,,Dasarahalli zone,,,BC592,13.01826,77.51889
Broadcom,Manjunatha Temple Park,,Dasarahalli zone,,,BC593,13.01805,77.51896
Broadcom,Manjunatha Temple Park,,Dasarahalli zone,,,BC594,13.01808,77.51913
Broadcom,Police Training School Campus,,Yelahanka Zone,,,BC6,13.07718499,77.62665901
Broadcom,Police Training School Campus,,Yelahanka Zone,,,BC7,13.07735799,77.62669296
Broadcom,Kittoor Rani Chennamma Park,,Yelahanka Zone,,,BC746,13.10060796,77.57543603
Broadcom,Abdul Kalam Park,,Yelahanka Zone,,,BC748,13.082781,77.54357197
Broadcom,Abdul Kalam Park,,Yelahanka Zone,,,BC749,13.08277798,77.543476
Broadcom,Abdul Kalam Park,,Yelahanka Zone,,,BC750,13.08297596,77.54351003
Broadcom,Abdul Kalam Park,,Yelahanka Zone,,,BC751,13.08292198,77.54360399
Broadcom,Abdul Kalam Park,,Yelahanka Zone,,,BC752,13.08280002,77.54368597
Broadcom,Police Training School Campus,,Yelahanka Zone,,,BC8,13.07737501,77.62655428
Broadcom,Police Training School Campus,,Yelahanka Zone,,,BC9,13.07741609,77.62664321
Broadcom,"CAR Headquarters, chamarajepete",,west zone,,,BC123,12.962512,77.56082897
Broadcom,Ramachandra pura park,,Bommanahalli Zone,,,B-492,12.91667,77.54249
Broadcom,Ramachandra pura park,,Bommanahalli Zone,,,B-493,12.91696,77.54232
Broadcom,Ramachandra pura park,,Bommanahalli Zone,,,B-494,12.91722,77.54225
Broadcom,Ramachandra pura park,,Bommanahalli Zone,,,B-495,12.91739,77.54216
Broadcom,Ramachandra pura park,,Bommanahalli Zone,,,B-496,12.91742,77.54209
Broadcom,Ramachandra pura park,,Bommanahalli Zone,,,B-497,12.91754,77.54208
Broadcom,Ramachandra pura park,,Bommanahalli Zone,,,B-498,12.91759,77.54208
Informatica,MEI Layout Park (Ganesh temple side),,Dasarahalli zone,,,I-41,13.06074,77.5064
Broadcom,Ramachandra pura park,,Bommanahalli Zone,,,B-499,12.91712,77.54238
Broadcom,Jeevodaya Ashram,,Bommanahalli Zone,,,B-197,12.90957,77.70142
Broadcom,Jeevodaya Ashram,,Bommanahalli Zone,,,B-193,12.90958,77.7017
Broadcom,Jeevodaya Ashram,,Bommanahalli Zone,,,B-194,12.90951,77.70167
Broadcom,Jeevodaya Ashram,,Bommanahalli Zone,,,B-195,12.90957,77.70147
Broadcom,Jeevodaya Ashram,,Bommanahalli Zone,,,B-196,12.90949,77.70133
Broadcom,St Joseph Nivas School,,Bommanahalli Zone,,,B-198,12.84976,77.59735
Broadcom,St Joseph Nivas School,,Bommanahalli Zone,,,B-199,12.8496,77.5973
Broadcom,St Joseph Nivas School,,Bommanahalli Zone,,,B-200,12.84952,77.59727
Broadcom,St Joseph Nivas School,,Bommanahalli Zone,,,B-201,12.84959,77.59719
Broadcom,St Joseph Nivas School,,Bommanahalli Zone,,,B-202,12.84955,77.59719
Broadcom,St Joseph Nivas School,,Bommanahalli Zone,,,B-203,12.84933,77.59717
Broadcom,St Joseph Nivas School,,Bommanahalli Zone,,,B-204,12.84928,77.59714
Broadcom,St Joseph Nivas School,,Bommanahalli Zone,,,B-205,12.84927,77.59707
Informatica,Airforce Road Park,,Dasarahalli Zone,,,I-42,13.05992,77.51622
Informatica,Airforce Road Park,,Dasarahalli Zone,,,I-43,13.06041,77.51638
Informatica,Airforce Road Park,,Dasarahalli Zone,,,I-44,13.06024,77.51627
Informatica,Airforce Road Park,,Dasarahalli Zone,,,I-45,13.06005,77.51631
Informatica,Airforce Road Park,,Dasarahalli Zone,,,I-46,13.06,77.51617
Informatica,Airforce Road Park,,Dasarahalli Zone,,,I-47,13.05997,77.5161
Informatica,Airforce Road Park,,Dasarahalli Zone,,,I-48,13.0602,77.51615
Informatica,Airforce Road Park,,Dasarahalli Zone,,,I-49,13.06021,77.51605
Informatica,Airforce Road Park,,Dasarahalli Zone,,,I-50,13.06039,77.51608
Informatica,Airforce Road Park,,Dasarahalli Zone,,,I-51,13.06029,77.51605
Broadcom,St Joseph Nivas School,,Bommanahalli Zone,,,B-206,12.8493,77.59704
Broadcom,St Joseph Nivas School,,Bommanahalli Zone,,,B-207,12.84931,77.59699
Broadcom,St Joseph Nivas School,,Bommanahalli Zone,,,B-208,12.84943,77.59704
Broadcom,St Joseph Nivas School,,Bommanahalli Zone,,,B-209,12.84939,77.59698
Broadcom,St Joseph Nivas School,,Bommanahalli Zone,,,B-210,12.85001,77.59697
Broadcom,St Joseph Nivas School,,Bommanahalli Zone,,,B-211,12.84944,77.59695
Broadcom,St Joseph Nivas School,,Bommanahalli Zone,,,B-212,12.84947,77.59692
Broadcom,St Joseph Nivas School,,Bommanahalli Zone,,,B-213,12.8495,77.59687
Broadcom,St Joseph Nivas School,,Bommanahalli Zone,,,B-214,12.84952,77.59686
Broadcom,St Joseph Nivas School,,Bommanahalli Zone,,,B-215,12.8495,77.59684
Broadcom,St Joseph Nivas School,,Bommanahalli Zone,,,B-216,12.84949,77.59678
Broadcom,St Joseph Nivas School,,Bommanahalli Zone,,,B-217,12.84956,77.5968
Broadcom,St Joseph Nivas School,,Bommanahalli Zone,,,B-218,12.8497,77.59683
Target Corporation,Soundarya BBMP Park,,East Zone,,,TA1,13.03593,77.56952
Target Corporation,Soundarya BBMP Park,,East Zone,,,TA10,13.03618,77.56916
Target Corporation,Soundarya BBMP Park,,East Zone,,,TA11,13.03617,77.56925
Target Corporation,Soundarya BBMP Park,,East Zone,,,TA13,13.03635,77.56932
Target Corporation,Soundarya BBMP Park,,East Zone,,,TA17,13.03624,77.56936
Target Corporation,Soundarya BBMP Park,,East Zone,,,TA18,13.03621,77.56947
Target Corporation,Soundarya BBMP Park,,East Zone,,,TA2,13.03616,77.56958
Target Corporation,Soundarya BBMP Park,,East Zone,,,TA20,13.03582,77.56937
Target Corporation,Soundarya BBMP Park,,East Zone,,,TA3,13.03629,77.56955
Target Corporation,Soundarya BBMP Park,,East Zone,,,TA4,13.03643,77.56961
Target Corporation,Soundarya BBMP Park,,East Zone,,,TA5,13.03644,77.56935
Target Corporation,Soundarya BBMP Park,,East Zone,,,TA6,13.0364,77.56919
Target Corporation,Soundarya BBMP Park,,East Zone,,,TA7,13.0364,77.56916
Target Corporation,Soundarya BBMP Park,,East Zone,,,TA8,13.03641,77.56904
Target Corporation,Soundarya BBMP Park,,East Zone,,,TA9,13.03616,77.56902
Target Corporation,Soundarya BBMP Park,,East Zone,,,TA15,13.03624,77.5693
Target Corporation,Soundarya BBMP Park,,East Zone,,,TA14,13.0363,77.56927
Target Corporation,Soundarya BBMP Park,,East Zone,,,TA12,13.03628,77.56914
Target Corporation,Soundarya BBMP Park,,East Zone,,,TA16,13.03625,77.5694
Target Corporation,Bruhath Park Opp to Kanti sweets,,East Zone,,,TA21,13.03988,77.56421
Target Corporation,Bruhath Park Opp to Kanti sweets,,East Zone,,,TA22,13.03971,77.56421
Target Corporation,Raghuvana Park,,East Zone,,,TA23,13.03965,77.57772
Target Corporation,Raghuvana Park,,East Zone,,,T26,13.03987,77.57774
Target Corporation,Central Excise Layout Park,,East Zone,,,TA24,13.03923,77.57978
Target Corporation,Central Excise Layout Park,,East Zone,,,TA25,13.0391,77.57974
Target Corporation,Central Excise Layout Park,,East Zone,,,TA27,13.03907,77.57986
Mphasis,Doordarshan Kendra,,East Zone,,,M-185,13.01035,77.59141
Mphasis,Doordarshan Kendra,,East Zone,,,M-186,13.00872,77.59248
Mphasis,Doordarshan Kendra,,East Zone,,,M-187,13.00889,77.59243
Mphasis,Doordarshan Kendra,,East Zone,,,M-188,13.01,77.59179
Mphasis,Doordarshan Kendra,,East Zone,,,M-189,13.00892,77.59217
Northren Trust,Sakalavara- Nimhans,,South zone,,,PW-01,12.82394,77.60254
Northren Trust,Sakalavara- Nimhans,,South zone,,,PW-02,12.82406,77.60213
Northren Trust,Sakalavara- Nimhans,,South zone,,,PW-03,12.82393,77.60261
Northren Trust,Sakalavara- Nimhans,,South zone,,,PW-04,12.82397,77.60265
Northren Trust,Sakalavara- Nimhans,,South zone,,,PW-05,12.82402,77.60256
Northren Trust,Sakalavara- Nimhans,,South zone,,,PW-06,12.82395,77.60268
Northren Trust,Sakalavara- Nimhans,,South zone,,,PW-07,12.82392,77.60269
Northren Trust,Sakalavara- Nimhans,,South zone,,,PW-08,12.82388,77.60283
Northren Trust,Sakalavara- Nimhans,,South zone,,,PW-09,12.82393,77.60286
Northren Trust,Sakalavara- Nimhans,,South zone,,,PW-10,12.82391,77.60285
Northren Trust,Sakalavara- Nimhans,,South zone,,,PW-11,12.82386,77.60293
Northren Trust,Sakalavara- Nimhans,,South zone,,,PW-12,12.82388,77.60297
Northren Trust,Sakalavara- Nimhans,,South zone,,,PW-13,12.82393,77.6021
Northren Trust,Sakalavara- Nimhans,,South zone,,,PW-14,12.82387,77.60301
Northren Trust,Sakalavara- Nimhans,,South zone,,,PW-15,12.82384,77.60308
Northren Trust,Sakalavara- Nimhans,,South zone,,,PW-16,12.82386,77.60316
Northren Trust,Sakalavara- Nimhans,,South zone,,,PW-17,12.82383,77.60315
Northren Trust,Sakalavara- Nimhans,,South zone,,,PW-18,12.8238,77.60326
Northren Trust,Sakalavara- Nimhans,,South zone,,,PW-19,12.82382,77.60327
Northren Trust,Sakalavara- Nimhans,,South zone,,,PW-20,12.82382,77.6033
Northren Trust,Sakalavara- Nimhans,,South zone,,,PW-21,12.82379,77.60335
Northren Trust,Sakalavara- Nimhans,,South zone,,,PW-22,12.8238,77.60342
Northren Trust,Sakalavara- Nimhans,,South zone,,,PW-23,12.82394,77.60359
Northren Trust,Sakalavara- Nimhans,,South zone,,,PW-24,12.82386,77.60205
Northren Trust,Sakalavara- Nimhans,,South zone,,,PW-25,12.82397,77.60335
Northren Trust,Sakalavara- Nimhans,,South zone,,,PW-26,12.824,77.6031
Northren Trust,Sakalavara- Nimhans,,South zone,,,PW-27,12.824,77.60302
Northren Trust,Sakalavara- Nimhans,,South zone,,,PW-28,12.82408,77.60271
Northren Trust,Sakalavara- Nimhans,,South zone,,,PW-29,12.82413,77.6023
Northren Trust,Sakalavara- Nimhans,,South zone,,,PW-30,12.8242,77.60215
Northren Trust,Sakalavara- Nimhans,,South zone,,,PW-31,12.8241,77.60184
Northren Trust,Sakalavara- Nimhans,,South zone,,,PW-32,12.82419,77.60179
Northren Trust,Sakalavara- Nimhans,,South zone,,,PW-33,12.82426,77.60185
Northren Trust,Sakalavara- Nimhans,,South zone,,,PW-34,12.8236,77.60163
Northren Trust,Sakalavara- Nimhans,,South zone,,,PW-35,12.82403,77.6022
Northren Trust,Sakalavara- Nimhans,,South zone,,,PW-36,12.82367,77.60155
Northren Trust,Sakalavara- Nimhans,,South zone,,,PW-37,12.82374,77.60159
Northren Trust,Sakalavara- Nimhans,,South zone,,,PW-38,12.82374,77.60185
Northren Trust,Sakalavara- Nimhans,,South zone,,,PW-39,12.8237,77.60199
Northren Trust,Sakalavara- Nimhans,,South zone,,,PW-40,12.82378,77.60201
Northren Trust,Sakalavara- Nimhans,,South zone,,,PW-41,12.82463,77.60251
Northren Trust,Sakalavara- Nimhans,,South zone,,,PW-42,12.82465,77.60245
Northren Trust,Sakalavara- Nimhans,,South zone,,,PW-43,12.82468,77.60246
Northren Trust,Sakalavara- Nimhans,,South zone,,,PW-44,12.82473,77.60244
Northren Trust,Sakalavara- Nimhans,,South zone,,,PW-45,12.82472,77.60247
Northren Trust,Sakalavara- Nimhans,,South zone,,,PW-46,12.82401,77.6022
Northren Trust,Sakalavara- Nimhans,,South zone,,,PW-47,12.824,77.60227
Northren Trust,Sakalavara- Nimhans,,South zone,,,PW-48,12.82398,77.60231
Northren Trust,Sakalavara- Nimhans,,South zone,,,PW-49,12.82398,77.60239
Northren Trust,Sakalavara- Nimhans,,South zone,,,PW-50,12.82396,77.60243
Broadcom,St Joseph Nivas School,,Bommanahalli Zone,,,B-219,12.84997,77.5969
Broadcom,St Joseph Nivas School,,Bommanahalli Zone,,,B-220,12.85007,77.59702
Broadcom,St Joseph Nivas School,,Bommanahalli Zone,,,B-221,12.85012,77.59703
Broadcom,St Joseph Nivas School,,Bommanahalli Zone,,,B-222,12.85024,77.59706
Broadcom,St Joseph Nivas School,,Bommanahalli Zone,,,B-223,12.8503,77.59711
Broadcom,St Joseph Nivas School,,Bommanahalli Zone,,,B-224,12.85034,77.59714
Deloitte India,Nehru Park,,West Zone,,,D-163,12.98841,77.57624
Deloitte India,Nehru Park,,West Zone,,,D-164,12.98819,77.57614
Deloitte India,Nehru Park,,West Zone,,,D-161,12.98865,77.57559
Deloitte India,Nehru Park,,West Zone,,,D-162,12.98836,77.57603
Deloitte India,Elephant Park,,West Zone,,,D-152,13.00012,77.5704
Deloitte India,Elephant Park,,West Zone,,,D-153,12.99999,77.57029
Deloitte India,Elephant Park,,West Zone,,,D-154,13.00011,77.57056
Deloitte India,Elephant Park,,West Zone,,,D-155,12.99998,77.57047
Broadcom,St Joseph Nivas School,,Bommanahalli Zone,,,B-225,12.8504,77.59716
Broadcom,St Joseph Nivas School,,Bommanahalli Zone,,,B-226,12.85042,77.5972
Broadcom,St Joseph Nivas School,,Bommanahalli Zone,,,B-227,12.85034,77.59741
Broadcom,St Joseph Nivas School,,Bommanahalli Zone,,,B-228,12.85037,77.59737
Deloitte India,Malleshwaram Valmiki Park,,West Zone,,,D-159,13.00628,77.57021
Deloitte India,Malleshwaram Valmiki Park,,West Zone,,,D-160,13.00618,77.57027
Deloitte India,Malleshwaram Valmiki Park,,West Zone,,,D-169,13.00601,77.57
Deloitte India,Gokak chaluvali Park,,West Zone,,,D-137,13.00854,77.57152
Deloitte India,Gokak chaluvali Park,,West Zone,,,D-138,13.00856,77.57139
Deloitte India,Gokak chaluvali Park,,West Zone,,,D-139,13.00881,77.57138
Deloitte India,Shankara Charya Park,,West Zone,,,D-125,13.00202,77.56314
Deloitte India,Shankara Charya Park,,West Zone,,,D-126,13.00196,77.56311
Deloitte India,Dhobhi Ghat Park,,West Zone,,,D-30,12.9869,77.55046
Deloitte India,Shivanagar Park,,West Zone,,,D-23,12.99346,77.54998
Deloitte India,Shivanagar Park,,West Zone,,,D-24,12.99343,77.55032
Deloitte India,Shivanagar Park,,West Zone,,,D-26,12.99235,77.55039
Deloitte India,Shivanagar Park,,West Zone,,,D-27,12.99338,77.54983
Deloitte India,Shivanagar Park,,West Zone,,,D-29,12.99323,77.55043
Deloitte India,Shivanagar Park,,West Zone,,,D-25,12.99327,77.54983
Deloitte India,Shivanagar Park,,West Zone,,,D-28,12.99315,77.54988
Deloitte India,Netaji Subhash Chandra Bose park and playground,,West Zone,,,D-14,12.99172,77.54381
Deloitte India,Netaji Subhash Chandra Bose park and playground,,West Zone,,,D-15,12.99172,77.54397
Deloitte India,Netaji Subhash Chandra Bose park and playground,,West Zone,,,D-19,12.99119,77.54449
Deloitte India,Netaji Subhash Chandra Bose park and playground,,West Zone,,,D-16,12.99155,77.54316
Deloitte India,Netaji Subhash Chandra Bose park and playground,,West Zone,,,D-17,12.9915,77.54324
Deloitte India,Netaji Subhash Chandra Bose park and playground,,West Zone,,,D-18,12.99143,77.54357
Deloitte India,Netaji Subhash Chandra Bose park and playground,,West Zone,,,D-20,12.99146,77.54369
Deloitte India,Netaji Subhash Chandra Bose park and playground,,West Zone,,,D-21,12.99162,77.54381
Deloitte India,Netaji Subhash Chandra Bose park and playground,,West Zone,,,D-22,12.99159,77.5444
Deloitte India,Gayathri housing society Park(Siddappaji),,West Zone,,,D-03,12.99563,77.54383
Deloitte India,Gayathri housing society Park(Siddappaji),,West Zone,,,D-01,12.99556,77.54381
Deloitte India,Gayathri housing society Park(Siddappaji),,West Zone,,,D-02,12.99554,77.54422
Deloitte India,LIC Colony Park (Akkamahadevi park),,West Zone,,,D-05,12.99604,77.54293
Deloitte India,LIC Colony Park (Akkamahadevi park),,West Zone,,,D-04,12.99573,77.54289
Deloitte India,Sir. M vishweshwaraiah Park University layout,,West Zone,,,D-12,12.99603,77.54132
Deloitte India,Sir. M vishweshwaraiah Park University layout,,West Zone,,,D-13,12.99583,77.5415
Deloitte India,Bharatharatna Sir M Vishveshwaraiah Park Rajajinagar,,West Zone,,,D-203,12.99778,77.54902
Deloitte India,Bharatharatna Sir M Vishveshwaraiah Park Rajajinagar,,West Zone,,,D-204,12.99774,77.54904
Deloitte India,Bharatharatna Sir M Vishveshwaraiah Park Rajajinagar,,West Zone,,,D-205,12.99779,77.54908
Deloitte India,Kirloskar Colony Park,,West Zone,,,D-45,12.99677,77.53745
Deloitte India,Kirloskar Colony Park,,West Zone,,,D-46,12.99676,77.53762
Deloitte India,S B I Colony Park,,West Zone,,,D-10,12.99155,77.53467
Deloitte India,S B I Colony Park,,West Zone,,,D-11,12.99138,77.5347
Deloitte India,Mahalakshmi Layout Pipeline Park 2,,West Zone,,,D-196,13.00022,77.53262
Deloitte India,Mahalakshmi Layout Pipeline Park 2,,West Zone,,,D-197,13.00024,77.53274
Deloitte India,Mahalakshmi Layout Pipeline Park 2,,West Zone,,,D-198,13.00008,77.53202
Deloitte India,Mahalakshmi Layout Pipeline Park 2,,West Zone,,,D-199,13.00008,77.53209
Deloitte India,Mahalakshmi Layout Pipeline Park 2,,West Zone,,,D-200,13.00015,77.53239
Deloitte India,Mahalakshmi Layout Pipeline Park 2,,West Zone,,,D-201,13.00013,77.53249
Deloitte India,Mahalakshmi Layout Pipeline Park 1,,West Zone,,,D-186,13.00048,77.53382
Deloitte India,Mahalakshmi Layout Pipeline Park 1,,West Zone,,,D-187,13.00054,77.5339
Deloitte India,Mahalakshmi Layout Pipeline Park 1,,West Zone,,,D-188,13.00058,77.53402
Deloitte India,Mahalakshmi Layout Pipeline Park 1,,West Zone,,,D-189,13.00073,77.53458
Deloitte India,Mahalakshmi Layout Pipeline Park 1,,West Zone,,,D-190,13.00067,77.53428
Deloitte India,Mahalakshmi Layout Pipeline Park 1,,West Zone,,,D-191,13.00061,77.53408
Deloitte India,Mahalakshmi Layout Pipeline Park 1,,West Zone,,,D-192,13.00069,77.53442
Deloitte India,Mahalakshmi Layout Bhovi palya Park 1,,West Zone,,,D-201,13.00769,77.54455
Deloitte India,Mahalakshmi Layout Bhovi palya Park 1,,West Zone,,,D-202,13.00753,77.54464
Deloitte India,Mahalakshmi Layout Bhovi palya Park 1,,West Zone,,,D-203,13.0075,77.54463
Deloitte India,Mahalakshmi Layout Bhovi palya Park 1,,West Zone,,,D-204,13.00751,77.54473
Kennametal,Doddabidarakullu Kalabaireswara,,RR Nagar Zone,,,PW-01,13.03072,77.48383
Kennametal,Doddabidarakullu Kalabaireswara,,RR Nagar Zone,,,PW-02,13.03077,77.48393
Kennametal,Doddabidarakullu Kalabaireswara,,RR Nagar Zone,,,PW-03,13.0308,77.48403
Kennametal,Doddabidarakullu Kalabaireswara,,RR Nagar Zone,,,PW-04,13.03071,77.48412
Kennametal,Doddabidarakullu Kalabaireswara,,RR Nagar Zone,,,PW-07,13.03061,77.48432
Kennametal,Doddabidarakullu Kalabaireswara,,RR Nagar Zone,,,PW-09,13.03052,77.4841
Kennametal,Doddabidarakullu Kalabaireswara,,RR Nagar Zone,,,PW-10,13.0306,77.48411
Kennametal,Doddabidarakullu Kalabaireswara,,RR Nagar Zone,,,PW-11,13.03085,77.484
Kennametal,Doddabidarakullu Kalabaireswara,,RR Nagar Zone,,,PW-12,13.03077,77.48389
Kennametal,Doddabidarakullu Kalabaireswara,,RR Nagar Zone,,,PW-15,13.03056,77.48388
Kennametal,Doddabidarakullu Kalabaireswara,,RR Nagar Zone,,,PW-14,13.03067,77.4843
Kennametal,Doddabidarakullu Kalabaireswara,,RR Nagar Zone,,,PW-17,13.03036,77.48393
Kennametal,Doddabidarakullu Kalabaireswara,,RR Nagar Zone,,,PW-18,13.03033,77.48409
Kennametal,Doddabidarakullu Kalabaireswara,,RR Nagar Zone,,,PW-19,13.03029,77.48419
Kennametal,Doddabidarakullu Kalabaireswara,,RR Nagar Zone,,,PW-20,13.03017,77.4841
Kennametal,Doddabidarakullu Kalabaireswara,,RR Nagar Zone,,,PW-21,13.03027,77.48398
Kennametal,Doddabidarakullu Kalabaireswara,,RR Nagar Zone,,,PW-22,13.03022,77.48386
Kennametal,Doddabidarakullu Kalabaireswara,,RR Nagar Zone,,,PW-16,13.03040428,77.48383474
Kennametal,Doddabidarakullu Kalabaireswara,,RR Nagar Zone,,,PW-23,13.0302095,77.48395131
Kennametal,Doddabidarakullu Kalabaireswara,,RR Nagar Zone,,,PW-13,13.03062,77.48401
Informatica,Nadaprabhu Kempegowdara Sose Lakshmidevi Park,,RR Nagar Zone,,,INFORMATICA-84,13.02949,77.52302
Informatica,Nadaprabhu Kempegowdara Sose Lakshmidevi Park,,RR Nagar Zone,,,INFORMATICA-85,13.02943,77.52302
Informatica,Nadaprabhu Kempegowdara Sose Lakshmidevi Park,,RR Nagar Zone,,,INFORMATICA-86,13.02933,77.52318
Informatica,Nadaprabhu Kempegowdara Sose Lakshmidevi Park,,RR Nagar Zone,,,INFORMATICA-87,13.02951,77.5233
Informatica,Nadaprabhu Kempegowdara Sose Lakshmidevi Park,,RR Nagar Zone,,,INFORMATICA-88,13.02949,77.52344
Informatica,Nadaprabhu Kempegowdara Sose Lakshmidevi Park,,RR Nagar Zone,,,INFORMATICA-89,13.02964,77.52378
Informatica,Ex.Chairman A Muniswamappa Park,,RR Nagar Zone,,,INFORMATICA-90,13.0292,77.53533
Informatica,Ex.Chairman A Muniswamappa Park,,RR Nagar Zone,,,INFORMATICA-91,13.02938,77.53538
Informatica,Ex.Chairman A Muniswamappa Park,,RR Nagar Zone,,,INFORMATICA-92,13.02949,77.53556
Informatica,Ex.Chairman A Muniswamappa Park,,RR Nagar Zone,,,INFORMATICA-93,13.02961,77.53566
Informatica,Ex.Chairman A Muniswamappa Park,,RR Nagar Zone,,,INFORMATICA-94,13.02973,77.53545
Informatica,Ex.Chairman A Muniswamappa Park,,RR Nagar Zone,,,INFORMATICA-95,13.02957,77.53543
Informatica,Ex.Chairman A Muniswamappa Park,,RR Nagar Zone,,,INFORMATICA-96,13.0295,77.53531
Mphasis,Lalbagh,,Bommanahalli Zone,,,M-183,12.94785,77.58057
Mphasis,Lalbagh,,Bommanahalli Zone,,,M-184,12.9478,77.58054
Mphasis,Lalbagh,,Bommanahalli Zone,,,M-185,12.94901,77.58713
Mphasis,Lalbagh,,Bommanahalli Zone,,,M-186,12.94779,77.58046
Mphasis,Lalbagh,,Bommanahalli Zone,,,M-187,12.9478,77.58467
Mphasis,Lalbagh,,Bommanahalli Zone,,,M-188,12.94784,77.58479
Mphasis,Lalbagh,,Bommanahalli Zone,,,M-189,12.94809,77.58496
Mphasis,Lalbagh,,Bommanahalli Zone,,,M-190,12.94816,77.58506
Mphasis,Lalbagh,,Bommanahalli Zone,,,M-191,12.94825,77.58515
Mphasis,Lalbagh,,Bommanahalli Zone,,,M-192,12.94833,77.58516
Mphasis,Lalbagh,,Bommanahalli Zone,,,M-193,12.94844,77.58515
Mphasis,Lalbagh,,Bommanahalli Zone,,,M-194,12.94859,77.58524
Mphasis,Lalbagh,,Bommanahalli Zone,,,M-195,12.94861,77.58528
Swiss Re Foundation,"4th Main park,Sector 7",,Bommanahalli Zone,,,S-26,12.91073,77.63162
Swiss Re Foundation,"4th Main park,Sector 7",,Bommanahalli Zone,,,S-27,12.9105,77.63146
Swiss Re Foundation,"4th Main park,Sector 7",,Bommanahalli Zone,,,S-28,12.91049,77.63137
Swiss Re Foundation,"4th Main park,Sector 7",,Bommanahalli Zone,,,S-32,12.91085,77.63119
Swiss Re Foundation,"4th Main park,Sector 7",,Bommanahalli Zone,,,S-31,12.9109,77.63139
Swiss Re Foundation,"4th Main park,Sector 7",,Bommanahalli Zone,,,S-29,12.91079,77.63114
Swiss Re Foundation,"4th Main park,Sector 7",,Bommanahalli Zone,,,S-30,12.91058,77.63122
Swiss Re Foundation,"8A Main Park,Sector 7",,Bommanahalli Zone,,,S-1,12.90919,77.63348
Swiss Re Foundation,"8A Main Park,Sector 7",,Bommanahalli Zone,,,S-2,12.90934,77.63369
Swiss Re Foundation,"8A Main Park,Sector 7",,Bommanahalli Zone,,,S-3,12.90924,77.63368
Swiss Re Foundation,"8A Main Park,Sector 7",,Bommanahalli Zone,,,S-4,12.90918,77.63377
Swiss Re Foundation,"8A Main Park,Sector 7",,Bommanahalli Zone,,,S-6,12.90918,77.63382
Swiss Re Foundation,"8A Main Park,Sector 7",,Bommanahalli Zone,,,S-7,12.90915,77.63367
Swiss Re Foundation,"8A Main Park,Sector 7",,Bommanahalli Zone,,,S-8,12.90921,77.6336
Swiss Re Foundation,"8A Main Park,Sector 7",,Bommanahalli Zone,,,S-9,12.9092,77.63348
Swiss Re Foundation,"8A Main Park,Sector 7",,Bommanahalli Zone,,,S-10,12.90928,77.63334
Swiss Re Foundation,"8A Main Park,Sector 7",,Bommanahalli Zone,,,S-5,12.90924,77.63334
Mphasis,Lalbagh,,Bommanahalli Zone,,,M-196,12.94863,77.58535
Mphasis,Lalbagh,,Bommanahalli Zone,,,M-197,12.9472,77.58808
Mphasis,Lalbagh,,Bommanahalli Zone,,,M-198,12.94905,77.58716
Mphasis,Lalbagh,,Bommanahalli Zone,,,M-199,12.94864,77.58545
Mphasis,Lalbagh,,Bommanahalli Zone,,,M-200,12.94866,77.5855
Mphasis,Lalbagh,,Bommanahalli Zone,,,M-201,12.94867,77.5856
Mphasis,Lalbagh,,Bommanahalli Zone,,,M-202,12.94866,77.5857
Mphasis,Lalbagh,,Bommanahalli Zone,,,M-203,12.94862,77.58581
Mphasis,Lalbagh,,Bommanahalli Zone,,,M-204,12.94855,77.58602
Mphasis,Lalbagh,,Bommanahalli Zone,,,M-205,12.94821,77.58594
Mphasis,Lalbagh,,Bommanahalli Zone,,,M-206,12.94889,77.58611
Mphasis,Lalbagh,,Bommanahalli Zone,,,M-207,12.94979,77.58756
Mphasis,Lalbagh,,Bommanahalli Zone,,,M-208,12.94987,77.58765
Mphasis,Lalbagh,,Bommanahalli Zone,,,M-209,12.94994,77.58776
Mphasis,Lalbagh,,Bommanahalli Zone,,,M-210,12.94904,77.58721
Mphasis,Lalbagh,,Bommanahalli Zone,,,M-211,12.95005,77.58805
Mphasis,Lalbagh,,Bommanahalli Zone,,,M-212,12.9501,77.58821
Mphasis,Lalbagh,,Bommanahalli Zone,,,M-213,12.95013,77.58847
Mphasis,Lalbagh,,Bommanahalli Zone,,,M-214,12.95016,77.58848
Mphasis,Lalbagh,,Bommanahalli Zone,,,M-215,12.95025,77.58851
Mphasis,Lalbagh,,Bommanahalli Zone,,,M-216,12.95028,77.58851
Mphasis,Lalbagh,,Bommanahalli Zone,,,M-217,12.95033,77.58852
Mphasis,Lalbagh,,Bommanahalli Zone,,,M-218,12.95031,77.58851
Mphasis,Lalbagh,,Bommanahalli Zone,,,M-219,12.95038,77.58853
Mphasis,Lalbagh,,Bommanahalli Zone,,,M-220,12.95041,77.58857
Mphasis,Lalbagh,,Bommanahalli Zone,,,M-221,12.94907,77.58725
Mphasis,Lalbagh,,Bommanahalli Zone,,,M-222,12.95039,77.58857
Mphasis,Lalbagh,,Bommanahalli Zone,,,M-223,12.95044,77.58856
Mphasis,Lalbagh,,Bommanahalli Zone,,,M-224,12.95048,77.58859
Mphasis,Lalbagh,,Bommanahalli Zone,,,M-225,12.95057,77.58861
Mphasis,Lalbagh,,Bommanahalli Zone,,,M-226,12.95057,77.58858
Mphasis,Lalbagh,,Bommanahalli Zone,,,M-227,12.95064,77.58857
Mphasis,Lalbagh,,Bommanahalli Zone,,,M-228,12.95067,77.58857
Mphasis,Lalbagh,,Bommanahalli Zone,,,M-229,12.95072,77.58859
Mphasis,Lalbagh,,Bommanahalli Zone,,,M-230,12.95074,77.5886
Mphasis,Lalbagh,,Bommanahalli Zone,,,M-231,12.95075,77.58859
KENNAMETAL,JP Park - Mathikere,,RR Nagar Zone,,,PW56,13.0328,77.55133
KENNAMETAL,JP Park - Mathikere,,RR Nagar Zone,,,PW57,13.03344,77.55116
KENNAMETAL,JP Park - Mathikere,,RR Nagar Zone,,,PW58,13.03436,77.55166
KENNAMETAL,JP Park - Mathikere,,RR Nagar Zone,,,PW59,13.03278,77.55131
KENNAMETAL,JP Park - Mathikere,,RR Nagar Zone,,,PW60,13.03275,77.55072
KENNAMETAL,JP Park - Mathikere,,RR Nagar Zone,,,PW61,13.03409,77.55151
KENNAMETAL,JP Park - Mathikere,,RR Nagar Zone,,,PW62,13.03355,77.55099
KENNAMETAL,JP Park - Mathikere,,RR Nagar Zone,,,PW63,13.03429,77.55103
KENNAMETAL,JP Park - Mathikere,,RR Nagar Zone,,,PW64,13.03436,77.55115
KENNAMETAL,JP Park - Mathikere,,RR Nagar Zone,,,PW65,13.03398,77.54995
KENNAMETAL,JP Park - Mathikere,,RR Nagar Zone,,,PW66,13.03463,77.55121
KENNAMETAL,JP Park - Mathikere,,RR Nagar Zone,,,PW67,13.0344,77.55162
KENNAMETAL,JP Park - Mathikere,,RR Nagar Zone,,,PW68,13.03452,77.55156
KENNAMETAL,JP Park - Mathikere,,RR Nagar Zone,,,PW69,13.03306,77.55093
KENNAMETAL,JP Park - Mathikere,,RR Nagar Zone,,,PW70,13.03434,77.55086
KENNAMETAL,JP Park - Mathikere,,RR Nagar Zone,,,PW71,13.03438,77.55095
KENNAMETAL,JP Park - Mathikere,,RR Nagar Zone,,,PW72,13.03445,77.5511
KENNAMETAL,JP Park - Mathikere,,RR Nagar Zone,,,PW73,13.03516,77.55157
KENNAMETAL,JP Park - Mathikere,,RR Nagar Zone,,,PW74,13.03507,77.55177
KENNAMETAL,JP Park - Mathikere,,RR Nagar Zone,,,PW75,13.035,77.5516
KENNAMETAL,JP Park - Mathikere,,RR Nagar Zone,,,PW76,13.03433,77.55159
KENNAMETAL,JP Park - Mathikere,,RR Nagar Zone,,,PW77,13.03409,77.5518
KENNAMETAL,JP Park - Mathikere,,RR Nagar Zone,,,PW78,13.03275,77.55123
KENNAMETAL,JP Park - Mathikere,,RR Nagar Zone,,,PW79,13.03368,77.55183
KENNAMETAL,JP Park - Mathikere,,RR Nagar Zone,,,PW80,13.03336,77.55183
KENNAMETAL,JP Park - Mathikere,,RR Nagar Zone,,,PW81,13.03307,77.55164
KENNAMETAL,JP Park - Mathikere,,RR Nagar Zone,,,PW82,13.03314,77.55151
KENNAMETAL,JP Park - Mathikere,,RR Nagar Zone,,,PW83,13.03305,77.55093
KENNAMETAL,JP Park - Mathikere,,RR Nagar Zone,,,PW84,13.03276,77.55086
KENNAMETAL,JP Park - Mathikere,,RR Nagar Zone,,,PW85,13.03277,77.55072
Mphasis,Lalbagh,,Bommanahalli Zone,,,M-232,12.94894,77.58697
Mphasis,Lalbagh,,Bommanahalli Zone,,,M-233,12.95081,77.58864
Mphasis,Lalbagh,,Bommanahalli Zone,,,M-234,12.95082,77.58867
Mphasis,Lalbagh,,Bommanahalli Zone,,,M-235,12.95084,77.58867
Mphasis,Lalbagh,,Bommanahalli Zone,,,M-236,12.95094,77.58864
Mphasis,Lalbagh,,Bommanahalli Zone,,,M-237,12.95096,77.58865
Mphasis,Lalbagh,,Bommanahalli Zone,,,M-238,12.95102,77.58865
Mphasis,Lalbagh,,Bommanahalli Zone,,,M-239,12.95107,77.58866
Mphasis,Lalbagh,,Bommanahalli Zone,,,M-240,12.95111,77.58874
Mphasis,Lalbagh,,Bommanahalli Zone,,,M-241,12.95117,77.58876
Mphasis,Lalbagh,,Bommanahalli Zone,,,M-242,12.95123,77.58877
Mphasis,Lalbagh,,Bommanahalli Zone,,,M-243,12.94857,77.58586
Mphasis,Lalbagh,,Bommanahalli Zone,,,M-244,12.95122,77.58876
Telstra,Independence Park,,Bommanahalli Zone,,,T-1,12.90702,77.64712
Telstra,Independence Park,,Bommanahalli Zone,,,T-2,12.90713,77.64711
Mphasis,Lalbagh,,Bommanahalli Zone,,,M-245,12.95125,77.58876
Mphasis,Lalbagh,,Bommanahalli Zone,,,M-246,12.9513,77.58878
Mphasis,Lalbagh,,Bommanahalli Zone,,,M-247,12.9514,77.58883
Mphasis,Lalbagh,,Bommanahalli Zone,,,M-248,12.95146,77.58884
Mphasis,Lalbagh,,Bommanahalli Zone,,,M-249,12.95147,77.58886
Mphasis,Lalbagh,,Bommanahalli Zone,,,M-250,12.95146,77.58869
Mphasis,Lalbagh,,Bommanahalli Zone,,,M-251,12.9515,77.58879
Mphasis,Lalbagh,,Bommanahalli Zone,,,M-252,12.95123,77.58859
Mphasis,Lalbagh,,Bommanahalli Zone,,,M-253,12.95106,77.58856
Mphasis,Lalbagh,,Bommanahalli Zone,,,M-254,12.94871,77.58527
Mphasis,Lalbagh,,Bommanahalli Zone,,,M-255,12.95076,77.58854
Mphasis,Lalbagh,,Bommanahalli Zone,,,M-256,12.95055,77.58852
Mphasis,Lalbagh,,Bommanahalli Zone,,,M-257,12.95024,77.58848
Mphasis,Lalbagh,,Bommanahalli Zone,,,M-258,12.95009,77.58846
Mphasis,Lalbagh,,Bommanahalli Zone,,,M-259,12.94986,77.58845
Mphasis,Lalbagh,,Bommanahalli Zone,,,M-260,12.94969,77.58837
Mphasis,Lalbagh,,Bommanahalli Zone,,,M-261,12.94968,77.58832
Mphasis,Lalbagh,,Bommanahalli Zone,,,M-262,12.94966,77.58818
Mphasis,Lalbagh,,Bommanahalli Zone,,,M-263,12.94964,77.58811
Mphasis,Lalbagh,,Bommanahalli Zone,,,M-264,12.94961,77.58814
Mphasis,Lalbagh,,Bommanahalli Zone,,,M-265,12.94861,77.58526
Mphasis,Lalbagh,,Bommanahalli Zone,,,M-266,12.94962,77.58805
Mphasis,Lalbagh,,Bommanahalli Zone,,,M-267,12.94965,77.58799
Mphasis,Lalbagh,,Bommanahalli Zone,,,M-268,12.94855,77.58527
Mphasis,Lalbagh,,Bommanahalli Zone,,,M-269,12.94778,77.58497
Mphasis,Lalbagh,,Bommanahalli Zone,,,M-270,12.94768,77.58507
Mphasis,Lawrence school park,,Bommanahalli Zone,,,M-271,12.91349,77.63387
Mphasis,Lawrence school park,,Bommanahalli Zone,,,M-272,12.91354,77.63399
Mphasis,Lawrence school park,,Bommanahalli Zone,,,M-273,12.91351,77.63372
Mphasis,Lawrence School Park,,Bommanahalli Zone,,,M-274,12.91378,77.63414
Mphasis,Lawrence school park,,Bommanahalli Zone,,,M-275,12.9136,77.63355
Mphasis,Lawrence school park,,Bommanahalli Zone,,,M-276,12.91363,77.63351
Mphasis,Lawrence school park,,Bommanahalli Zone,,,M-277,12.91396,77.63407
Mphasis,Lawrence school park,,Bommanahalli Zone,,,M-278,12.91348,77.63379
Mphasis,Loyala School Park,,Bommanahalli Zone,,,M-279,12.86939,77.58807
Mphasis,Loyala School Park,,Bommanahalli Zone,,,M-280,12.86934,77.58804
Mphasis,Loyala School Park,,Bommanahalli Zone,,,M-281,12.86925,77.58802
Mphasis,Loyala School Park,,Bommanahalli Zone,,,M-282,12.86917,77.58798
Mphasis,Loyala School Park,,Bommanahalli Zone,,,M-283,12.86906,77.58797
Mphasis,Loyala School Park,,Bommanahalli Zone,,,M-284,12.86898,77.58795
Mphasis,Loyala School Park,,Bommanahalli Zone,,,M-285,12.86889,77.5879
Mphasis,Loyala School Park,,Bommanahalli Zone,,,M-286,12.86819,77.58769
Mphasis,Loyala School Park,,Bommanahalli Zone,,,M-287,12.86773,77.58975
Mphasis,Loyala School Park,,Bommanahalli Zone,,,M-288,12.86776,77.58976
Mphasis,Loyala School Park,,Bommanahalli Zone,,,M-289,12.86792,77.59004
Mphasis,Loyala School Park,,Bommanahalli Zone,,,M-290,12.8679,77.59027
Mphasis,Loyala School Park,,Bommanahalli Zone,,,M-291,12.86788,77.59035
Mphasis,Loyala School Park,,Bommanahalli Zone,,,M-292,12.86786,77.59042
Mphasis,Loyala School Park,,Bommanahalli Zone,,,M-293,12.86782,77.59061
Swiss Re Foundation,"14th B Cross Road,Sector 6 Next to Children Amusement Park",,Bommanahalli Zone,,,S-11,12.91484,77.63494
Swiss Re Foundation,"14th B Cross Road,Sector 6 Next to Children Amusement Park",,Bommanahalli Zone,,,S-12,12.91475,77.63473
Swiss Re Foundation,"14th B Cross Road,Sector 6 Next to Children Amusement Park",,Bommanahalli Zone,,,S-13,12.91489,77.63437
Swiss Re Foundation,"14th B Cross Road,Sector 6 Next to Children Amusement Park",,Bommanahalli Zone,,,S-14,12.91491,77.63401
Swiss Re Foundation,"14th B Cross Road,Sector 6 Next to Children Amusement Park",,Bommanahalli Zone,,,S-15,12.91136,77.63607
Swiss Re Foundation,"14th B Cross Road,Sector 6 Next to Children Amusement Park",,Bommanahalli Zone,,,S-16,12.91463,77.63476
Swiss Re Foundation,"14th B Cross Road,Sector 6 Next to Children Amusement Park",,Bommanahalli Zone,,,S-17,12.91457,77.6355
Swiss Re Foundation,"14th B Cross Road,Sector 6 Next to Children Amusement Park",,Bommanahalli Zone,,,S-18,12.91487,77.63466
Swiss Re Foundation,"14th B Cross Road,Sector 6 Next to Children Amusement Park",,Bommanahalli Zone,,,S-19,12.91467,77.63403
Swiss Re Foundation,"14th B Cross Road,Sector 6 Next to Children Amusement Park",,Bommanahalli Zone,,,S-20,12.91459,77.63465
Informatica,J k krishna Murthy Park,,RR Nagar Zone,,,INFORMATICA-97,13.04673,77.54228
Informatica,J k krishna Murthy Park,,RR Nagar Zone,,,INFORMATICA-98,13.0467,77.54219
Informatica,J k krishna Murthy Park,,RR Nagar Zone,,,INFORMATICA-99,13.04649,77.54203
Informatica,J k krishna Murthy Park,,RR Nagar Zone,,,INFORMATICA-100,13.04645,77.54207
Informatica,J k krishna Murthy Park,,RR Nagar Zone,,,INFORMATICA-101,13.04623,77.54203
Informatica,J k krishna Murthy Park,,RR Nagar Zone,,,INFORMATICA-102,13.04647,77.54222
Informatica,J k krishna Murthy Park,,RR Nagar Zone,,,INFORMATICA-103,13.04661,77.54237
Informatica,J k krishna Murthy Park,,RR Nagar Zone,,,INFORMATICA-104,13.04679,77.54246
FIDELITY,GREEN VIEW PARK,,EAST ZONE,,,FE-104,13.00806,77.65843
FIDELITY,GREEN VIEW PARK,,EAST ZONE,,,FE-105,13.008,77.6583
FIDELITY,GREEN VIEW PARK,,EAST ZONE,,,FE-103,13.00798,77.65841
FIDELITY,GREEN VIEW PARK,,EAST ZONE,,,FE-106,13.00832,77.65833
Morgan Stanley,Bharatha Ratna Sir M Vishveshwaraiah Park,,RR Nagar Zone,,,MS169,12.99535,77.4877
Morgan Stanley,Bharatha Ratna Sir M Vishveshwaraiah Park,,RR Nagar Zone,,,MS168,12.99534,77.48779
Morgan Stanley,Bharatha Ratna Sir M Vishveshwaraiah Park,,RR Nagar Zone,,,MS170,12.99524,77.48767
Morgan Stanley,Bharatha Ratna Sir M Vishveshwaraiah Park,,RR Nagar Zone,,,MS171,12.99515,77.48764
Morgan Stanley,Bharatha Ratna Sir M Vishveshwaraiah Park,,RR Nagar Zone,,,MS172,12.9951,77.48775
Morgan Stanley,Bharatha Ratna Sir M Vishveshwaraiah Park,,RR Nagar Zone,,,MS173,12.99498,77.48777
Morgan Stanley,Bharatha Ratna Sir M Vishveshwaraiah Park,,RR Nagar Zone,,,MS174,12.99499,77.48763
Morgan Stanley,Bharatha Ratna Sir M Vishveshwaraiah Park,,RR Nagar Zone,,,MS175,12.99466,77.48764
Morgan Stanley,Bharatha Ratna Sir M Vishveshwaraiah Park,,RR Nagar Zone,,,MS176,12.99464,77.48754
Morgan Stanley,Bharatha Ratna Sir M Vishveshwaraiah Park,,RR Nagar Zone,,,MS177,12.99485,77.48787
Morgan Stanley,Bharatha Ratna Sir M Vishveshwaraiah Park,,RR Nagar Zone,,,MS178,12.99461,77.48783
Morgan Stanley,Bharatha Ratna Sir M Vishveshwaraiah Park,,RR Nagar Zone,,,MS179,12.99449,77.48793
Morgan Stanley,Bharatha Ratna Sir M Vishveshwaraiah Park,,RR Nagar Zone,,,MS180,12.99492,77.48806
Morgan Stanley,Bharatha Ratna Sir M Vishveshwaraiah Park,,RR Nagar Zone,,,MS181,12.99491,77.48798
Deloitte India,"Kalyana Venkateshwara park 2nd and 3rd cross, 14th main road",,West Zone,,,D-07,12.99751351,77.54144577
Deloitte India,"Kalyana Venkateshwara park 2nd and 3rd cross, 14th main road",,West Zone,,,D-06,12.99753385,77.54142151
Deloitte India,"Kalyana Venkateshwara park 2nd and 3rd cross, 14th main road",,West Zone,,,D-05,12.99813601,77.54179702
Mphasis,KSRP 9th Battalion,,Bommanahalli Zone,,,M-190,12.89087699,77.671461
Mphasis,KSRP 9th Battalion,,Bommanahalli Zone,,,M-191,12.89093901,77.671537
Mphasis,KSRP 9th Battalion,,Bommanahalli Zone,,,M-192,12.89098101,77.671439
Mphasis,KSRP 9th Battalion,,Bommanahalli Zone,,,M-193,12.890994,77.671391
Mphasis,KSRP 9th Battalion,,Bommanahalli Zone,,,M-194,12.89287297,77.671912
Mphasis,KSRP 9th Battalion,,Bommanahalli Zone,,,M-195,12.89294598,77.671883
Mphasis,KSRP 9th Battalion,,Bommanahalli Zone,,,M-196,12.893008,77.671834
Mphasis,KSRP 9th Battalion,,Bommanahalli Zone,,,M-197,12.893007,77.67173
Mphasis,KSRP 9th Battalion,,Bommanahalli Zone,,,M-198,12.89301303,77.671629
Mphasis,KSRP 9th Battalion,,Bommanahalli Zone,,,M-199,12.89303298,77.671556
Mphasis,KSRP 9th Battalion,,Bommanahalli Zone,,,M-200,12.89304597,77.671484
Mphasis,KSRP 9th Battalion,,Bommanahalli Zone,,,M-201,12.89305704,77.67139
Mphasis,KSRP 9th Battalion,,Bommanahalli Zone,,,M-202,12.89305796,77.671322
Mphasis,KSRP 9th Battalion,,Bommanahalli Zone,,,M-203,12.89317397,77.670614
Mphasis,KSRP 9th Battalion,,Bommanahalli Zone,,,M-204,12.89318897,77.670553
Mphasis,KSRP 9th Battalion,,Bommanahalli Zone,,,M-205,12.89319601,77.670451
Mphasis,KSRP 9th Battalion,,Bommanahalli Zone,,,M-206,12.89323096,77.670347
Ujjivan Bank,Bhagvan Gouthama Budda Park,,Yelahanka Zone,,,U1,13.1071,77.573
Ujjivan Bank,Bhagvan Gouthama Budda Park,,Yelahanka Zone,,,U2,13.10701,77.57361
Ujjivan Bank,Bhagvan Gouthama Budda Park,,Yelahanka Zone,,,U3,13.10702,77.57323
Ujjivan Bank,Bhagvan Gouthama Budda Park,,Yelahanka Zone,,,U4,13.10666,77.57317
Ujjivan Bank,Bhagvan Gouthama Budda Park,,Yelahanka Zone,,,U5,13.10660629,77.57345167
PWC,Subhash Chandra Bose Park,,Yelahanka Zone,,,PWC71,13.10399,77.57612
PWC,Subhash Chandra Bose Park,,Yelahanka Zone,,,PWC73,13.10392,77.57607
PWC,Subhash Chandra Bose Park,,Yelahanka Zone,,,PWC-75,13.10397,77.57621
PWC,Subhash Chandra Bose Park,,Yelahanka Zone,,,PWC-76,13.10396,77.57607
Deloitte India,Park infront of Madhu Hotel(WOC Road),,West Zone,,,D-128,12.98307995,77.54929886
Deloitte India,Park infront of Madhu Hotel(WOC Road),,West Zone,,,D-129,12.98311443,77.54930339
Deloitte India,Chinnaradhama Park,,West Zone,,,D-11,12.99138575,77.53470943
Deloitte India,Chinnaradhama Park,,West Zone,,,D-10,12.99154228,77.53468974
Broadcom,St Joseph Nivas School,,Bommanahalli Zone,,,B-229,12.85033,77.59744
Broadcom,St Joseph Nivas School,,Bommanahalli Zone,,,B-230,12.85035,77.59754
Broadcom,Jeevodaya Ashram,,Bommanahalli Zone,,,B-192,12.90939,77.70132
Broadcom,St Joseph Nivas School,,Bommanahalli Zone,,,B-231,12.85027,77.59707
Broadcom,St Joseph Nivas School,,Bommanahalli Zone,,,B-232,12.8503,77.59747
Broadcom,Jeevodaya Ashram,,Bommanahalli Zone,,,B-191,12.90939,77.70126
Synamedia,Freedom Park,,West zone,,,PW1,12.97655,77.58104
Synamedia,Freedom Park,,West zone,,,PW2,12.97658,77.58099
Synamedia,Freedom Park,,West zone,,,PW3,12.97667,77.58095
Synamedia,Freedom Park,,West zone,,,PW4,12.97788,77.58201
Synamedia,Freedom Park,,West zone,,,PW5,12.97706,77.58305
Synamedia,Freedom Park,,West zone,,,PW6,12.97764,77.58303
Synamedia,Freedom Park,,West zone,,,PW7,12.97646,77.58251
Synamedia,Freedom Park,,West zone,,,PW8,12.9765,77.58238
Synamedia,Freedom Park,,West zone,,,PW9,12.97638,77.58185
Synamedia,Freedom Park,,West zone,,,PW10,12.97772,77.58202
PWC,Jhansi Rani lakshmi Bai,,Yelahanka Zone,,,PWC-72,13.09997,77.57572
PWC,Jhansi Rani lakshmi Bai,,Yelahanka Zone,,,PWC-74,13.09985,77.57548
Ujjivan Bank,J.P Rajaratnam Park,,Yelahanka Zone,,,U-8,13.1002,77.57058
Ujjivan Bank,J.P Rajaratnam Park,,Yelahanka Zone,,,U-9,13.10015,77.57059
Ujjivan Bank,J.P Rajaratnam Park,,Yelahanka Zone,,,U-10,13.09996,77.57064
Morgan Stanley,Dr. Ambedkar Park,,Yelahanka Zone,,,MS-61,13.1022,77.58528
Morgan Stanley,Dr. Ambedkar Park,,Yelahanka Zone,,,MS-58,13.10218,77.58542
Morgan Stanley,Dr. Ambedkar Park,,Yelahanka Zone,,,MS-59,13.10226,77.58545
Morgan Stanley,Dr. Ambedkar Park,,Yelahanka Zone,,,MS-55,13.10231,77.58541
Morgan Stanley,Dr. Ambedkar Park,,Yelahanka Zone,,,MS-57,13.10233,77.58541
Morgan Stanley,Dr. Ambedkar Park,,Yelahanka Zone,,,MS-56,13.10231,77.58545
Morgan Stanley,Dr. Ambedkar Park,,Yelahanka Zone,,,MS-47,13.10188,77.58518
Morgan Stanley,Dr. Ambedkar Park,,Yelahanka Zone,,,MS-48,13.10205,77.58542
Morgan Stanley,Dr. Ambedkar Park,,Yelahanka Zone,,,MS-49,13.1021,77.58559
Morgan Stanley,Dr. Ambedkar Park,,Yelahanka Zone,,,MS-50,13.10215,77.58568
Morgan Stanley,Dr. Ambedkar Park,,Yelahanka Zone,,,MS-51,13.10217,77.58577
Morgan Stanley,Dr. Ambedkar Park,,Yelahanka Zone,,,MS-52,13.1022,77.58578
Morgan Stanley,Dr. Ambedkar Park,,Yelahanka Zone,,,MS-53,13.10243,77.58556
Morgan Stanley,Dr. Ambedkar Park,,Yelahanka Zone,,,MS-54,13.10259,77.58546
Morgan Stanley,Dr. Ambedkar Park,,Yelahanka Zone,,,MS-60,13.10239,77.5852
Broadcom,St Joseph Nivas School,,Bommanahalli Zone,,,B-233,12.85041,77.59712
Broadcom,Jeevodaya Ashram,,Bommanahalli Zone,,,B-190,12.90937,77.70121
Broadcom,"CAR Headquarters, chamarajepete",,west zone,,,B-119,12.96405603,77.56301497
Broadcom,"CAR Headquarters, chamarajepete",,west zone,,,B-120,12.96405704,77.56306401
Broadcom,GKVK near BBMP Park,,Yelahanka zone,,,B-186,13.09306,77.56044
Broadcom,GKVK near BBMP Park,,Yelahanka zone,,,B-187,13.09313,77.56051
Broadcom,GKVK near BBMP Park,,Yelahanka zone,,,B-188,13.09317,77.56054
Broadcom,GKVK near BBMP Park,,Yelahanka zone,,,B-189,13.09315,77.56058
Broadcom,GKVK near BBMP Park,,Yelahanka zone,,,B-190,13.09398,77.56139
Broadcom,GKVK near BBMP Park,,Yelahanka zone,,,B-191,13.09409,77.56145
Broadcom,St Joseph Nivas School,,Bommanahalli Zone,,,B-234,12.85013,77.59747
Broadcom,Jeevodaya Ashram,,Bommanahalli Zone,,,B-199,12.90947,77.70122
Broadcom,District Armed Reserve Police Campus,,Yelahanka Zone,,,BC587,12.99384004,77.47894499
Broadcom,District Armed Reserve Police Campus,,Yelahanka Zone,,,BC588,12.99166803,77.47820897
Deloitte India,Chikkalalbagh Park (Lokmanya Tilak Park),,West Zone,,,D-120,12.97371,77.57273
Deloitte India,Chikkalalbagh Park (Lokmanya Tilak Park),,West Zone,,,D-121,12.97388,77.57273
Deloitte India,Chikkalalbagh Park (Lokmanya Tilak Park),,West Zone,,,D-118,12.97376,77.57203
Deloitte India,Chikkalalbagh Park (Lokmanya Tilak Park),,West Zone,,,D-119,12.97369,77.57216
Broadcom,MEI Layout Park 2,,Dasarahalli zone,,,BC231,13.06042,77.50626
Broadcom,PHC Centre Backside Park (BWSSB),,East Zone,,,BC-O1,12.997788,77.76117196
PWC,Da.ra. Bendre Park,,Yelahanka Zone,,,PWC-80,13.10321,77.57557
PWC,Da.ra. Bendre Park,,Yelahanka Zone,,,PWC-83,13.10338,77.57561
PWC,Da.ra. Bendre Park,,Yelahanka Zone,,,PWC-81,13.10326,77.57576
PWC,Da.ra. Bendre Park,,Yelahanka Zone,,,PWC-82,13.10329,77.57569
Broadcom,St Joseph Nivas School,,Bommanahalli Zone,,,B-235,12.8505,77.59725
Broadcom,District Armed Reserve Police Campus,,Yelahanka Zone,,,BC589,12.99159201,77.47848599
Broadcom,"CAR Headquarters, chamarajepete",,west zone,,,B-126,12.96414304,77.56268498
Broadcom,MEI Layout Park 2,,Dasarahalli zone,,,BC232,13.06037,77.50633
Broadcom,Jeevodaya Ashram,,Bommanahalli Zone,,,B-200,12.90968,77.7015
Broadcom,St Joseph Nivas School,,Bommanahalli Zone,,,B-236,12.85054,77.59709
Morgan Stanley,Shivramkaranth Park,,Yelahanka Zone,,,MS-88,13.10009,77.57364
Morgan Stanley,Shivramkaranth Park,,Yelahanka Zone,,,MS-87,13.0998,77.57388
Morgan Stanley,Shivramkaranth Park,,Yelahanka Zone,,,MS-86,13.09986,77.57406
Morgan Stanley,Shivramkaranth Park,,Yelahanka Zone,,,MS-92,13.10021,77.57341
Morgan Stanley,Shivramkaranth Park,,Yelahanka Zone,,,MS-93,13.10023,77.57338
Morgan Stanley,Shivramkaranth Park,,Yelahanka Zone,,,MS-94,13.1003,77.57349
Morgan Stanley,Shivramkaranth Park,,Yelahanka Zone,,,MS-95,13.10028,77.57352
Morgan Stanley,Shivramkaranth Park,,Yelahanka Zone,,,MS-91,13.10026,77.57352
Morgan Stanley,Shivramkaranth Park,,Yelahanka Zone,,,MS-90,13.10023,77.57354
Morgan Stanley,Shivramkaranth Park,,Yelahanka Zone,,,MS-89,13.10016,77.57358
Morgan Stanley,Jhansi Rani Lakshmibai Park,,Yelahanka Zone,,,MS-74,13.09987,77.5756
Morgan Stanley,Jhansi Rani Lakshmibai Park,,Yelahanka Zone,,,MS-73,13.09989,77.57543
Morgan Stanley,Jhansi Rani Lakshmibai Park,,Yelahanka Zone,,,MS-72,13.09988,77.57533
Morgan Stanley,Jhansi Rani Lakshmibai Park,,Yelahanka Zone,,,MS-75,13.09989,77.57501
Broadcom,St Joseph Nivas School,,Bommanahalli Zone,,,B-237,12.85029,77.59753
Broadcom,PHC Centre Backside Park (BWSSB),,East Zone,,,BC-O2,12.99784399,77.76119803
Broadcom,Jeevodaya Ashram,,Bommanahalli Zone,,,B-201,12.90967,77.70157
Broadcom,Commissioner office,,East Zone,,,B352,12.9848354,77.59425001
Broadcom,St Joseph Nivas School,,Bommanahalli Zone,,,B-238,12.85012,77.5975
Broadcom,Singasandra Park-Farm house/Banglore city corporation nursery,,Bommanahalli Zone,,,B-33,12.89425,77.64934
Broadcom,District Armed Reserve Police Campus,,Yelahanka Zone,,,BC590,12.99143803,77.47835498
Broadcom,Byrasandra Park,,South Zone,,,B726,12.933438,77.58954
Broadcom,Armed Personnel Training School Campus,,Yelahanka Zone,,,BC351,13.12428902,77.60698602
Broadcom,MEI Layout Park 2,,Dasarahalli zone,,,BC233,13.06029,77.50656
Broadcom,Singasandra Park-Farm house/Banglore city corporation nursery,,Bommanahalli Zone,,,B-34,12.8943,77.64699
Deloitte India,Bhashyam Park,,West Zone,,,D-114,12.99193,77.57215
Deloitte India,Bhashyam Park,,West Zone,,,D-117,12.99192,77.57221
Deloitte India,Bhashyam Park,,West Zone,,,D-116,12.9919,77.57217
Deloitte India,Bhashyam Park,,West Zone,,,D-115,12.99183,77.57214
Telstra,Green Park Sector-2,,Bommanahalli Zone,,,T-3,12.91,77.64598
Telstra,Green Park Sector-2,,Bommanahalli Zone,,,T-5,12.90996,77.64617
Telstra,Green Park Sector-2,,Bommanahalli Zone,,,T-6,12.90965,77.64601
Telstra,Green Park Sector-2,,Bommanahalli Zone,,,T-7,12.90953,77.64615
Telstra,Green Park Sector-2,,Bommanahalli Zone,,,T-4,12.91003,77.64657
Swiss Re foundation,"6th Main park,sector 7",,Bommanahalli Zone,,,S-33,12.91094,77.63394
Swiss re foundation,"6th Main park,sector 7",,Bommanahalli Zone,,,S-34,12.91103,77.63374
Swiss re foundation,"6th Main park,sector 7",,Bommanahalli Zone,,,S-35,12.91116,77.63312
Swiss re foundation,"6th Main park,sector 7",,Bommanahalli Zone,,,S-36,12.91127,77.63326
Swiss re foundation,"6th Main park,sector 7",,Bommanahalli Zone,,,S-37,12.91125,77.63307
Swiss re foundation,"6th Main park,sector 7",,Bommanahalli Zone,,,S-38,12.91121,77.63309
Swiss re foundation,"6th Main park,sector 7",,Bommanahalli Zone,,,S-39,12.91101,77.63338
Swiss re foundation,"6th Main park,sector 7",,Bommanahalli Zone,,,S-40,12.91081,77.63326
Swiss re foundation,"6th Main park,sector 7",,Bommanahalli Zone,,,S-41,12.91081,77.63331
Swiss re foundation,"6th Main park,sector 7",,Bommanahalli Zone,,,S-42,12.91097,77.63386
Swiss re foundation,"6th Main park,sector 7",,Bommanahalli Zone,,,S-43,12.91089,77.6339
Swiss re foundation,"6th Main park,sector 7",,Bommanahalli Zone,,,S-44,12.91086,77.63386
Swiss re foundation,"6th Main park,sector 7",,Bommanahalli Zone,,,S-45,12.91083,77.63383
Swiss re foundation,"6th Main park,sector 7",,Bommanahalli Zone,,,S-46,12.9109,77.63379
Swiss re foundation,"6th Main park,sector 7",,Bommanahalli Zone,,,S-47,12.9111,77.63358
Swiss re foundation,"6th Main park,sector 7",,Bommanahalli Zone,,,S-48,12.91126,77.63357
Exxon Mobil,Mini Forest Park,,South zone,,,EXM46,12.90904602,77.59493602
Exxon Mobil,Mini Forest Park,,South zone,,,EXM47,12.90909698,77.594572
Exxon Mobil,Mini Forest Park,,South zone,,,EXM48,12.90916898,77.59458901
Exxon Mobil,Mini Forest Park,,South zone,,,EXM49,12.90903797,77.59446203
Exxon Mobil,Mini Forest Park,,South zone,,,EXM50,12.90903202,77.594486
Exxon Mobil,Mini Forest Park,,South zone,,,EXM51,12.90923604,77.595004
Exxon Mobil,Mini Forest Park,,South zone,,,EXM52,12.90917904,77.59486796
Exxon Mobil,Mini Forest Park,,South zone,,,EXM53,12.90940904,77.59463402
Exxon Mobil,Mini Forest Park,,South zone,,,EXM54,12.90953301,77.59497802
Mphasis,KSRP 9th Battalion,,Bommanahalli Zone,,,M-207,12.89321101,77.670309
Mphasis,KSRP 9th Battalion,,Bommanahalli Zone,,,M-208,12.89322401,77.670226
Mphasis,KSRP 9th Battalion,,Bommanahalli Zone,,,M-209,12.89340497,77.670182
Mphasis,KSRP 9th Battalion,,Bommanahalli Zone,,,M-210,12.89333069,77.6701484
Mphasis,KSRP 9th Battalion,,Bommanahalli Zone,,,M-211,12.89329467,77.6702768
Mphasis,KSRP 9th Battalion,,Bommanahalli Zone,,,M-212,12.89327985,77.6703434
Mphasis,KSRP 9th Battalion,,Bommanahalli Zone,,,M-213,12.89326867,77.6704041
Mphasis,KSRP 9th Battalion,,Bommanahalli Zone,,,M-214,12.89323598,77.6706031
Mphasis,KSRP 9th Battalion,,Bommanahalli Zone,,,M-215,12.89322602,77.670781
Mphasis,KSRP 9th Battalion,,Bommanahalli Zone,,,M-216,12.88698815,77.67158424
Mphasis,KSRP 9th Battalion,,Bommanahalli Zone,,,M-217,12.88691217,77.67142436
Mphasis,KSRP 9th Battalion,,Bommanahalli Zone,,,M-218,12.88686256,77.6713125
Mphasis,KSRP 9th Battalion,,Bommanahalli Zone,,,M-219,12.88681162,77.67122886
Mphasis,KSRP 9th Battalion,,Bommanahalli Zone,,,M-220,12.88674376,77.67112444
Mphasis,KSRP 9th Battalion,,Bommanahalli Zone,,,M-221,12.893165,77.671059
Mphasis,KSRP 9th Battalion,,Bommanahalli Zone,,,M-222,12.88674481,77.67098234
Mphasis,KSRP 9th Battalion,,Bommanahalli Zone,,,M-223,12.89315896,77.67118
Mphasis,KSRP 9th Battalion,,Bommanahalli Zone,,,M-224,12.89314698,77.671238
Mphasis,KSRP 9th Battalion,,Bommanahalli Zone,,,M-225,12.89313499,77.671335
Mphasis,KSRP 9th Battalion,,Bommanahalli Zone,,,M-226,12.89310498,77.671552
Mphasis,KSRP 9th Battalion,,Bommanahalli Zone,,,M-227,12.89308696,77.671733
Mphasis,KSRP 9th Battalion,,Bommanahalli Zone,,,M-228,12.88499096,77.67092401
Mphasis,KSRP 9th Battalion,,Bommanahalli Zone,,,M-229,12.88498996,77.67077901
Mphasis,KSRP 9th Battalion,,Bommanahalli Zone,,,M-230,12.88500597,77.67105804
Mphasis,KSRP 9th Battalion,,Bommanahalli Zone,,,M-231,12.88512279,77.67092651
Mphasis,KSRP 9th Battalion,,Bommanahalli Zone,,,M-232,12.885141,77.670836
Mphasis,KSRP 9th Battalion,,Bommanahalli Zone,,,M-233,12.88524351,77.67094351
Mphasis,KSRP 9th Battalion,,Bommanahalli Zone,,,M-234,12.88532889,77.67079306
Mphasis,KSRP 9th Battalion,,Bommanahalli Zone,,,M-235,12.89306601,77.671818
Mphasis,KSRP 9th Battalion,,Bommanahalli Zone,,,M-236,12.88573201,77.67065101
Mphasis,KSRP 9th Battalion,,Bommanahalli Zone,,,M-237,12.88588003,77.67064598
Mphasis,KSRP 9th Battalion,,Bommanahalli Zone,,,M-238,12.88607198,77.67064104
Mphasis,KSRP 9th Battalion,,Bommanahalli Zone,,,M-239,12.88612898,77.67078898
Mphasis,KSRP 9th Battalion,,Bommanahalli Zone,,,M-240,12.886291,77.671037
Mphasis,KSRP 9th Battalion,,Bommanahalli Zone,,,M-241,12.89306802,77.671898
Mphasis,KSRP 9th Battalion,,Bommanahalli Zone,,,M-242,12.8856518,77.66907303
Mphasis,KSRP 9th Battalion,,Bommanahalli Zone,,,M-243,12.88578724,77.66845551
Mphasis,KSRP 9th Battalion,,Bommanahalli Zone,,,M-244,12.88580703,77.66835798
Mphasis,KSRP 9th Battalion,,Bommanahalli Zone,,,M-245,12.88557904,77.66917496
Mphasis,KSRP 9th Battalion,,Bommanahalli Zone,,,M-246,12.89149489,77.6694386
Mphasis,KSRP 9th Battalion,,Bommanahalli Zone,,,M-247,12.89067398,77.66923104
Mphasis,KSRP 9th Battalion,,Bommanahalli Zone,,,M-248,12.890865,77.66927797
Mphasis,KSRP 9th Battalion,,Bommanahalli Zone,,,M-249,12.89100196,77.669326
Mphasis,KSRP 9th Battalion,,Bommanahalli Zone,,,M-250,12.89155701,77.669354
Mphasis,KSRP 9th Battalion,,Bommanahalli Zone,,,M-251,12.89167333,77.6694636
Mphasis,KSRP 9th Battalion,,Bommanahalli Zone,,,M-252,12.89183105,77.6694863
Mphasis,KSRP 9th Battalion,,Bommanahalli Zone,,,M-253,12.89200857,77.6695239
Mphasis,KSRP 9th Battalion,,Bommanahalli Zone,,,M-254,12.89218357,77.66947183
Mphasis,KSRP 9th Battalion,,Bommanahalli Zone,,,M-255,12.89094698,77.670533
Mphasis,KSRP 9th Battalion,,Bommanahalli Zone,,,M-256,12.89233266,77.6695009
Mphasis,KSRP 9th Battalion,,Bommanahalli Zone,,,M-257,12.89275901,77.6695739
Mphasis,KSRP 9th Battalion,,Bommanahalli Zone,,,M-258,12.89286903,77.66959297
Mphasis,KSRP 9th Battalion,,Bommanahalli Zone,,,M-259,12.89294881,77.66960643
Mphasis,KSRP 9th Battalion,,Bommanahalli Zone,,,M-260,12.89307962,77.66963313
Mphasis,KSRP 9th Battalion,,Bommanahalli Zone,,,M-261,12.89322209,77.66972903
Mphasis,KSRP 9th Battalion,,Bommanahalli Zone,,,M-262,12.89337404,77.66968399
Mphasis,KSRP 9th Battalion,,Bommanahalli Zone,,,M-263,12.89222203,77.66961501
Mphasis,KSRP 9th Battalion,,Bommanahalli Zone,,,M-264,12.89218599,77.66968198
Mphasis,KSRP 9th Battalion,,Bommanahalli Zone,,,M-265,12.89012624,77.6695731
Mphasis,KSRP 9th Battalion,,Bommanahalli Zone,,,M-266,12.89206303,77.67060399
Mphasis,KSRP 9th Battalion,,Bommanahalli Zone,,,M-267,12.89204199,77.670735
Mphasis,KSRP 9th Battalion,,Bommanahalli Zone,,,M-268,12.89189799,77.671742
Mphasis,KSRP 9th battalion,,Bommanahalli Zone,,,M-269,12.89077004,77.670494
Mphasis,KSRP 9th battalion,,Bommanahalli Zone,,,M-270,12.88678,77.67096
Mphasis,KSRP 9th battalion,,Bommanahalli Zone,,,M-271,12.88689,77.67087
Mphasis,KSRP 9th battalion,,Bommanahalli Zone,,,M-272,12.88709,77.67103
Mphasis,KSRP 9th battalion,,Bommanahalli Zone,,,M-273,12.88712,77.67086
Mphasis,KSRP 9th battalion,,Bommanahalli Zone,,,M-274,12.88721,77.67063
Mphasis,KSRP 9th battalion,,Bommanahalli Zone,,,M-275,12.88709,77.67081
Mphasis,KSRP 9th battalion,,Bommanahalli Zone,,,M-276,12.88722,77.67057
Mphasis,KSRP 9th battalion,,Bommanahalli Zone,,,M-277,12.88762,77.67047
Mphasis,KSRP 9th battalion,,Bommanahalli Zone,,,M-278,12.88763,77.67056
Mphasis,KSRP 9th battalion,,Bommanahalli Zone,,,M-279,12.88763,77.67064
Mphasis,KSRP 9th battalion,,Bommanahalli Zone,,,M-280,12.88772,77.6704
Mphasis,KSRP 9th battalion,,Bommanahalli Zone,,,M-281,12.88755,77.66996
Mphasis,KSRP 9th battalion,,Bommanahalli Zone,,,M-282,12.88758,77.67002
Mphasis,KSRP 9th battalion,,Bommanahalli Zone,,,M-283,12.88752,77.66988
Mphasis,KSRP 9th battalion,,Bommanahalli Zone,,,M-284,12.88746,77.6698
Mphasis,KSRP 9th battalion,,Bommanahalli Zone,,,M-285,12.88743,77.66968
Mphasis,KSRP 9th battalion,,Bommanahalli Zone,,,M-286,12.88736,77.66964
Mphasis,KSRP 9th battalion,,Bommanahalli Zone,,,M-287,12.88742,77.66963
Mphasis,KSRP 9th battalion,,Bommanahalli Zone,,,M-288,12.8875,77.66955
Mphasis,KSRP 9th battalion,,Bommanahalli Zone,,,M-289,12.88756,77.66951
Mphasis,KSRP 9th battalion,,Bommanahalli Zone,,,M-290,12.8877,77.66948
Mphasis,KSRP 9th battalion,,Bommanahalli Zone,,,M-291,12.88799,77.66968
Mphasis,KSRP 9th battalion,,Bommanahalli Zone,,,M-292,12.88837,77.66973
Mphasis,KSRP 9th battalion,,Bommanahalli Zone,,,M-293,12.88845,77.66976
Mphasis,KSRP 9th battalion,,Bommanahalli Zone,,,M-294,12.88853,77.66978
Mphasis,KSRP 9th battalion,,Bommanahalli Zone,,,M-295,12.88802,77.66988
Mphasis,KSRP 9th battalion,,Bommanahalli Zone,,,M-296,12.88983,77.66908
Mphasis,KSRP 9th battalion,,Bommanahalli Zone,,,M-297,12.88967,77.66902
Mphasis,KSRP 9th battalion,,Bommanahalli Zone,,,M-298,12.88941,77.66901
Mphasis,KSRP 9th battalion,,Bommanahalli Zone,,,M-299,12.88927,77.66899
Mphasis,KSRP 9th battalion,,Bommanahalli Zone,,,M-300,12.88875,77.66883
Mphasis,KSRP 9th battalion,,Bommanahalli Zone,,,M-301,12.88924,77.66979
Mphasis,KSRP 9th battalion,,Bommanahalli Zone,,,M-302,12.88941,77.66985
Mphasis,KSRP 9th battalion,,Bommanahalli Zone,,,M-303,12.88956,77.66986
Mphasis,KSRP 9th battalion,,Bommanahalli Zone,,,M-304,12.88964,77.66953
Mphasis,KSRP 9th battalion,,Bommanahalli Zone,,,M-305,12.88572,77.66975
Mphasis,KSRP 9th battalion,,Bommanahalli Zone,,,M-306,12.88565,77.66968
Mphasis,KSRP 9th battalion,,Bommanahalli Zone,,,M-307,12.88559,77.66955
Mphasis,KSRP 9th battalion,,Bommanahalli Zone,,,M-308,12.88968,77.66943
Mphasis,KSRP 9th battalion,,Bommanahalli Zone,,,M-309,12.88667,77.66891
Mphasis,KSRP 9th battalion,,Bommanahalli Zone,,,M-310,12.88673,77.66895
Mphasis,KSRP 9th battalion,,Bommanahalli Zone,,,M-311,12.88676,77.66894
Mphasis,KSRP 9th battalion,,Bommanahalli Zone,,,M-312,12.88661,77.66899
Mphasis,KSRP 9th battalion,,Bommanahalli Zone,,,M-313,12.88684,77.669
Mphasis,KSRP 9th battalion,,Bommanahalli Zone,,,M-314,12.88697,77.66915
Mphasis,KSRP 9th battalion,,Bommanahalli Zone,,,M-315,12.88776,77.66955
Mphasis,KSRP 9th battalion,,Bommanahalli Zone,,,M-316,12.88777,77.66955
Mphasis,KSRP 9th battalion,,Bommanahalli Zone,,,M-317,12.88778,77.66963
Mphasis,KSRP 9th battalion,,Bommanahalli Zone,,,M-318,12.88785,77.66967
Mphasis,KSRP 9th battalion,,Bommanahalli Zone,,,M-319,12.88759,77.66847
Mphasis,KSRP 9th battalion,,Bommanahalli Zone,,,M-320,12.88785,77.66859
Mphasis,KSRP 9th battalion,,Bommanahalli Zone,,,M-321,12.88855,77.6688
Mphasis,KSRP 9th battalion,,Bommanahalli Zone,,,M-322,12.88902,77.66888
Mphasis,KSRP 9th battalion,,Bommanahalli Zone,,,M-323,12.89329,77.6702
Mphasis,KSRP 9th battalion,,Bommanahalli Zone,,,M-324,12.89329,77.67011
Mphasis,KSRP 9th battalion,,Bommanahalli Zone,,,M-325,12.89341,77.67017
Mphasis,KSRP 9th battalion,,Bommanahalli Zone,,,M-326,12.8935,77.6699
Mphasis,KSRP 9th battalion,,Bommanahalli Zone,,,M-327,12.8934,77.66969
Mphasis,KSRP 9th battalion,,Bommanahalli Zone,,,M-328,12.89336,77.66969
Mphasis,KSRP 9th battalion,,Bommanahalli Zone,,,M-329,12.89335,77.66974
Mphasis,KSRP 9th battalion,,Bommanahalli Zone,,,M-330,12.8934,77.66967
Mphasis,KSRP 4th Battalion,,Bommanahalli Zone,,,M-331,12.92358,77.6302
Mphasis,KSRP 4th Battalion,,Bommanahalli Zone,,,M-332,12.92311,77.62975
Mphasis,KSRP 4th Battalion,,Bommanahalli Zone,,,M-333,12.92308,77.62944
Mphasis,KSRP 4th Battalion,,Bommanahalli Zone,,,M-334,12.92302,77.62908
Mphasis,KSRP 4th Battalion,,Bommanahalli Zone,,,M-335,12.9233,77.62955
Mphasis,KSRP 4th Battalion,,Bommanahalli Zone,,,M-336,12.92326,77.62961
Mphasis,KSRP 4th Battalion,,Bommanahalli Zone,,,M-337,12.92325,77.62967
Mphasis,KSRP 4th Battalion,,Bommanahalli Zone,,,M-338,12.92358,77.62959
Mphasis,KSRP 4th Battalion,,Bommanahalli Zone,,,M-339,12.92411,77.6313
Mphasis,KSRP 4th Battalion,,Bommanahalli Zone,,,M-340,12.91867,77.62778
Mphasis,KSRP 4th Battalion,,Bommanahalli Zone,,,M-341,12.91856,77.62786
Mphasis,KSRP 4th Battalion,,Bommanahalli Zone,,,M-342,12.9185,77.62774
Mphasis,KSRP 4th Battalion,,Bommanahalli Zone,,,M-343,12.91851,77.62771
Mphasis,KSRP 4th Battalion,,Bommanahalli Zone,,,M-344,12.91841,77.6276
Mphasis,KSRP 4th Battalion,,Bommanahalli Zone,,,M-345,12.91877,77.62766
Mphasis,KSRP 4th Battalion,,Bommanahalli Zone,,,M-346,12.91927,77.62793
Mphasis,KSRP 4th Battalion,,Bommanahalli Zone,,,M-347,12.91931,77.62795
Mphasis,KSRP 4th Battalion,,Bommanahalli Zone,,,M-348,12.92158,77.6232
Mphasis,KSRP 4th Battalion,,Bommanahalli Zone,,,M-349,12.9216,77.62317
Mphasis,KSRP 4th Battalion,,Bommanahalli Zone,,,M-350,12.92158,77.62316
Mphasis,KSRP 4th Battalion,,Bommanahalli Zone,,,M-351,12.92131,77.6235
Mphasis,KSRP 4th Battalion,,Bommanahalli Zone,,,M-352,12.92187,77.62264
Mphasis,KSRP 4th Battalion,,Bommanahalli Zone,,,M-353,12.92147,77.62395
Mphasis,KSRP 4th Battalion,,Bommanahalli Zone,,,M-354,12.92129,77.62383
Mphasis,KSRP 4th Battalion,,Bommanahalli Zone,,,M-355,12.92041,77.62373
Mphasis,KSRP 4th Battalion,,Bommanahalli Zone,,,M-356,12.92042,77.62365
Mphasis,KSRP 4th Battalion,,Bommanahalli Zone,,,M-357,12.92057,77.62368
Mphasis,KSRP 4th Battalion,,Bommanahalli Zone,,,M-358,12.92059,77.62366
Mphasis,KSRP 4th Battalion,,Bommanahalli Zone,,,M-359,12.92052,77.62403
Mphasis,KSRP 4th Battalion,,Bommanahalli Zone,,,M-360,12.92148,77.62393
Mphasis,KSRP 4th Battalion,,Bommanahalli Zone,,,M-361,12.92151,77.62402
Broadcom,PHC Centre Backside Park (BWSSB),,East Zone,,,BC-O3,12.997774,77.76142702
Broadcom,District Armed Reserve Police Campus,,Yelahanka Zone,,,BC591,12.99116302,77.47826404
Broadcom,Nandini Booth Park,,Bommanahalli Zone,,,B-168,12.90505,77.53782
Broadcom,MEI Layout Park 2,,Dasarahalli zone,,,BC234,13.06026,77.50674
Broadcom,PHC Centre Backside Park (BWSSB),,East Zone,,,BC-O4,12.99775003,77.76150598
Broadcom,Singasandra Park-Farm house/Banglore city corporation nursery,,Bommanahalli Zone,,,B-35,12.89416,77.647
Broadcom,District Armed Reserve Police Campus,,Yelahanka Zone,,,BC592,12.9902433,77.47846918
Broadcom,MEI Layout Park 2,,Dasarahalli zone,,,BC235,13.06017,77.50668
Broadcom,Madiwala Machayya Park,,Yelahanka Zone,,,BC424,13.10575102,77.57119797
Broadcom,District Armed Reserve Police Campus,,Yelahanka Zone,,,BC593,12.99285801,77.47884398
Broadcom,District Armed Reserve Police Campus,,Yelahanka Zone,,,BC594,12.99506002,77.47936701
Broadcom,MEI Layout Park 3,,Dasarahalli zone,,,BC236,13.0624,77.50155
Broadcom,Nandini Booth Park,,Bommanahalli Zone,,,B-169,12.90507,77.53761
Broadcom,District Armed Reserve Police Campus,,Yelahanka Zone,,,BC595,12.99497704,77.479365
Broadcom,PHC Centre Backside Park (BWSSB),,East Zone,,,BC-O5,12.99790098,77.76040602
Broadcom,District Armed Reserve Police Campus,,Yelahanka Zone,,,BC596,12.99509204,77.47934799
Broadcom,District Armed Reserve Police Campus,,Yelahanka Zone,,,BC597,12.99511501,77.47931597
Broadcom,District Armed Reserve Police Campus,,Yelahanka Zone,,,BC598,12.99371003,77.47950004
Broadcom,"CAR Headquarters, chamarajepete",,west zone,,,B-133,12.96269598,77.56077901
Broadcom,District Armed Reserve Police Campus,,Yelahanka Zone,,,BC599,12.99513596,77.47924296
Broadcom,Nandini Booth Park,,Bommanahalli Zone,,,B-170,12.90489,77.53787
Broadcom,District Armed Reserve Police Campus,,Yelahanka Zone,,,BC600,12.99511501,77.47912503
Broadcom,Byrasandra Park,,South Zone,,,B727,12.933544,77.5891
Broadcom,MEI Layout Park 2,,Dasarahalli zone,,,BC237,13.06046,77.50673
Broadcom,Prema Sadana,,Bommanahalli Zone,,,B-226,12.84565,77.59969
Broadcom,Poornapragna park no 15,,Bommanahalli Zone,,,B-198,12.90249498,77.53692001
Broadcom,Commissioner office,,East Zone,,,B351,12.98484016,77.59422761
Broadcom,Medico Social centre,,Bommanahalli Zone,,,B-334,12.92706533,77.61491366
Broadcom,District Armed Reserve Police Campus,,Yelahanka Zone,,,BC601,12.99514996,77.47921798
Broadcom,MEI Layout Park 3,,Dasarahalli zone,,,BC238,13.0624,77.50144
Broadcom,Nandini Booth Park,,Bommanahalli Zone,,,B-171,12.90468,77.53796
Deloitte India,W.H Gopal Park Part 1,,West Zone,,,D-167,12.99397,77.57078
Deloitte India,W.H Gopal Park Part 1,,West Zone,,,D-166,12.99351,77.57084
Deloitte India,W.H Gopal Park Part 2,,West Zone,,,D-168,12.99477,77.57074
Deloitte India,BBMP Gym park,,West Zone,,,D-146,13.00077,77.57627
Deloitte India,BBMP Gym park,,West Zone,,,D-144,13.00066,77.57627
Deloitte India,BBMP Gym park,,West Zone,,,D-143,13.0008,77.57613
Deloitte India,BBMP Gym park,,West Zone,,,D-145,13.00081,77.57616
Deloitte India,Ramdev Park,,West Zone,,,D-140,13.00253,77.5767
Deloitte India,Ramdev Park,,West Zone,,,D-142,13.00248,77.57681
Deloitte India,Ramdev Park,,West Zone,,,D-141,13.00228,77.57676
Deloitte India,New market park,,West Zone,,,D-156,13.00284,77.57011
Deloitte India,New market park,,West Zone,,,D-157,13.00264,77.57028
Deloitte India,New market park,,West Zone,,,D-158,13.00258,77.57028
Deloitte India,Arundati park,,West Zone,,,D-116,12.98783,77.56778
Deloitte India,Arundati park,,West Zone,,,D-117,12.98777,77.56738
Deloitte India,Lalithamba Ganapathi Park,,West Zone,,,D-110,12.98601,77.55892
Deloitte India,Lalithamba Ganapathi Park,,West Zone,,,D-109,12.986,77.55889
Deloitte India,Lalithamba Ganapathi Park,,West Zone,,,D-111,12.98601,77.55895
Deloitte India,Navarang Park,,West Zone,,,D-108,12.99727,77.55342
Deloitte India,Navarang Park,,West Zone,,,D-106,12.99732,77.55338
Deloitte India,Navarang Park,,West Zone,,,D-107,12.99738,77.55329
Deloitte India,Gayathri Devi Park ( Malleshwaram),,West Zone,,,D-125,13.00617,77.5754
Deloitte India,Gayathri Devi Park ( Malleshwaram),,West Zone,,,D-127,13.00611,77.57537
Deloitte India,Gayathri Devi Park ( Malleshwaram),,West Zone,,,D-130,13.00598,77.57542
Deloitte India,Vaiyalikaval Ground Park,,West Zone,,,D-32,13.00524,77.57921
Deloitte India,Vaiyalikaval Ground Park,,West Zone,,,D-31,13.00498,77.57937
Deloitte India,Vaiyalikaval Ground Park,,West Zone,,,D-33,13.00519,77.57932
Deloitte India,Vaiyalikaval Ground Park,,West Zone,,,D-34,13.00499,77.5797
Deloitte India,Virendra patel park,,West Zone,,,D-41,13.00654,77.582
Deloitte India,Virendra patel park,,West Zone,,,D-44,13.00657,77.58206
Deloitte India,Virendra patel park,,West Zone,,,D-42,13.00672,77.58177
Deloitte India,Virendra patel park,,West Zone,,,D-43,13.00691,77.58205
Deloitte India,P B Srinivas park,,West Zone,,,D-53,13.0058,77.58237
Deloitte India,P B Srinivas park,,West Zone,,,D-36,13.00546,77.58237
Deloitte India,P B Srinivas park,,West Zone,,,D-37,13.00554,77.58218
Deloitte India,P B Srinivas park,,West Zone,,,D-38,13.00557,77.58214
Deloitte India,P B Srinivas park,,West Zone,,,D-40,13.00607,77.58198
Deloitte India,P B Srinivas park,,West Zone,,,D-39,13.00568,77.58191
Broadcom,Poornaprajna flower park (Uttarahalli Depo park),,Bommanahalli Zone,,,B-199,12.90983,77.53578
Broadcom,District Armed Reserve Police Campus,,Yelahanka Zone,,,BC602,12.99499498,77.47912997
Broadcom,PHC Centre Backside Park (BWSSB),,East Zone,,,BC-O6,12.99789696,77.76049504
Broadcom,Nandini Booth Park,,Bommanahalli Zone,,,B-172,12.90556,77.53762
Broadcom,District Armed Reserve Police Campus,,Yelahanka Zone,,,BC603,12.99499297,77.47905102
Broadcom,District Armed Reserve Police Campus,,Yelahanka Zone,,,BC604,12.99389997,77.47936299
Broadcom,RBI Layout Park-1,,Bommanahalli Zone,,,B-74,12.88875,77.5781
Broadcom,MEI Layout Park 2,,Dasarahalli zone,,,BC239,13.06066,77.50665
Broadcom,Medico Social centre,,Bommanahalli Zone,,,B-335,12.92698598,77.61501404
Broadcom,Commissioner office,,East Zone,,,B350,12.98484515,77.59420689
Broadcom,Singasandra Park-Farm house/Banglore city corporation nursery,,Bommanahalli Zone,,,PW36,12.89441,77.64716
Broadcom,Nandini Booth Park,,Bommanahalli Zone,,,B-173,12.90498,77.53758
Broadcom,Prema Sadana,,Bommanahalli Zone,,,B-229,12.8448,77.5993
Broadcom,MEI Layout Park 3,,Dasarahalli zone,,,BC240,13.06261,77.50069
Broadcom,RBI Layout Park-1,,Bommanahalli Zone,,,B-76,12.88919,77.57808
Broadcom,PHC Centre Backside Park (BWSSB),,East Zone,,,BC-O7,12.99789696,77.76059797
Broadcom,Poornaprajna flower park (Uttarahalli Depo park),,Bommanahalli Zone,,,B-200,12.91023,77.5357
Broadcom,District Armed Reserve Police Campus,,Yelahanka Zone,,,BC605,12.99287603,77.47886804
Broadcom,Armed Personnel Training School Campus,,Yelahanka Zone,,,BC352,13.12358603,77.60504301
Broadcom,Singasandra Park-Farm house/Banglore city corporation nursery,,Bommanahalli Zone,,,PW31,12.89459,77.64718
Broadcom,MEI Layout Park 2,,Dasarahalli zone,,,BC241,13.06077,77.50667
Broadcom,Poornaprajna Park no-14,,Bommanahalli Zone,,,B-201,12.90481,77.53766
Broadcom,PHC Centre Backside Park (BWSSB),,East Zone,,,BC-O8,12.99789201,77.76069302
Broadcom,Prema Sadana,,Bommanahalli Zone,,,B-259,12.84493,77.59979
Broadcom,Poornaprajna flower park (Uttarahalli Depo park),,Bommanahalli Zone,,,B-202,12.91037,77.53557
Broadcom,Armed Personnel Training School Campus,,Yelahanka Zone,,,BC353,13.12379901,77.60456004
Broadcom,MEI Layout Park 3,,Dasarahalli zone,,,BC242,13.0627,77.5012
Broadcom,Medico Social centre,,Bommanahalli Zone,,,B-336,12.92730045,77.61447044
Broadcom,RBI Layout Park-1,,Bommanahalli Zone,,,B-78,12.88892,77.5781
Broadcom,District Armed Reserve Police Campus,,Yelahanka Zone,,,BC606,12.99214203,77.47862103
Broadcom,MEI Layout Park 2,,Dasarahalli zone,,,BC243,13.06104,77.50651
Broadcom,Singasandra Park-Farm house/Banglore city corporation nursery,,Bommanahalli Zone,,,PW32,12.89477,77.64702
Morgan Stanley,SHVNM Govt College ( Malleshwaram),,West Zone,,,MS-132,13.00287,77.56762
Morgan Stanley,SHVNM Govt College ( Malleshwaram),,West Zone,,,MS-133,13.0029,77.56763
Morgan Stanley,SHVNM Govt College ( Malleshwaram),,West Zone,,,MS-134,13.00297,77.56765
Morgan Stanley,SHVNM Govt College ( Malleshwaram),,West Zone,,,MS-135,13.00304,77.56768
Morgan Stanley,SHVNM Govt College ( Malleshwaram),,West Zone,,,MS-136,13.00317,77.56771
Morgan Stanley,SHVNM Govt College ( Malleshwaram),,West Zone,,,MS-137,13.00286,77.5676
Broadcom,Prema Sadana,,Bommanahalli Zone,,,B-260,12.84523,77.59992
Broadcom,Poornaprajna flower park (Uttarahalli Depo park),,Bommanahalli Zone,,,B-203,12.91045,77.53559
Broadcom,MEI Layout Park 3,,Dasarahalli zone,,,BC244,13.0625,77.50086
Broadcom,Poornaprajna Park no-14,,Bommanahalli Zone,,,B-204,12.90473,77.53773
Broadcom,District Armed Reserve Police Campus,,Yelahanka Zone,,,BC607,12.99168496,77.47851198
Broadcom,Prema Sadana,,Bommanahalli Zone,,,B-261,12.8448,77.60011
Fidelity,Kasturi nagar Park,,East zone,,,FE107,13.00503,77.66209
Fidelity,Kasturi nagar Park,,East zone,,,FE108,13.00508,77.6624
Fidelity,Kasturi nagar Park,,East zone,,,FE109,13.00519,77.66259
Fidelity,Kasturi nagar Park,,East zone,,,FE110,13.00455,77.66146
Fidelity,Kasturi nagar Park,,East zone,,,FE111,13.00429,77.66092
Fidelity,Kasturi nagar Park,,East zone,,,FE112,13.00398,77.6603
Fidelity,Kasturi nagar Park,,East zone,,,FE113,13.00385,77.66015
Fidelity,Kasturi nagar Park,,East zone,,,FE114,13.00343,77.65941
Fidelity,Kasturi nagar Park,,East zone,,,FE-115,13.00332,77.65918
Deloitte India,Triangular Park,,West Zone,,,D-165,12.98710529,77.57634472
Morgan Stanley,Horticulture Park near GKVK,,Yelahanka Zone,,,MS-138,13.0925,77.56138
Morgan Stanley,Horticulture Park near GKVK,,Yelahanka Zone,,,MS-139,13.09251,77.5614
Morgan Stanley,Horticulture Park near GKVK,,Yelahanka Zone,,,MS-140,13.09258,77.56145
Morgan Stanley,Horticulture Park near GKVK,,Yelahanka Zone,,,MS-141,13.09263,77.56152
Morgan Stanley,Horticulture Park near GKVK,,Yelahanka Zone,,,MS-142,13.0927,77.56154
Morgan Stanley,Horticulture Park near GKVK,,Yelahanka Zone,,,MS-143,13.09297,77.56181
Morgan Stanley,Horticulture Park near GKVK,,Yelahanka Zone,,,MS-146,13.09306,77.56186
Morgan Stanley,Horticulture Park near GKVK,,Yelahanka Zone,,,MS-147,13.0931,77.56191
Morgan Stanley,Horticulture Park near GKVK,,Yelahanka Zone,,,MS-148,13.09314,77.56192
Morgan Stanley,Horticulture Park near GKVK,,Yelahanka Zone,,,MS-149,13.09213,77.56106
Morgan Stanley,Horticulture Park near GKVK,,Yelahanka Zone,,,MS-150,13.09223,77.56114
Morgan Stanley,Horticulture Park near GKVK,,Yelahanka Zone,,,MS-151,13.09225,77.56122
Morgan Stanley,Horticulture Park near GKVK,,Yelahanka Zone,,,MS-152,13.09233,77.56123
Morgan Stanley,Horticulture Park near GKVK,,Yelahanka Zone,,,MS-153,13.09242,77.5613
Morgan Stanley,Horticulture Park near GKVK,,Yelahanka Zone,,,MS-154,13.09249,77.56133
Broadcom,MEI Layout Park 2,,Dasarahalli zone,,,BC245,13.06093,77.50648
Broadcom,Singasandra Park-Farm house/Banglore city corporation nursery,,Bommanahalli Zone,,,PW30,12.89512,77.64668
Broadcom,Poornaprajna Park no-14,,Bommanahalli Zone,,,B-205,12.90488,77.5375
Broadcom,PHC Centre Backside Park (BWSSB),,East Zone,,,BC-O9,12.99785203,77.76083903
Broadcom,Poornaprajna flower park (Uttarahalli Depo park),,Bommanahalli Zone,,,B-206,12.91053,77.53559
Broadcom,Poornaprajna Park no-14,,Bommanahalli Zone,,,B-207,12.90489,77.53741
Broadcom,District Armed Reserve Police Campus,,Yelahanka Zone,,,BC608,12.99163501,77.47830796
Continental,Horticuture university,,Yelahanka zone,,,C-72,13.0917,77.56501
Continental,Horticuture university,,Yelahanka zone,,,C-78,13.09156,77.56515
Continental,Horticuture university,,Yelahanka zone,,,C-71,13.09154,77.56515
Continental,Horticuture university,,Yelahanka zone,,,C-77,13.09152,77.56504
Continental,Horticuture university,,Yelahanka zone,,,C-70,13.09178,77.56472
Continental,Horticuture university,,Yelahanka zone,,,C-69,13.09149,77.56478
Continental,Horticuture university,,Yelahanka zone,,,C-68,13.09143,77.56478
Continental,Horticuture university,,Yelahanka zone,,,C-67,13.09137,77.5648
Continental,Horticuture university,,Yelahanka zone,,,C-66,13.09135,77.56485
Continental,Horticuture university,,Yelahanka zone,,,C-75,13.09133,77.56489
Continental,Horticuture university,,Yelahanka zone,,,C-76,13.09128,77.565
Continental,Horticuture university,,Yelahanka zone,,,C-63,13.0913,77.56501
Continental,Horticuture university,,Yelahanka zone,,,C-79,13.09139,77.5646
Continental,Horticuture university,,Yelahanka zone,,,C-73,13.09127,77.56457
Continental,Horticuture university,,Yelahanka zone,,,C-72,13.0912,77.56461
Happiest Minds,Regional Horticultural Research and,,Yelahanka zone,,,HM-242,13.0918,77.5611
Happiest Minds,Regional Horticultural Research and,,Yelahanka zone,,,HM-243,13.09182,77.56102
Happiest Minds,Regional Horticultural Research and,,Yelahanka zone,,,HM-88,13.09183,77.56098
Happiest Minds,Regional Horticultural Research and,,Yelahanka zone,,,HM-89,13.09184,77.56094
Happiest Minds,Regional Horticultural Research and,,Yelahanka zone,,,HM-250,13.09157,77.56073
Happiest Minds,Regional Horticultural Research and,,Yelahanka zone,,,HM-249,13.09159,77.56071
Happiest Minds,Regional Horticultural Research and,,Yelahanka zone,,,HM-90,13.09191,77.56044
Happiest Minds,Regional Horticultural Research and,,Yelahanka zone,,,HM-91,13.09186,77.56029
Happiest Minds,Regional Horticultural Research and,,Yelahanka zone,,,HM-92,13.09187,77.56029
Happiest Minds,Regional Horticultural Research and,,Yelahanka zone,,,HM-246,13.0917,77.56119
Happiest Minds,Regional Horticultural Research and,,Yelahanka zone,,,HM-247,13.0916,77.56117
Happiest Minds,Regional Horticultural Research and,,Yelahanka zone,,,HM-248,13.09149,77.56114
Happiest Minds,Regional Horticultural Research and,,Yelahanka zone,,,HM-249,13.09146,77.56113
Happiest Minds,Regional Horticultural Research and,,Yelahanka zone,,,HM-250,13.09136,77.5611
Happiest Minds,Regional Horticultural Research and,,Yelahanka zone,,,HM-251,13.09129,77.56107
Happiest Minds,Regional Horticultural Research and,,Yelahanka zone,,,HM-252,13.09122,77.56108
Happiest Minds,Regional Horticultural Research and,,Yelahanka zone,,,HM-253,13.09118,77.56108
Happiest Minds,Regional Horticultural Research and,,Yelahanka zone,,,HM-254,13.09099,77.56103
Happiest Minds,Regional Horticultural Research and,,Yelahanka zone,,,HM-255,13.091,77.56096
Happiest Minds,Regional Horticultural Research and,,Yelahanka zone,,,HM-256,13.09089,77.56099
Happiest Minds,Regional Horticultural Research and,,Yelahanka zone,,,HM-257,13.0908,77.56096
Happiest Minds,Regional Horticultural Research and,,Yelahanka zone,,,HM-258,13.09078,77.56095
Happiest Minds,Regional Horticultural Research and,,Yelahanka zone,,,HM-259,13.09056,77.56161
Happiest Minds,Regional Horticultural Research and,,Yelahanka zone,,,HM-260,13.09056,77.56152
Happiest Minds,Regional Horticultural Research and,,Yelahanka zone,,,HM-263,13.09059,77.56155
Happiest Minds,Regional Horticultural Research and,,Yelahanka zone,,,HM-264,13.09063,77.56156
Happiest Minds,Regional Horticultural Research and,,Yelahanka zone,,,HM-265,13.09067,77.56156
Happiest Minds,Regional Horticultural Research and,,Yelahanka zone,,,HM-266,13.09071,77.56159
Happiest Minds,Regional Horticultural Research and,,Yelahanka zone,,,HM-267,13.09077,77.5616
Happiest Minds,Regional Horticultural Research and,,Yelahanka zone,,,HM-268,13.09085,77.56164
Happiest Minds,Regional Horticultural Research and,,Yelahanka zone,,,HM-269,13.09101,77.56172
Happiest Minds,Regional Horticultural Research and,,Yelahanka zone,,,HM-270,13.09102,77.56168
Happiest Minds,Regional Horticultural Research and,,Yelahanka zone,,,HM-271,13.09108,77.56169
Happiest Minds,Regional Horticultural Research and,,Yelahanka zone,,,HM-272,13.09113,77.56172
Happiest Minds,Regional Horticultural Research and,,Yelahanka zone,,,HM-273,13.09132,77.56181
Happiest Minds,Regional Horticultural Research and,,Yelahanka zone,,,HM-274,13.09132,77.56178
Happiest Minds,Regional Horticultural Research and,,Yelahanka zone,,,HM-275,13.09142,77.56179
Happiest Minds,Regional Horticultural Research and,,Yelahanka zone,,,HM-276,13.09142,77.5618
Happiest Minds,Regional Horticultural Research and,,Yelahanka zone,,,HM-280,13.09152,77.56182
Happiest Minds,Regional Horticultural Research and,,Yelahanka zone,,,HM-281,13.09159,77.56178
Happiest Minds,Regional Horticultural Research and,,Yelahanka zone,,,HM-282,13.09164,77.5618
Happiest Minds,Regional Horticultural Research and,,Yelahanka zone,,,HM-283,13.09166,77.56178
Happiest Minds,Regional Horticultural Research and,,Yelahanka zone,,,HM-284,13.09167,77.56182
Happiest Minds,Regional Horticultural Research and,,Yelahanka zone,,,HM-53,13.09022,77.56079
Happiest Minds,Regional Horticultural Research and,,Yelahanka zone,,,HM-52,13.09025,77.56083
Happiest Minds,Regional Horticultural Research and,,Yelahanka zone,,,HM-51,13.09023,77.56087
Happiest Minds,Regional Horticultural Research and,,Yelahanka zone,,,HM-54,13.09019,77.56081
Happiest Minds,Regional Horticultural Research and,,Yelahanka zone,,,HM-55,13.09008,77.56075
Happiest Minds,Regional Horticultural Research and,,Yelahanka zone,,,HM-191,13.08946,77.56233
Happiest Minds,Regional Horticultural Research and,,Yelahanka zone,,,HM-192,13.08946,77.56222
Happiest Minds,Regional Horticultural Research and,,Yelahanka zone,,,HM -193,13.08946,77.56219
Happiest Minds,Regional Horticultural Research and,,Yelahanka zone,,,HM-194,13.08946,77.56216
Happiest Minds,Regional Horticultural Research and,,Yelahanka zone,,,HM -195,13.08947,77.56211
Happiest Minds,Regional Horticultural Research and,,Yelahanka zone,,,HM-196,13.0895,77.56204
Happiest Minds,Regional Horticultural Research and,,Yelahanka zone,,,"HM,-197",13.08951,77.56202
Happiest Minds,Regional Horticultural Research and,,Yelahanka zone,,,HM-198,13.08958,77.5618
Happiest Minds,Regional Horticultural Research and,,Yelahanka zone,,,HM-199,13.08958,77.56176
Happiest Minds,Regional Horticultural Research and,,Yelahanka zone,,,HM-200,13.08958,77.56174
Happiest Minds,Regional Horticultural Research and,,Yelahanka zone,,,HM-201,13.08959,77.56169
Happiest Minds,Regional Horticultural Research and,,Yelahanka zone,,,HM-202,13.0896,77.56164
Continental,"Farmers Producers Agriculture Institute, Yelahanka",,Yelahanka zone,,,C-62,13.08918,77.55935
Continental,"Farmers Producers Agriculture Institute, Yelahanka",,Yelahanka zone,,,C-63,13.08908,77.55936
Continental,"Farmers Producers Agriculture Institute, Yelahanka",,Yelahanka zone,,,C-56,13.08919,77.55936
Continental,"Farmers Producers Agriculture Institute, Yelahanka",,Yelahanka zone,,,C-55,13.08923,77.5597
Continental,"Farmers Producers Agriculture Institute, Yelahanka",,Yelahanka zone,,,C-54,13.08876,77.55978
Continental,"Farmers Producers Agriculture Institute, Yelahanka",,Yelahanka zone,,,C-53,13.08872,77.55976
Continental,"Farmers Producers Agriculture Institute, Yelahanka",,Yelahanka zone,,,C-52,13.0885,77.55974
Continental,"Farmers Producers Agriculture Institute, Yelahanka",,Yelahanka zone,,,C-51,13.08856,77.55965
Continental,"Farmers Producers Agriculture Institute, Yelahanka",,Yelahanka zone,,,C-65,13.08908,77.55954
Continental,"Farmers Producers Agriculture Institute, Yelahanka",,Yelahanka zone,,,C-64,13.089,77.55943
Continental,"Farmers Producers Agriculture Institute, Yelahanka",,Yelahanka zone,,,C-61,13.08936,77.5594
Continental,"Farmers Producers Agriculture Institute, Yelahanka",,Yelahanka zone,,,C-60,13.08942,77.5593
Continental,"Farmers Producers Agriculture Institute, Yelahanka",,Yelahanka zone,,,C-59,13.08936,77.55919
Continental,"Farmers Producers Agriculture Institute, Yelahanka",,Yelahanka zone,,,C-58,13.08934,77.55916
Continental,"Farmers Producers Agriculture Institute, Yelahanka",,Yelahanka zone,,,C-57,13.08937,77.55909
Continental,"Farmers Producers Agriculture Institute, Yelahanka",,Yelahanka zone,,,C-56,13.08938,77.55899
Broadcom,MEI Layout Park 2,,Dasarahalli zone,,,BC246,13.06089,77.50641
Broadcom,Prema Sadana,,Bommanahalli Zone,,,B-262,12.84468,77.6001
Broadcom,Poornaprajna flower park (Uttarahalli Depo park),,Bommanahalli Zone,,,B-191,12.91076,77.53541
Broadcom,PHC Centre Backside Park (BWSSB),,East Zone,,,BC-10,12.997832,77.76093501
Broadcom,Nandini Booth Park,,Bommanahalli Zone,,,B-174,12.90546,77.53765
Broadcom,Prema Sadana,,Bommanahalli Zone,,,B-265,12.8446,77.60007
Broadcom,District Armed Reserve Police Campus,,Yelahanka Zone,,,BC609,12.99062097,77.47770497
Broadcom,Poornaprajna flower park (Uttarahalli Depo park),,Bommanahalli Zone,,,B-192,12.91086,77.53536
Broadcom,Nandini Booth Park,,Bommanahalli Zone,,,B-175,12.90522,77.53773
Broadcom,PHC Centre Backside Park (BWSSB),,East Zone,,,BC-11,12.99782898,77.76104397
Broadcom,Prema Sadana,,Bommanahalli Zone,,,B-267,12.8445,77.59991
Broadcom,Poornaprajna flower park (Uttarahalli Depo park),,Bommanahalli Zone,,,B-193,12.91117,77.53532
Broadcom,District Armed Reserve Police Campus,,Yelahanka Zone,,,BC610,12.990914,77.47779398
Broadcom,Geleyara Balaga Playground,,Dasarahalli Zone,,,BC-13,13.07039,77.50904
Broadcom,MEI Layout Park 2,,Dasarahalli zone,,,BC247,13.06063,77.50633
Broadcom,Nandini Booth Park,,Bommanahalli Zone,,,B-176,12.9051,77.53779
Broadcom,PHC Centre Backside Park (BWSSB),,East Zone,,,BC-12,12.99779696,77.76113198
Broadcom,Poornaprajna flower park (Uttarahalli Depo park),,Bommanahalli Zone,,,B-194,12.9113,77.5352
Broadcom,Child and women devolpment,,Yelahanka zone,,,B-291,13.10327,77.58448
Broadcom,Ramana Maharshi Park,,Yelahanka Zone,,,BC-769,13.1043,77.57464
Broadcom,Ramana Maharshi Park,,Yelahanka Zone,,,BC-770,13.10428,77.57464
Deloitte India,Gayathri devi park,,West Zone,,,D-75,12.99817,77.5566
Deloitte India,Gayathri devi park,,West Zone,,,D-76,12.99683,77.55708
Deloitte India,Gayathri devi park,,West Zone,,,D-77,12.99657,77.55711
Deloitte India,Gayathri devi park,,West Zone,,,D-78,12.99656,77.55657
Deloitte India,Gayathri devi park,,West Zone,,,D-73,12.9974,77.55573
Deloitte India,Gayathri devi park,,West Zone,,,D-74,12.99743,77.55573
Deloitte India,Gayathri devi park,,West Zone,,,D-80,12.99711,77.55642
Deloitte India,Gayathri devi park,,West Zone,,,D-79,12.99667,77.55651
Deloitte India,16th Cross Park (Opp to Cricket House),,West Zone,,,D-123,13.00684,77.56284
Deloitte India,16th Cross Park (Opp to Cricket House),,West Zone,,,D-122,13.00683,77.5628
Deloitte India,Nadaprabhu kempegowda stadium,,West Zone,,,D-81,13.009,77.55842
Deloitte India,Nadaprabhu kempegowda stadium,,West Zone,,,D-89,13.00891,77.55863
Deloitte India,Nadaprabhu kempegowda stadium,,West Zone,,,D-91,13.00809,77.55869
Deloitte India,Nadaprabhu kempegowda stadium,,West Zone,,,D-82,13.00822,77.55815
Deloitte India,Nadaprabhu kempegowda stadium,,West Zone,,,D-83,13.00836,77.55803
Deloitte India,Nadaprabhu kempegowda stadium,,West Zone,,,D-84,13.00899,77.55802
Deloitte India,Nadaprabhu kempegowda stadium,,West Zone,,,D-85,13.00897,77.55804
Deloitte India,Nadaprabhu kempegowda stadium,,West Zone,,,D-86,13.00899,77.55803
Deloitte India,Nadaprabhu kempegowda stadium,,West Zone,,,D-87,13.00901,77.55806
Deloitte India,Nadaprabhu Kempegowda stadium,,West Zone,,,D-88,13.00909,77.55824
Deloitte India,Nadaprabhu Kempegowda stadium,,West Zone,,,D-90,13.00846,77.55863
Deloitte India,Sangolli Rayanna park,,West Zone,,,D-92,13.00699,77.55797
Deloitte India,Sangolli rayanna park,,West Zone,,,D-99,13.00768,77.5578
Deloitte India,Sangolli Rayanna park,,West Zone,,,D-98,13.00768,77.55784
Deloitte India,Sangolli Rayanna park,,West Zone,,,D-97,13.0075,77.55817
Deloitte India,Sangolli Rayanna park,,West Zone,,,D-95,13.00746,77.55839
Deloitte India,Sangolli Rayanna park,,West Zone,,,D-96,13.00746,77.55826
Deloitte India,Sangolli Rayanna park,,West Zone,,,D-100,13.00751,77.55814
Deloitte India,Sangolli Rayanna park,,West Zone,,,D-93,13.00706,77.55813
Deloitte India,Sangolli Rayanna park,,West Zone,,,D-94,13.00723,77.55839
Mphasis,Loyala School Park,,Bommanahalli Zone,,,M-294,12.86782,77.5907
Mphasis,Loyala School Park,,Bommanahalli Zone,,,M-295,12.86779,77.59078
Mphasis,Loyala School Park,,Bommanahalli Zone,,,M-296,12.86751,77.59042
Mphasis,Loyala School Park,,Bommanahalli Zone,,,M-297,12.86756,77.59043
Mphasis,Loyala School Park,,Bommanahalli Zone,,,M-298,12.86739,77.58998
Mphasis,Loyala School Park,,Bommanahalli Zone,,,M-299,12.86833,77.59035
Mphasis,Loyala School Park,,Bommanahalli Zone,,,M-300,12.86843,77.59036
Mphasis,Loyala School Park,,Bommanahalli Zone,,,M-301,12.86862,77.59026
Broadcom,Savitha Park,,Yelahanka zone,,,B-709,13.09636,77.57698
Broadcom,Sir. M Vishveshwaraiah Park,,Yelahanka Zone,,,BC-768,13.09841,77.58021
Broadcom,SHVNM Govt school,,west zone,,,B-737,13.00314,77.56799
Broadcom,SHVNM Govt school,,west zone,,,B-738,13.00317,77.56797
Broadcom,SHVNM Govt school,,west zone,,,B-739,13.00315,77.56795
Broadcom,SHVNM Govt school,,west zone,,,B-740,13.00316,77.5679
Broadcom,SHVNM Govt school,,west zone,,,B-741,13.0026,77.56812
Mphasis,KSRP 9th battalion,,Bommanahalli Zone,,,M-362,12.88676,77.66888
Mphasis,Kiru Vruksha Vana park,,South Zone,,,M-97,12.90524,77.59385
Mphasis,KSRP 9th battalion,,Bommanahalli Zone,,,M-363,12.89348,77.66964
Mphasis,KSRP 9th battalion,,Bommanahalli Zone,,,M-364,12.89342,77.66965
Mphasis,KSRP 9th battalion,,Bommanahalli Zone,,,M-365,12.89337,77.66969
Mphasis,KSRP 9th battalion,,Bommanahalli Zone,,,M-366,12.88779,77.6705
Mphasis,KSRP 9th battalion,,Bommanahalli Zone,,,M-367,13.01414,77.54193
Mphasis,KSRP 9th battalion,,Bommanahalli Zone,,,M-368,12.89324,77.66965
Mphasis,KSRP 9th battalion,,Bommanahalli Zone,,,M-369,12.89284,77.66959
Mphasis,KSRP 9th battalion,,Bommanahalli Zone,,,M-370,12.89243,77.66959
Mphasis,KSRP 9th battalion,,Bommanahalli Zone,,,M-371,12.89226,77.66962
Mphasis,Loyala School Park,,Bommanahalli Zone,,,M-302,12.86867,77.59028
Mphasis,Loyala School Park,,Bommanahalli Zone,,,M-303,12.86873,77.59033
Mphasis,Loyala School Park,,Bommanahalli Zone,,,M-304,12.86883,77.5903
Mphasis,Loyala School Park,,Bommanahalli Zone,,,M-305,12.86883,77.59035
Mphasis,Loyala School Park,,Bommanahalli Zone,,,M-306,12.86885,77.59036
Mphasis,Loyala School Park,,Bommanahalli Zone,,,M-307,12.86897,77.59032
Mphasis,Loyala School Park,,Bommanahalli Zone,,,M-308,12.86898,77.59031
Mphasis,Loyala School Park,,Bommanahalli Zone,,,M-309,12.86907,77.59069
Mphasis,Loyala School Park,,Bommanahalli Zone,,,M-310,12.86905,77.59082
Mphasis,Loyala School Park,,Bommanahalli Zone,,,M-311,12.86897,77.59105
Mphasis,Loyala School Park,,Bommanahalli Zone,,,M-312,12.86891,77.59129
Mphasis,Loyala School Park,,Bommanahalli Zone,,,M-313,12.8689,77.58881
Mphasis,Loyala School Park,,Bommanahalli Zone,,,M-314,12.86819,77.59224
Mphasis,Loyala School Park,,Bommanahalli Zone,,,M-315,12.86829,77.5923
Mphasis,Loyala School Park,,Bommanahalli Zone,,,M-316,12.86845,77.59232
Mphasis,Loyala School Park,,Bommanahalli Zone,,,M-317,12.86835,77.59221
Mphasis,Loyala School Park,,Bommanahalli Zone,,,M-318,12.86829,77.59223
Mphasis,Loyala School Park,,Bommanahalli Zone,,,M-319,12.86806,77.59213
Mphasis,Loyala School Park,,Bommanahalli Zone,,,M-320,12.86801,77.59217
Mphasis,Loyala School Park,,Bommanahalli Zone,,,M-321,12.86792,77.59218
Mphasis,Loyala School Park,,Bommanahalli Zone,,,M-322,12.86784,77.59213
Mphasis,Loyala School Park,,Bommanahalli Zone,,,M-323,12.86768,77.5921
Mphasis,Loyala School Park,,Bommanahalli Zone,,,M-324,12.86927,77.58898
Mphasis,Loyala School Park,,Bommanahalli Zone,,,M-325,12.86859,77.59237
Mphasis,Loyala School Park,,Bommanahalli Zone,,,M-326,12.86739,77.58986
Mphasis,Loyala School Park,,Bommanahalli Zone,,,M-327,12.86739,77.5899
Mphasis,Loyala School Park,,Bommanahalli Zone,,,M-328,12.86738,77.59008
Mphasis,Loyala School Park,,Bommanahalli Zone,,,M-329,12.86737,77.59015
Mphasis,Loyala School Park,,Bommanahalli Zone,,,M-330,12.8678,77.58906
Mphasis,Loyala School Park,,Bommanahalli Zone,,,M-331,12.86877,77.5903
Mphasis,Loyala School Park,,Bommanahalli Zone,,,M-332,12.86802,77.58764
Mphasis,Loyala School Park,,Bommanahalli Zone,,,M-333,12.86809,77.58766
Mphasis,Loyala School Park,,Bommanahalli Zone,,,M-334,12.86813,77.58768
Mphasis,Loyala School Park,,Bommanahalli Zone,,,M-335,12.86827,77.58772
Mphasis,Loyala School Park,,Bommanahalli Zone,,,M-336,12.86835,77.58775
Mphasis,Loyala School Park,,Bommanahalli Zone,,,M-337,12.86849,77.5878
Mphasis,Loyala School Park,,Bommanahalli Zone,,,M-338,12.86857,77.58783
Mphasis,Loyala School Park,,Bommanahalli Zone,,,M-339,12.87025,77.58992
Mphasis,Loyala School Park,,Bommanahalli Zone,,,M-340,12.87025,77.58992
Mphasis,Loyala School Park,,Bommanahalli Zone,,,M-341,12.86845,77.5887
Mphasis,Loyala School Park,,Bommanahalli Zone,,,M-342,12.8685,77.58871
Mphasis,Loyala School Park,,Bommanahalli Zone,,,M-343,12.86855,77.58873
Mphasis,Loyala School Park,,Bommanahalli Zone,,,M-344,12.86859,77.58874
Mphasis,Loyala School Park,,Bommanahalli Zone,,,M-345,12.86865,77.58875
Mphasis,Loyala School Park,,Bommanahalli Zone,,,M-346,12.86872,77.58876
Mphasis,Loyala School Park,,Bommanahalli Zone,,,M-347,12.8688,77.58879
Mphasis,Loyala School Park,,Bommanahalli Zone,,,M-348,12.86897,77.58882
Mphasis,Loyala School Park,,Bommanahalli Zone,,,M-349,12.86904,77.58884
Mphasis,Loyala School Park,,Bommanahalli Zone,,,M-350,12.86912,77.58884
Mphasis,Loyala School Park,,Bommanahalli Zone,,,M-351,12.8693,77.58897
Mphasis,Loyala School Park,,Bommanahalli Zone,,,M-352,12.87033,77.59011
Mphasis,Loyala School Park,,Bommanahalli Zone,,,M-353,12.86866,77.59244
Mphasis,Loyala School Park,,Bommanahalli Zone,,,M-354,12.86866,77.59244
Mphasis,Loyala School Park,,Bommanahalli Zone,,,M-355,12.86873,77.59249
Mphasis,Loyala School Park,,Bommanahalli Zone,,,M-356,12.86873,77.59249
Mphasis,Loyala School Park,,Bommanahalli Zone,,,M-357,12.86776,77.59082
Mphasis,Loyala School Park,,Bommanahalli Zone,,,M-358,12.86791,77.59015
Mphasis,Loyala School Park,,Bommanahalli Zone,,,M-359,12.86755,77.59038
Mphasis,Loyala School Park,,Bommanahalli Zone,,,M-360,12.8675,77.59036
Mphasis,Maitreya Campus,,Bommanahalli Zone,,,M-361,12.867955,77.58748502
Mphasis,Maitreya Campus,,Bommanahalli Zone,,,M-362,12.86788803,77.58737203
Mphasis,Maitreya Campus,,Bommanahalli Zone,,,M-363,12.86785802,77.58733498
Mphasis,Maitreya Campus,,Bommanahalli Zone,,,M-364,12.86695303,77.58640601
Mphasis,Maitreya Campus,,Bommanahalli Zone,,,M-365,12.86774604,77.58739902
Mphasis,Naft Collage back side Park,,Bommanahalli Zone,,,M-366,12.91109,77.65262
Mphasis,Naft Collage back side Park,,Bommanahalli Zone,,,M-367,12.91123,77.65248
Mphasis,Naft Collage back side Park,,Bommanahalli Zone,,,M-368,12.91109,77.65269
Mphasis,Naft Collage back side Park 1,,Bommanahalli Zone,,,M-369,12.91001,77.65276
Morgan Stanley,CAR North Campus,,Yelahanka Zone,,,MS-361,13.074949,77.63394599
Morgan Stanley,CAR North Campus,,Yelahanka Zone,,,MS-362,13.074937,77.634048
Morgan Stanley,CAR North Campus,,Yelahanka Zone,,,MS-363,13.074957,77.63417599
Morgan Stanley,CAR North Campus,,Yelahanka Zone,,,MS-364,13.074946,77.63426601
Morgan Stanley,CAR North Campus,,Yelahanka Zone,,,MS-365,13.075191,77.633991
Morgan Stanley,CAR North Campus,,Yelahanka Zone,,,MS-366,13.075493,77.63401003
Morgan Stanley,CAR North Campus,,Yelahanka Zone,,,MS-367,13.07571,77.63400399
Morgan Stanley,CAR North Campus,,Yelahanka Zone,,,MS-368,13.076318,77.63389402
Morgan Stanley,CAR North Campus,,Yelahanka Zone,,,MS-369,13.076554,77.63390098
Morgan Stanley,CAR North Campus,,Yelahanka Zone,,,MS-370,13.076671,77.633934
Morgan Stanley,CAR North Campus,,Yelahanka Zone,,,MS-371,13.076813,77.63392998
Morgan Stanley,CAR North Campus,,Yelahanka Zone,,,MS-372,13.076939,77.63392302
Morgan Stanley,CAR North Campus,,Yelahanka Zone,,,MS-373,13.07685,77.63401103
Morgan Stanley,CAR North Campus,,Yelahanka Zone,,,MS-374,13.076859,77.63409896
Morgan Stanley,CAR North Campus,,Yelahanka Zone,,,MS-375,13.076858,77.634178
Morgan Stanley,CAR North Campus,,Yelahanka Zone,,,MS-376,13.076827,77.63425101
Morgan Stanley,CAR North Campus,,Yelahanka Zone,,,MS-377,13.076778,77.63433198
Morgan Stanley,CAR North Campus,,Yelahanka Zone,,,MS-378,13.076693,77.63447397
Morgan Stanley,CAR North Campus,,Yelahanka Zone,,,MS-379,13.076631,77.63458704
Mphasis,CAR North Campus,,Yelahanka Zone,,,M-372,13.07476,77.63407
Mphasis,CAR North Campus,,Yelahanka Zone,,,M-373,13.07476,77.63399
Mphasis,CAR North Campus,,Yelahanka Zone,,,M-374,13.07476,77.63394
Mphasis,CAR North Campus,,Yelahanka Zone,,,M-375,13.07468,77.63394
Mphasis,CAR North Campus,,Yelahanka Zone,,,M-376,13.07463,77.63392
Mphasis,CAR North Campus,,Yelahanka Zone,,,M-377,13.07448,77.63392
Mphasis,CAR North Campus,,Yelahanka Zone,,,M-378,13.07437,77.63391
Mphasis,CAR North Campus,,Yelahanka Zone,,,M-379,13.07424,77.63392
Mphasis,CAR North Campus,,Yelahanka Zone,,,M-380,13.07413,77.63391
Mphasis,CAR North Campus,,Yelahanka Zone,,,M-381,13.07384,77.63385
Mphasis,CAR North Campus,,Yelahanka Zone,,,M-382,13.07385,77.63387
Mphasis,CAR North Campus,,Yelahanka Zone,,,M-383,13.07391,77.63386
Mphasis,CAR North Campus,,Yelahanka Zone,,,M-384,13.07391,77.63599
Mphasis,CAR North Campus,,Yelahanka Zone,,,M-385,13.07413,77.63593
Mphasis,CAR North Campus,,Yelahanka Zone,,,M-386,13.07423,77.63594
Mphasis,CAR North Campus,,Yelahanka Zone,,,M-387,13.07434,77.63596
Mphasis,CAR North Campus,,Yelahanka Zone,,,M-388,13.07442,77.63597
Mphasis,CAR North Campus,,Yelahanka Zone,,,M-389,13.07486,77.63591
Mphasis,CAR North Campus,,Yelahanka Zone,,,M-390,13.07555,77.63632
Mphasis,CAR North Campus,,Yelahanka Zone,,,M-391,13.07546,77.63625
Mphasis,CAR North Campus,,Yelahanka Zone,,,M-392,13.07553,77.63622
Mphasis,CAR North Campus,,Yelahanka Zone,,,M-393,13.07553,77.63618
Mphasis,CAR North Campus,,Yelahanka Zone,,,M-394,13.07543,77.63612
Mphasis,CAR North Campus,,Yelahanka Zone,,,M-395,13.07543,77.63608
Mphasis,CAR North Campus,,Yelahanka Zone,,,M-396,13.07561,77.63613
Mphasis,CAR North Campus,,Yelahanka Zone,,,M-397,13.07536,77.63619
Mphasis,CAR North Campus,,Yelahanka Zone,,,M-398,13.07385,77.63601
Mphasis,CAR North Campus,,Yelahanka Zone,,,M-399,13.07555,77.63608
Mphasis,CAR North Campus,,Yelahanka Zone,,,M-400,13.07566,77.63601
Mphasis,CAR North Campus,,Yelahanka Zone,,,M-401,13.07492,77.63456
Mphasis,CAR North Campus,,Yelahanka Zone,,,M-402,13.07494,77.63464
Mphasis,CAR North Campus,,Yelahanka Zone,,,M-403,13.0749,77.63476
Mphasis,CAR North Campus,,Yelahanka Zone,,,M-404,13.07448,77.6358
Mphasis,CAR North Campus,,Yelahanka Zone,,,M-405,13.07436,77.63581
Mphasis,CAR North Campus,,Yelahanka Zone,,,M-406,13.07423,77.63581
Mphasis,CAR North Campus,,Yelahanka Zone,,,M-407,13.07409,77.63581
Mphasis,CAR North Campus,,Yelahanka Zone,,,M-408,13.07398,77.63581
Mphasis,CAR North Campus,,Yelahanka Zone,,,M-409,13.0738,77.63579
Mphasis,CAR North Campus,,Yelahanka Zone,,,M-410,13.07376,77.63581
Mphasis,CAR North Campus,,Yelahanka Zone,,,M-411,13.07362,77.63575
Mphasis,CAR North Campus,,Yelahanka Zone,,,M-412,13.07362,77.63564
Mphasis,CAR North Campus,,Yelahanka Zone,,,M-413,13.07363,77.63554
Mphasis,CAR North Campus,,Yelahanka Zone,,,M-414,13.07365,77.63545
Mphasis,CAR North Campus,,Yelahanka Zone,,,M-415,13.07364,77.63534
Mphasis,CAR North Campus,,Yelahanka Zone,,,M-416,13.07366,77.63525
Mphasis,CAR North Campus,,Yelahanka Zone,,,M-417,13.07367,77.63518
Mphasis,CAR North Campus,,Yelahanka Zone,,,M-418,13.07368,77.63509
Mphasis,CAR North Campus,,Yelahanka Zone,,,M-419,13.07368,77.63503
Mphasis,CAR North Campus,,Yelahanka Zone,,,M-420,13.07367,77.63491
Mphasis,CAR North Campus,,Yelahanka Zone,,,M-421,13.07368,77.6348
Mphasis,CAR North Campus,,Yelahanka Zone,,,M-422,13.0737,77.63469
Mphasis,CAR North Campus,,Yelahanka Zone,,,M-423,13.0737,77.63461
Mphasis,CAR North Campus,,Yelahanka Zone,,,M-424,13.07368,77.63452
Mphasis,CAR North Campus,,Yelahanka Zone,,,M-425,13.07369,77.63443
Mphasis,CAR North Campus,,Yelahanka Zone,,,M-426,13.07399,77.63388
Mphasis,CAR North Campus,,Yelahanka Zone,,,M-427,13.07369,77.63426
Mphasis,CAR North Campus,,Yelahanka Zone,,,M-428,13.07371,77.63414
Mphasis,CAR North Campus,,Yelahanka Zone,,,M-429,13.07372,77.63402
Mphasis,CAR North Campus,,Yelahanka Zone,,,M-430,13.07499,77.63553
Mphasis,CAR North Campus,,Yelahanka Zone,,,M-431,13.07517,77.63551
Mphasis,CAR North Campus,,Yelahanka Zone,,,M-432,13.07507,77.63553
Mphasis,CAR North Campus,,Yelahanka Zone,,,M-433,13.07515,77.63552
Mphasis,CAR North Campus,,Yelahanka Zone,,,M-434,12.89301,77.67183
Mphasis,CAR North Campus,,Yelahanka Zone,,,M-435,13.0754,77.63541
Mphasis,CAR North Campus,,Yelahanka Zone,,,M-436,13.07548,77.6354
Mphasis,CAR North Campus,,Yelahanka Zone,,,M-437,13.07559,77.63542
Mphasis,CAR North Campus,,Yelahanka Zone,,,M-438,13.07568,77.63539
Mphasis,CAR North Campus,,Yelahanka Zone,,,M-439,13.07586,77.63543
Mphasis,CAR North Campus,,Yelahanka Zone,,,M-440,13.07596,77.63515
Mphasis,CAR North Campus,,Yelahanka Zone,,,M-441,13.0762,77.63523
Mphasis,CAR North Campus,,Yelahanka Zone,,,M-442,13.07632,77.63526
Mphasis,CAR North Campus,,Yelahanka Zone,,,M-443,13.07625,77.63534
Mphasis,CAR North Campus,,Yelahanka Zone,,,M-444,13.07627,77.63513
Mphasis,CAR North Campus,,Yelahanka Zone,,,M-445,13.07625,77.63499
Mphasis,CAR North Campus,,Yelahanka Zone,,,M-446,13.07634,77.63516
Mphasis,CAR North Campus,,Yelahanka Zone,,,M-447,13.07604,77.63485
Mphasis,CAR North Campus,,Yelahanka Zone,,,M-448,13.07653,77.63469
Mphasis,CAR North Campus,,Yelahanka Zone,,,M-449,13.07647,77.63479
Mphasis,CAR North Campus,,Yelahanka Zone,,,M-450,13.07645,77.6349
Mphasis,CAR North Campus,,Yelahanka Zone,,,M-451,13.07641,77.63499
Mphasis,CAR North Campus,,Yelahanka Zone,,,M-452,13.07527,77.63607
Mphasis,CAR North Campus,,Yelahanka Zone,,,M-453,13.0759,77.63482
Mphasis,CAR North Campus,,Yelahanka Zone,,,M-454,13.07582,77.63483
Mphasis,CAR North Campus,,Yelahanka Zone,,,M-455,13.07573,77.63483
Mphasis,CAR North Campus,,Yelahanka Zone,,,M-456,13.07556,77.63484
Mphasis,CAR North Campus,,Yelahanka Zone,,,M-457,13.07568496,77.634819
Mphasis,CAR North Campus,,Yelahanka Zone,,,M-458,13.07547701,77.634855
Mphasis,CAR North Campus,,Yelahanka Zone,,,M-459,13.07540802,77.634849
Mphasis,CAR North Campus,,Yelahanka Zone,,,M-460,13.075347,77.634844
Mphasis,CAR North Campus,,Yelahanka Zone,,,M-461,13.07563903,77.634728
Mphasis,CAR North Campus,,Yelahanka Zone,,,M-462,13.07567901,77.634751
Mphasis,CAR North Campus,,Yelahanka Zone,,,M-463,13.07610598,77.635211
Mphasis,CAR North Campus,,Yelahanka Zone,,,M-464,12.92353598,77.635058
Mphasis,CAR North Campus,,Yelahanka Zone,,,M-465,13.07592541,77.6354076
Mphasis,CAR North Campus,,Yelahanka Zone,,,M-466,13.07602401,77.635453
Mphasis,CAR North Campus,,Yelahanka Zone,,,M-467,13.07588303,77.63573
Mphasis,CAR North Campus,,Yelahanka Zone,,,M-468,13.07598998,77.635772
Mphasis,CAR North Campus,,Yelahanka Zone,,,M-469,12.92455497,77.63383
Mphasis,CAR North Campus,,Yelahanka Zone,,,M-470,12.92444299,77.633777
Mphasis,CAR North Campus,,Yelahanka Zone,,,M-471,13.07583399,77.635856
Mphasis,CAR North Campus,,Yelahanka Zone,,,M-472,13.07582502,77.635944
Mphasis,CAR North Campus,,Yelahanka Zone,,,M-473,13.07585503,77.635994
Mphasis,CAR North Campus,,Yelahanka Zone,,,M-474,13.07586098,77.636028
Mphasis,CAR North Campus,,Yelahanka Zone,,,M-475,13.07578697,77.636127
Mphasis,CAR North Campus,,Yelahanka Zone,,,M-476,13.07578303,77.636157
Mphasis,CAR North Campus,,Yelahanka Zone,,,M-477,13.07575604,77.636227
Mphasis,CAR North Campus,,Yelahanka Zone,,,M-478,12.92428801,77.63356
Mphasis,CAR North Campus,,Yelahanka Zone,,,M-479,13.07573601,77.636107
Mphasis,CAR North Campus,,Yelahanka Zone,,,M-480,13.075677,77.636147
Mphasis,CAR North Campus,,Yelahanka Zone,,,M-481,13.07562604,77.636177
Mphasis,CAR North Campus,,Yelahanka Zone,,,M-482,13.07547298,77.636242
Mphasis,CAR North Campus,,Yelahanka Zone,,,M-483,12.92265496,77.631468
Mphasis,CAR North Campus,,Yelahanka Zone,,,M-484,13.075332,77.636118
Mphasis,CAR North Campus,,Yelahanka Zone,,,M-485,13.07527802,77.636133
Mphasis,CAR North Campus,,Yelahanka Zone,,,M-486,13.07515573,77.6360693
Mphasis,CAR North Campus,,Yelahanka Zone,,,M-487,13.07508235,77.6359927
Mphasis,CAR North Campus,,Yelahanka Zone,,,M-488,13.07499258,77.6360782
Mphasis,CAR North Campus,,Yelahanka Zone,,,M-489,13.07489798,77.636043
Mphasis,CAR North Campus,,Yelahanka Zone,,,M-490,13.07486496,77.636039
Mphasis,CAR North Campus,,Yelahanka Zone,,,M-491,13.0753016,77.6352137
Mphasis,CAR North Campus,,Yelahanka Zone,,,M-492,13.07528052,77.6358453
Mphasis,CAR North Campus,,Yelahanka Zone,,,M-493,13.07528598,77.635721
Mphasis,CAR North Campus,,Yelahanka Zone,,,M-494,12.91960797,77.625842
Mphasis,CAR North Campus,,Yelahanka Zone,,,M-495,13.07519898,77.635644
Mphasis,CAR North Campus,,Yelahanka Zone,,,M-496,13.07509898,77.635932
Mphasis,CAR North Campus,,Yelahanka Zone,,,M-497,12.91953497,77.62575
Mphasis,CAR North Campus,,Yelahanka Zone,,,M-498,13.07497099,77.635929
Mphasis,CAR North Campus,,Yelahanka Zone,,,M-499,12.91954896,77.625699
Mphasis,CAR North Campus,,Yelahanka Zone,,,M-500,13.07492699,77.635776
Mphasis,CAR North Campus,,Yelahanka Zone,,,M-501,13.07483797,77.635801
Mphasis,CAR North Campus,,Yelahanka Zone,,,M-502,13.07485599,77.635739
Mphasis,CAR North Campus,,Yelahanka Zone,,,M-503,13.07486303,77.635626
Mphasis,CAR North Campus,,Yelahanka Zone,,,M-504,13.07488947,77.6354615
Mphasis,CAR North Campus,,Yelahanka Zone,,,M-505,13.07489541,77.635323
Mphasis,CAR North Campus,,Yelahanka Zone,,,M-506,13.07488484,77.6352538
Mphasis,CAR North Campus,,Yelahanka Zone,,,M-507,13.07489274,77.635109
Mphasis,CAR North Campus,,Yelahanka Zone,,,M-508,13.07486597,77.63502
Mphasis,CAR North Campus,,Yelahanka Zone,,,M-509,13.07468299,77.635738
Mphasis,CAR North Campus,,Yelahanka Zone,,,M-510,13.0747,77.635856
Mphasis,CAR North Campus,,Yelahanka Zone,,,M-511,13.07458299,77.635959
Mphasis,CAR North Campus,,Yelahanka Zone,,,M-512,13.07450596,77.635966
Mphasis,CAR North Campus,,Yelahanka Zone,,,M-513,13.07375603,77.635979
Mphasis,CAR North Campus,,Yelahanka Zone,,,M-514,13.07367599,77.635977
Mphasis,CAR North Campus,,Yelahanka Zone,,,M-515,13.073635,77.635964
Mphasis,CAR North Campus,,Yelahanka Zone,,,M-516,13.07353199,77.636065
Mphasis,CAR North Campus,,Yelahanka Zone,,,M-517,13.07359099,77.636057
Mphasis,CAR North Campus,,Yelahanka Zone,,,M-518,13.07364103,77.636113
Mphasis,CAR North Campus,,Yelahanka Zone,,,M-519,13.073764,77.636087
Mphasis,CAR North Campus,,Yelahanka Zone,,,M-520,13.07381999,77.636121
Mphasis,CAR North Campus,,Yelahanka Zone,,,M-521,13.07499203,77.637239
Mphasis,CAR North Campus,,Yelahanka Zone,,,M-522,13.07487996,77.637212
Mphasis,CAR North Campus,,Yelahanka Zone,,,M-523,13.07484903,77.637275
Mphasis,CAR North Campus,,Yelahanka Zone,,,M-524,13.07356099,77.63651
Mphasis,CAR North Campus,,Yelahanka Zone,,,M-525,13.07361396,77.636386
Mphasis,CAR North Campus,,Yelahanka Zone,,,M-526,13.07362402,77.636298
Mphasis,CAR North Campus,,Yelahanka Zone,,,M-527,13.073635,77.636173
Mphasis,CAR North Campus,,Yelahanka Zone,,,M-528,13.07360902,77.636247
Mphasis,CAR North Campus,,Yelahanka Zone,,,M-529,13.07484903,77.637275
Mphasis,CAR North Campus,,Yelahanka Zone,,,M-530,13.07356099,77.63651
Mphasis,CAR North Campus,,Yelahanka Zone,,,M-531,13.07361396,77.636386
Mphasis,CAR North Campus,,Yelahanka Zone,,,M-532,13.07362402,77.636298
Mphasis,CAR North Campus,,Yelahanka Zone,,,M-533,13.073635,77.636173
Mphasis,CAR North Campus,,Yelahanka Zone,,,M-534,13.07360902,77.636247
Mphasis,CAR North Campus,,Yelahanka Zone,,,M-535,13.07351497,77.636753
Mphasis,CAR North Campus,,Yelahanka Zone,,,M-536,13.07351103,77.636846
Mphasis,CAR North Campus,,Yelahanka Zone,,,M-537,13.07353299,77.636915
Mphasis,CAR North Campus,,Yelahanka Zone,,,M-538,13.07353601,77.637005
Mphasis,CAR North Campus,,Yelahanka Zone,,,M-539,13.07346904,77.637262
Mphasis,CAR North Campus,,Yelahanka Zone,,,M-540,13.07353903,77.637332
Mphasis,CAR North Campus,,Yelahanka Zone,,,M-541,13.07357901,77.637355
Mphasis,CAR North Campus,,Yelahanka Zone,,,M-542,13.07361103,77.637269
Mphasis,CAR North Campus,,Yelahanka Zone,,,M-543,13.07362704,77.637213
Mphasis,CAR North Campus,,Yelahanka Zone,,,M-544,13.07353903,77.637332
Mphasis,CAR North Campus,,Yelahanka Zone,,,M-545,13.07357901,77.637355
Mphasis,CAR North Campus,,Yelahanka Zone,,,M-546,13.07361103,77.637269
Mphasis,CAR North Campus,,Yelahanka Zone,,,M-547,13.07362704,77.637213
Mphasis,CAR North Campus,,Yelahanka Zone,,,M-548,13.075417,77.63624799
Mphasis,CAR North Campus,,Yelahanka Zone,,,M-549,13.074918,77.635529
Mphasis,CAR North Campus,,Yelahanka Zone,,,M-550,12.920905,77.632898
Mphasis,CAR North Campus,,Yelahanka Zone,,,M-551,13.073771,77.63400198
Mphasis,CAR North Campus,,Yelahanka Zone,,,M-552,13.074437,77.63597801
Mphasis,CAR North Campus,,Yelahanka Zone,,,M-553,13.074602,77.63598296
Mphasis,CAR North Campus,,Yelahanka Zone,,,M-554,13.074622,77.63597902
Mphasis,CAR North Campus,,Yelahanka Zone,,,M-555,13.074588,77.63581004
Mphasis,CAR North Campus,,Yelahanka Zone,,,M-556,13.075345,77.63543202
Mphasis,CAR North Campus,,Yelahanka Zone,,,M-557,13.074721,77.63589797
Mphasis,CAR North Campus,,Yelahanka Zone,,,M-558,13.0752304,77.63498933
Mphasis,CAR North Campus,,Yelahanka Zone,,,M-559,13.075269,77.634869
Mphasis,CAR North Campus,,Yelahanka Zone,,,M-560,13.075322,77.63479197
Broadcom,Science & Technology Academy campus,,Yelahanka Zone,,,B-684,13.09232,77.56096
Broadcom,Science & Technology Academy campus,,Yelahanka Zone,,,B-685,13.09279,77.56023
Broadcom,Science & Technology Academy campus,,Yelahanka Zone,,,B-686,13.09271,77.56064
Mphasis,Naft Collage back side Park 1,,Bommanahalli Zone,,,M-370,12.91004,77.65264
Mphasis,Near Sai baba temple park,,Bommanahalli Zone,,,M-371,12.88253,77.60876
Mphasis,Near Sai baba temple park,,Bommanahalli Zone,,,M-372,12.8825,77.60893
Mphasis,Nethravathi Park,,Bommanahalli Zone,,,M-373,12.91723,77.65357
Mphasis,Nethravathi Park,,Bommanahalli Zone,,,M-374,12.91678,77.65292
Mphasis,Nethravathi Park,,Bommanahalli Zone,,,M-375,12.91709,77.65299
Mphasis,Nethravathi Park,,Bommanahalli Zone,,,M-376,12.91731,77.65323
Mphasis,Nethravathi Park,,Bommanahalli Zone,,,M-377,12.9173,77.65317
BOSCH - REBI,Lalbagh,,Bommanahalli Zone,,,BR-PW1,12.94909,77.58842
BOSCH - REBI,Lalbagh,,Bommanahalli Zone,,,BR-PW2,12.94756,77.5875
BOSCH - REBI,Lalbagh,,Bommanahalli Zone,,,BR-PW3,12.94765,77.58042
BOSCH - REBI,Lalbagh,,Bommanahalli Zone,,,BR-PW4,12.94763,77.58046
BOSCH - REBI,Lalbagh,,Bommanahalli Zone,,,BR-PW5,12.94763,77.58042
BOSCH - REBI,Lalbagh,,Bommanahalli Zone,,,BR-PW6,12.94753,77.58051
BOSCH - REBI,Lalbagh,,Bommanahalli Zone,,,BR-PW7,12.94764,77.58053
BOSCH - REBI,Lalbagh,,Bommanahalli Zone,,,BR-PW8,12.94763,77.58067
BOSCH - REBI,Lalbagh,,Bommanahalli Zone,,,BR-PW9,12.94752,77.58069
BOSCH - REBI,Lalbagh,,Bommanahalli Zone,,,BR-PW10,12.94754,77.58043
BOSCH - REBI,Lalbagh,,Bommanahalli Zone,,,BR-PW11,12.94757,77.58035
BOSCH - REBI,Lalbagh,,Bommanahalli Zone,,,BR-PW12,12.94746,77.58035
BOSCH - REBI,Lalbagh,,Bommanahalli Zone,,,BR-PW13,12.94754,77.5874
BOSCH - REBI,Lalbagh,,Bommanahalli Zone,,,BR-PW14,12.94734,77.58037
BOSCH - REBI,Lalbagh,,Bommanahalli Zone,,,BR-PW15,12.94733,77.58042
BOSCH - REBI,Lalbagh,,Bommanahalli Zone,,,BR-PW16,12.94739,77.58041
BOSCH - REBI,Lalbagh,,Bommanahalli Zone,,,BR-PW17,12.94736,77.58048
BOSCH - REBI,Lalbagh,,Bommanahalli Zone,,,BR-PW18,12.9473,77.58052
BOSCH - REBI,Lalbagh,,Bommanahalli Zone,,,BR-PW19,12.94736,77.58057
BOSCH - REBI,Lalbagh,,Bommanahalli Zone,,,BR-PW20,12.94753,77.58064
BOSCH - REBI,Lalbagh,,Bommanahalli Zone,,,BR-PW21,12.94731,77.58063
BOSCH - REBI,Lalbagh,,Bommanahalli Zone,,,BR-PW22,12.9472,77.58069
BOSCH - REBI,Lalbagh,,Bommanahalli Zone,,,BR-PW23,12.94719,77.58067
BOSCH - REBI,Lalbagh,,Bommanahalli Zone,,,BR-PW24,12.94767,77.58715
BOSCH - REBI,Lalbagh,,Bommanahalli Zone,,,BR-PW25,12.94703,77.58067
BOSCH - REBI,Lalbagh,,Bommanahalli Zone,,,BR-PW26,12.94689,77.5807
BOSCH - REBI,Lalbagh,,Bommanahalli Zone,,,BR-PW27,12.94676,77.58068
BOSCH - REBI,Lalbagh,,Bommanahalli Zone,,,BR-PW28,12.94669,77.58069
BOSCH - REBI,Lalbagh,,Bommanahalli Zone,,,BR-PW29,12.94655,77.58072
BOSCH - REBI,Lalbagh,,Bommanahalli Zone,,,BR-PW30,12.94648,77.58073
BOSCH - REBI,Lalbagh,,Bommanahalli Zone,,,BR-PW31,12.94636,77.58073
BOSCH - REBI,Lalbagh,,Bommanahalli Zone,,,BR-PW32,12.94623,77.58071
BOSCH - REBI,Lalbagh,,Bommanahalli Zone,,,BR-PW33,12.94608,77.58069
BOSCH - REBI,Lalbagh,,Bommanahalli Zone,,,BR-PW34,12.94599,77.5807
BOSCH - REBI,Lalbagh,,Bommanahalli Zone,,,BR-PW35,12.9477,77.58711
BOSCH - REBI,Lalbagh,,Bommanahalli Zone,,,BR-PW36,12.94512,77.58067
BOSCH - REBI,Lalbagh,,Bommanahalli Zone,,,BR-PW37,12.94506,77.58072
BOSCH - REBI,Lalbagh,,Bommanahalli Zone,,,BR-PW38,12.94454,77.5807
BOSCH - REBI,Lalbagh,,Bommanahalli Zone,,,BR-PW39,12.94434,77.58066
BOSCH - REBI,Lalbagh,,Bommanahalli Zone,,,BR-PW40,12.94392,77.58076
BOSCH - REBI,Lalbagh,,Bommanahalli Zone,,,BR-PW41,12.94549,77.58112
BOSCH - REBI,Lalbagh,,Bommanahalli Zone,,,BR-PW42,12.94742,77.58085
BOSCH - REBI,Lalbagh,,Bommanahalli Zone,,,BR-PW43,12.94746,77.58091
BOSCH - REBI,Lalbagh,,Bommanahalli Zone,,,BR-PW44,12.94737,77.58129
BOSCH - REBI,Lalbagh,,Bommanahalli Zone,,,BR-PW45,12.94781,77.58634
BOSCH - REBI,Lalbagh,,Bommanahalli Zone,,,BR-PW46,12.94737,77.58144
BOSCH - REBI,Lalbagh,,Bommanahalli Zone,,,BR-PW47,12.94715,77.58154
BOSCH - REBI,Lalbagh,,Bommanahalli Zone,,,BR-PW48,12.94727,77.58159
BOSCH - REBI,Lalbagh,,Bommanahalli Zone,,,BR-PW49,12.9476,77.5813
BOSCH - REBI,Lalbagh,,Bommanahalli Zone,,,BR-PW50,12.94784,77.5812
BOSCH - REBI,Lalbagh,,Bommanahalli Zone,,,BR-PW51,12.94781,77.58111
BOSCH - REBI,Lalbagh,,Bommanahalli Zone,,,BR-PW52,12.94821,77.58125
BOSCH - REBI,Lalbagh,,Bommanahalli Zone,,,BR-PW53,12.94899,77.58165
BOSCH - REBI,Lalbagh,,Bommanahalli Zone,,,BR-PW54,12.94905,77.58162
BOSCH - REBI,Lalbagh,,Bommanahalli Zone,,,BR-PW55,12.94781,77.58633
BOSCH - REBI,Lalbagh,,Bommanahalli Zone,,,BR-PW56,12.94919,77.58179
BOSCH - REBI,Lalbagh,,Bommanahalli Zone,,,BR-PW57,12.94904,77.58178
BOSCH - REBI,Lalbagh,,Bommanahalli Zone,,,BR-PW58,12.94901,77.58189
BOSCH - REBI,Lalbagh,,Bommanahalli Zone,,,BR-PW59,12.94906,77.58182
BOSCH - REBI,Lalbagh,,Bommanahalli Zone,,,BR-PW60,12.9522,77.58363
BOSCH - REBI,Lalbagh,,Bommanahalli Zone,,,BR-PW61,12.95244,77.58376
BOSCH - REBI,Lalbagh,,Bommanahalli Zone,,,BR-PW62,12.95255,77.58367
BOSCH - REBI,Lalbagh,,Bommanahalli Zone,,,BR-PW63,12.95259,77.58378
BOSCH - REBI,Lalbagh,,Bommanahalli Zone,,,BR-PW64,12.95274,77.58371
BOSCH - REBI,Lalbagh,,Bommanahalli Zone,,,BR-PW65,12.95281,77.58384
BOSCH - REBI,Lalbagh,,Bommanahalli Zone,,,BR-PW66,12.94842,77.58626
BOSCH - REBI,Lalbagh,,Bommanahalli Zone,,,BR-PW67,12.95296,77.58389
BOSCH - REBI,Lalbagh,,Bommanahalli Zone,,,BR-PW68,12.95306,77.58381
BOSCH - REBI,Lalbagh,,Bommanahalli Zone,,,BR-PW69,12.95307,77.58392
BOSCH - REBI,Lalbagh,,Bommanahalli Zone,,,BR-PW70,12.95316,77.58399
BOSCH - REBI,Lalbagh,,Bommanahalli Zone,,,BR-PW71,12.95324,77.58388
BOSCH - REBI,Lalbagh,,Bommanahalli Zone,,,BR-PW72,12.9533,77.58393
BOSCH - REBI,Lalbagh,,Bommanahalli Zone,,,BR-PW73,12.95328,77.58411
BOSCH - REBI,Lalbagh,,Bommanahalli Zone,,,BR-PW74,12.95339,77.58403
BOSCH - REBI,Lalbagh,,Bommanahalli Zone,,,BR-PW75,12.95345,77.58407
BOSCH - REBI,Lalbagh,,Bommanahalli Zone,,,BR-PW76,12.95337,77.58419
BOSCH - REBI,Lalbagh,,Bommanahalli Zone,,,BR-PW77,12.94834,77.58621
BOSCH - REBI,Lalbagh,,Bommanahalli Zone,,,BR-PW78,12.95341,77.58428
BOSCH - REBI,Lalbagh,,Bommanahalli Zone,,,BR-PW79,12.94828,77.58715
BOSCH - REBI,Lalbagh,,Bommanahalli Zone,,,BR-PW80,12.9536,77.58403
BOSCH - REBI,Lalbagh,,Bommanahalli Zone,,,BR-PW81,12.95372,77.58422
BOSCH - REBI,Lalbagh,,Bommanahalli Zone,,,BR-PW82,12.95368,77.58407
BOSCH - REBI,Lalbagh,,Bommanahalli Zone,,,BR-PW83,12.95386,77.58421
BOSCH - REBI,Lalbagh,,Bommanahalli Zone,,,BR-PW84,12.95361,77.58456
BOSCH - REBI,Lalbagh,,Bommanahalli Zone,,,BR-PW85,12.95367,77.58487
BOSCH - REBI,Lalbagh,,Bommanahalli Zone,,,BR-PW86,12.95368,77.58501
BOSCH - REBI,Lalbagh,,Bommanahalli Zone,,,BR-PW87,12.95376,77.58507
BOSCH - REBI,Lalbagh,,Bommanahalli Zone,,,BR-PW88,12.94825,77.58728
BOSCH - REBI,Lalbagh,,Bommanahalli Zone,,,BR-PW89,12.95333,77.58475
BOSCH - REBI,Lalbagh,,Bommanahalli Zone,,,BR-PW90,12.94846,77.58734
BOSCH - REBI,Lalbagh,,Bommanahalli Zone,,,BR-PW91,12.95328,77.58473
BOSCH - REBI,Lalbagh,,Bommanahalli Zone,,,BR-PW92,12.95326,77.58473
BOSCH - REBI,Lalbagh,,Bommanahalli Zone,,,BR-PW93,12.95325,77.58473
BOSCH - REBI,Lalbagh,,Bommanahalli Zone,,,BR-PW94,12.95317,77.58475
BOSCH - REBI,Lalbagh,,Bommanahalli Zone,,,BR-PW95,12.95322,77.58473
BOSCH - REBI,Lalbagh,,Bommanahalli Zone,,,BR-PW96,12.95314,77.58476
BOSCH - REBI,Lalbagh,,Bommanahalli Zone,,,BR-PW97,12.95312,77.58474
BOSCH - REBI,Lalbagh,,Bommanahalli Zone,,,BR-PW98,12.95243,77.5847
BOSCH - REBI,Lalbagh,,Bommanahalli Zone,,,BR-PW99,12.94849,77.58724
BOSCH - REBI,Lalbagh,,Bommanahalli Zone,,,BR-PW100,12.95255,77.58472
BOSCH - REBI,Lalbagh,,Bommanahalli Zone,,,BR-PW101,12.9526,77.58472
BOSCH - REBI,Lalbagh,,Bommanahalli Zone,,,BR-PW102,12.95262,77.58473
BOSCH - REBI,Lalbagh,,Bommanahalli Zone,,,BR-PW103,12.95261,77.58475
BOSCH - REBI,Lalbagh,,Bommanahalli Zone,,,BR-PW104,12.9526,77.58477
BOSCH - REBI,Lalbagh,,Bommanahalli Zone,,,BR-PW105,12.95267,77.58483
BOSCH - REBI,Lalbagh,,Bommanahalli Zone,,,BR-PW106,12.95268,77.58484
BOSCH - REBI,Lalbagh,,Bommanahalli Zone,,,BR-PW107,12.95271,77.58479
BOSCH - REBI,Lalbagh,,Bommanahalli Zone,,,BR-PW108,12.95278,77.58477
BOSCH - REBI,Lalbagh,,Bommanahalli Zone,,,BR-PW109,12.95282,77.58474
BOSCH - REBI,Lalbagh,,Bommanahalli Zone,,,BR-PW110,12.94889,77.58847
BOSCH - REBI,Lalbagh,,Bommanahalli Zone,,,BR-PW111,12.94861,77.58709
BOSCH - REBI,Lalbagh,,Bommanahalli Zone,,,BR-PW112,12.95285,77.58472
BOSCH - REBI,Lalbagh,,Bommanahalli Zone,,,BR-PW113,12.95286,77.58475
BOSCH - REBI,Lalbagh,,Bommanahalli Zone,,,BR-PW114,12.95288,77.58474
BOSCH - REBI,Lalbagh,,Bommanahalli Zone,,,BR-PW115,12.95292,77.58473
BOSCH - REBI,Lalbagh,,Bommanahalli Zone,,,BR-PW116,12.95297,77.58472
BOSCH - REBI,Lalbagh,,Bommanahalli Zone,,,BR-PW117,12.95302,77.5847
BOSCH - REBI,Lalbagh,,Bommanahalli Zone,,,BR-PW118,12.95309,77.58472
BOSCH - REBI,Lalbagh,,Bommanahalli Zone,,,BR-PW119,12.9531,77.58471
BOSCH - REBI,Lalbagh,,Bommanahalli Zone,,,BR-PW120,12.95309,77.58468
BOSCH - REBI,Lalbagh,,Bommanahalli Zone,,,BR-PW121,12.95293,77.58441
BOSCH - REBI,Lalbagh,,Bommanahalli Zone,,,BR-PW122,12.94859,77.58666
BOSCH - REBI,Lalbagh,,Bommanahalli Zone,,,BR-PW123,12.95284,77.58454
BOSCH - REBI,Lalbagh,,Bommanahalli Zone,,,BR-PW124,12.95271,77.5847
BOSCH - REBI,Lalbagh,,Bommanahalli Zone,,,BR-PW125,12.95269,77.58466
BOSCH - REBI,Lalbagh,,Bommanahalli Zone,,,BR-PW126,12.95266,77.58464
BOSCH - REBI,Lalbagh,,Bommanahalli Zone,,,BR-PW127,12.95261,77.58459
BOSCH - REBI,Lalbagh,,Bommanahalli Zone,,,BR-PW128,12.95269,77.5854
BOSCH - REBI,Lalbagh,,Bommanahalli Zone,,,BR-PW129,12.95266,77.58536
BOSCH - REBI,Lalbagh,,Bommanahalli Zone,,,BR-PW130,12.95258,77.58531
BOSCH - REBI,Lalbagh,,Bommanahalli Zone,,,BR-PW131,12.9524,77.58543
BOSCH - REBI,Lalbagh,,Bommanahalli Zone,,,BR-PW132,12.9523,77.58555
BOSCH - REBI,Lalbagh,,Bommanahalli Zone,,,BR-PW133,12.9486,77.58639
BOSCH - REBI,Lalbagh,,Bommanahalli Zone,,,BR-PW134,12.9522,77.58556
BOSCH - REBI,Lalbagh,,Bommanahalli Zone,,,BR-PW135,12.95211,77.58555
BOSCH - REBI,Lalbagh,,Bommanahalli Zone,,,BR-PW136,12.95208,77.58563
BOSCH - REBI,Lalbagh,,Bommanahalli Zone,,,BR-PW137,12.952,77.58568
BOSCH - REBI,Lalbagh,,Bommanahalli Zone,,,BR-PW138,12.9519,77.58564
BOSCH - REBI,Lalbagh,,Bommanahalli Zone,,,BR-PW139,12.95152,77.5858
BOSCH - REBI,Lalbagh,,Bommanahalli Zone,,,BR-PW140,12.95361,77.58546
BOSCH - REBI,Lalbagh,,Bommanahalli Zone,,,BR-PW141,12.95361,77.58549
BOSCH - REBI,Lalbagh,,Bommanahalli Zone,,,BR-PW142,12.95371,77.58558
BOSCH - REBI,Lalbagh,,Bommanahalli Zone,,,BR-PW143,12.95379,77.58559
BOSCH - REBI,Lalbagh,,Bommanahalli Zone,,,BR-PW144,12.94865,77.58624
BOSCH - REBI,Lalbagh,,Bommanahalli Zone,,,BR-PW145,12.95385,77.58559
BOSCH - REBI,Lalbagh,,Bommanahalli Zone,,,BR-PW146,12.95386,77.58561
BOSCH - REBI,Lalbagh,,Bommanahalli Zone,,,BR-PW147,12.95381,77.58566
BOSCH - REBI,Lalbagh,,Bommanahalli Zone,,,BR-PW148,12.95376,77.58563
BOSCH - REBI,Lalbagh,,Bommanahalli Zone,,,BR-PW149,12.95373,77.58561
BOSCH - REBI,Lalbagh,,Bommanahalli Zone,,,BR-PW150,12.95377,77.58562
BOSCH - REBI,Lalbagh,,Bommanahalli Zone,,,BR-PW151,12.95371,77.58564
BOSCH - REBI,Lalbagh,,Bommanahalli Zone,,,BR-PW152,12.9537,77.58567
BOSCH - REBI,Lalbagh,,Bommanahalli Zone,,,BR-PW153,12.95374,77.5857
BOSCH - REBI,Lalbagh,,Bommanahalli Zone,,,BR-PW154,12.94882,77.58619
BOSCH - REBI,Lalbagh,,Bommanahalli Zone,,,BR-PW155,12.95376,77.58571
BOSCH - REBI,Lalbagh,,Bommanahalli Zone,,,BR-PW156,12.95373,77.58571
BOSCH - REBI,Lalbagh,,Bommanahalli Zone,,,BR-PW157,12.9537,77.58574
BOSCH - REBI,Lalbagh,,Bommanahalli Zone,,,BR-PW158,12.95368,77.58581
BOSCH - REBI,Lalbagh,,Bommanahalli Zone,,,BR-PW159,12.95364,77.5858
BOSCH - REBI,Lalbagh,,Bommanahalli Zone,,,BR-PW160,12.95364,77.58583
BOSCH - REBI,Lalbagh,,Bommanahalli Zone,,,BR-PW161,12.95364,77.58588
BOSCH - REBI,Lalbagh,,Bommanahalli Zone,,,BR-PW162,12.95355,77.58594
BOSCH - REBI,Lalbagh,,Bommanahalli Zone,,,BR-PW163,12.95346,77.58598
BOSCH - REBI,Lalbagh,,Bommanahalli Zone,,,BR-PW164,12.9534,77.58598
BOSCH - REBI,Lalbagh,,Bommanahalli Zone,,,BR-PW165,12.94883,77.58622
BOSCH - REBI,Lalbagh,,Bommanahalli Zone,,,BR-PW166,12.95339,77.58601
BOSCH - REBI,Lalbagh,,Bommanahalli Zone,,,BR-PW167,12.95333,77.58607
BOSCH - REBI,Lalbagh,,Bommanahalli Zone,,,BR-PW168,12.95334,77.58614
BOSCH - REBI,Lalbagh,,Bommanahalli Zone,,,BR-PW169,12.95327,77.58618
BOSCH - REBI,Lalbagh,,Bommanahalli Zone,,,BR-PW170,12.95325,77.58628
BOSCH - REBI,Lalbagh,,Bommanahalli Zone,,,BR-PW171,12.95302,77.58619
BOSCH - REBI,Lalbagh,,Bommanahalli Zone,,,BR-PW172,12.95228,77.58549
BOSCH - REBI,Lalbagh,,Bommanahalli Zone,,,BR-PW173,12.95198,77.58667
BOSCH - REBI,Lalbagh,,Bommanahalli Zone,,,BR-PW174,12.95196,77.58669
BOSCH - REBI,Lalbagh,,Bommanahalli Zone,,,BR-PW175,12.95179,77.58674
BOSCH - REBI,Lalbagh,,Bommanahalli Zone,,,BR-PW176,12.94883,77.58626
BOSCH - REBI,Lalbagh,,Bommanahalli Zone,,,BR-PW177,12.95169,77.58679
BOSCH - REBI,Lalbagh,,Bommanahalli Zone,,,BR-PW178,12.95148,77.58693
BOSCH - REBI,Lalbagh,,Bommanahalli Zone,,,BR-PW179,12.95111,77.58703
BOSCH - REBI,Lalbagh,,Bommanahalli Zone,,,BR-PW180,12.95097,77.5871
BOSCH - REBI,Lalbagh,,Bommanahalli Zone,,,BR-PW181,12.95093,77.58709
BOSCH - REBI,Lalbagh,,Bommanahalli Zone,,,BR-PW182,12.95087,77.58708
BOSCH - REBI,Lalbagh,,Bommanahalli Zone,,,BR-PW183,12.95083,77.58708
BOSCH - REBI,Lalbagh,,Bommanahalli Zone,,,BR-PW184,12.95081,77.58711
BOSCH - REBI,Lalbagh,,Bommanahalli Zone,,,BR-PW185,12.95075,77.58713
BOSCH - REBI,Lalbagh,,Bommanahalli Zone,,,BR-PW186,12.95073,77.58713
BOSCH - REBI,Lalbagh,,Bommanahalli Zone,,,BR-PW187,12.94893,77.5863
BOSCH - REBI,Lalbagh,,Bommanahalli Zone,,,BR-PW188,12.95068,77.58717
BOSCH - REBI,Lalbagh,,Bommanahalli Zone,,,BR-PW189,12.95064,77.58718
BOSCH - REBI,Lalbagh,,Bommanahalli Zone,,,BR-PW190,12.95057,77.58719
BOSCH - REBI,Lalbagh,,Bommanahalli Zone,,,BR-PW191,12.95051,77.58725
BOSCH - REBI,Lalbagh,,Bommanahalli Zone,,,BR-PW192,12.95043,77.58729
BOSCH - REBI,Lalbagh,,Bommanahalli Zone,,,BR-PW193,12.95043,77.58734
BOSCH - REBI,Lalbagh,,Bommanahalli Zone,,,BR-PW194,12.95036,77.58733
BOSCH - REBI,Lalbagh,,Bommanahalli Zone,,,BR-PW195,12.95032,77.58739
BOSCH - REBI,Lalbagh,,Bommanahalli Zone,,,BR-PW196,12.95027,77.58743
BOSCH - REBI,Lalbagh,,Bommanahalli Zone,,,BR-PW197,12.95023,77.58741
BOSCH - REBI,Lalbagh,,Bommanahalli Zone,,,BR-PW198,12.9488,77.5863
BOSCH - REBI,Lalbagh,,Bommanahalli Zone,,,BR-PW199,12.9502,77.58742
BOSCH - REBI,Lalbagh,,Bommanahalli Zone,,,BR-PW200,12.95017,77.58744
BOSCH - REBI,Lalbagh,,Bommanahalli Zone,,,BR-PW201,12.95003,77.58748
BOSCH - REBI,Lalbagh,,Bommanahalli Zone,,,BR-PW202,12.95001,77.58762
BOSCH - REBI,Lalbagh,,Bommanahalli Zone,,,BR-PW203,12.95002,77.58771
BOSCH - REBI,Lalbagh,,Bommanahalli Zone,,,BR-PW204,12.95017,77.58772
BOSCH - REBI,Lalbagh,,Bommanahalli Zone,,,BR-PW205,12.95034,77.58771
BOSCH - REBI,Lalbagh,,Bommanahalli Zone,,,BR-PW206,12.95068,77.58738
BOSCH - REBI,Lalbagh,,Bommanahalli Zone,,,BR-PW207,12.95149,77.58832
BOSCH - REBI,Lalbagh,,Bommanahalli Zone,,,BR-PW208,12.95103,77.58766
BOSCH - REBI,Lalbagh,,Bommanahalli Zone,,,BR-PW209,12.94887,77.58639
BOSCH - REBI,Lalbagh,,Bommanahalli Zone,,,BR-PW210,12.95111,77.58753
BOSCH - REBI,Lalbagh,,Bommanahalli Zone,,,BR-PW211,12.95113,77.58745
BOSCH - REBI,Lalbagh,,Bommanahalli Zone,,,BR-PW212,12.95115,77.58735
BOSCH - REBI,Lalbagh,,Bommanahalli Zone,,,BR-PW213,12.9511,77.58711
BOSCH - REBI,Lalbagh,,Bommanahalli Zone,,,BR-PW214,12.95131,77.58666
BOSCH - REBI,Lalbagh,,Bommanahalli Zone,,,BR-PW215,12.95039,77.58555
BOSCH - REBI,Lalbagh,,Bommanahalli Zone,,,BR-PW216,12.95039,77.5855
BOSCH - REBI,Lalbagh,,Bommanahalli Zone,,,BR-PW217,12.9504,77.58542
BOSCH - REBI,Lalbagh,,Bommanahalli Zone,,,BR-PW218,12.94754,77.5882
BOSCH - REBI,Lalbagh,,Bommanahalli Zone,,,BR-PW219,12.94884,77.58648
BOSCH - REBI,Lalbagh,,Bommanahalli Zone,,,BR-PW220,12.94928,77.58419
BOSCH - REBI,Lalbagh,,Bommanahalli Zone,,,BR-PW221,12.94935,77.58409
BOSCH - REBI,Lalbagh,,Bommanahalli Zone,,,BR-PW222,12.94917,77.58391
BOSCH - REBI,Lalbagh,,Bommanahalli Zone,,,BR-PW223,12.9492,77.58375
BOSCH - REBI,Lalbagh,,Bommanahalli Zone,,,BR-PW224,12.94929,77.5836
BOSCH - REBI,Lalbagh,,Bommanahalli Zone,,,BR-PW225,12.94934,77.58354
Fortrea,Lalbagh,,Bommanahalli Zone,,,F-01,12.94942,77.58339
Fortrea,Lalbagh,,Bommanahalli Zone,,,F-02,12.94951,77.58329
Fortrea,Lalbagh,,Bommanahalli Zone,,,F-03,12.94966,77.58324
Fortrea,Lalbagh,,Bommanahalli Zone,,,F-04,12.95004,77.58304
Fortrea,Lalbagh,,Bommanahalli Zone,,,F-05,12.94884,77.58661
Fortrea,Lalbagh,,Bommanahalli Zone,,,F-06,12.95013,77.58308
Fortrea,Lalbagh,,Bommanahalli Zone,,,F-07,12.95021,77.58306
Fortrea,Lalbagh,,Bommanahalli Zone,,,F-08,12.95029,77.58279
Fortrea,Lalbagh,,Bommanahalli Zone,,,F-09,12.95035,77.58271
Fortrea,Lalbagh,,Bommanahalli Zone,,,F-10,12.95047,77.58251
Fortrea,Lalbagh,,Bommanahalli Zone,,,F-11,12.95054,77.58254
Fortrea,Lalbagh,,Bommanahalli Zone,,,F-12,12.95058,77.58258
Fortrea,Lalbagh,,Bommanahalli Zone,,,F-13,12.95067,77.58263
Fortrea,Lalbagh,,Bommanahalli Zone,,,F-14,12.95083,77.58269
Fortrea,Lalbagh,,Bommanahalli Zone,,,F-15,12.95092,77.58272
Fortrea,Lalbagh,,Bommanahalli Zone,,,F-16,12.95099,77.58275
Fortrea,Lalbagh,,Bommanahalli Zone,,,F-17,12.94889,77.58683
Fortrea,Lalbagh,,Bommanahalli Zone,,,F-18,12.95107,77.58282
Fortrea,Lalbagh,,Bommanahalli Zone,,,F-19,12.95118,77.58285
Fortrea,Lalbagh,,Bommanahalli Zone,,,F-20,12.95122,77.58289
Fortrea,Lalbagh,,Bommanahalli Zone,,,F-21,12.95132,77.58293
Fortrea,Lalbagh,,Bommanahalli Zone,,,F-22,12.95146,77.58299
Fortrea,Lalbagh,,Bommanahalli Zone,,,F-23,12.95149,77.58302
Fortrea,Lalbagh,,Bommanahalli Zone,,,F-24,12.95159,77.58307
Fortrea,Lalbagh,,Bommanahalli Zone,,,F-25,12.95172,77.58314
Fortrea,Lalbagh,,Bommanahalli Zone,,,F-26,12.95182,77.58318
Fortrea,Lalbagh,,Bommanahalli Zone,,,F-27,12.9519,77.58319
Fortrea,Lalbagh,,Bommanahalli Zone,,,F-28,12.94894,77.58698
Fortrea,Lalbagh,,Bommanahalli Zone,,,F-29,12.95199,77.58331
Fortrea,Lalbagh,,Bommanahalli Zone,,,F-30,12.95215,77.58341
Fortrea,Lalbagh,,Bommanahalli Zone,,,F-31,12.95221,77.58341
Fortrea,Lalbagh,,Bommanahalli Zone,,,F-32,12.95222,77.58359
Fortrea,Lalbagh,,Bommanahalli Zone,,,F-33,12.95216,77.58383
Fortrea,Lalbagh,,Bommanahalli Zone,,,F-34,12.95207,77.58392
Fortrea,Lalbagh,,Bommanahalli Zone,,,F-35,12.95183,77.58403
Fortrea,Lalbagh,,Bommanahalli Zone,,,F-36,12.95172,77.58405
Fortrea,Lalbagh,,Bommanahalli Zone,,,F-37,12.95167,77.58411
Fortrea,Lalbagh,,Bommanahalli Zone,,,F-38,12.9516,77.58411
Fortrea,Lalbagh,,Bommanahalli Zone,,,F-39,12.94884,77.58703
Fortrea,Lalbagh,,Bommanahalli Zone,,,F-40,12.95147,77.58401
Fortrea,Lalbagh,,Bommanahalli Zone,,,F-41,12.9514,77.58386
Fortrea,Lalbagh,,Bommanahalli Zone,,,F-42,12.95129,77.58378
Fortrea,Lalbagh,,Bommanahalli Zone,,,F-43,12.95118,77.5837
Fortrea,Lalbagh,,Bommanahalli Zone,,,F-44,12.95107,77.58372
Fortrea,Lalbagh,,Bommanahalli Zone,,,F-45,12.95104,77.58371
Fortrea,Lalbagh,,Bommanahalli Zone,,,F-46,12.95098,77.58364
Fortrea,Lalbagh,,Bommanahalli Zone,,,F-47,12.95087,77.58357
Fortrea,Lalbagh,,Bommanahalli Zone,,,F-48,12.95072,77.58353
Fortrea,Lalbagh,,Bommanahalli Zone,,,F-49,12.95049,77.58347
Fortrea,Lalbagh,,Bommanahalli Zone,,,F-50,12.95036,77.58349
Fortrea,Lalbagh,,Bommanahalli Zone,,,F-51,12.94881,77.58713
Fortrea,Lalbagh,,Bommanahalli Zone,,,F-52,12.95028,77.5835
Fortrea,Lalbagh,,Bommanahalli Zone,,,F-53,12.95017,77.58349
Fortrea,Lalbagh,,Bommanahalli Zone,,,F-54,12.95008,77.5834
Fortrea,Lalbagh,,Bommanahalli Zone,,,F-55,12.94998,77.58338
Fortrea,Lalbagh,,Bommanahalli Zone,,,F-56,12.94986,77.58336
Fortrea,Lalbagh,,Bommanahalli Zone,,,F-57,12.94978,77.58337
Fortrea,Lalbagh,,Bommanahalli Zone,,,F-58,12.94975,77.58333
Fortrea,Lalbagh,,Bommanahalli Zone,,,F-59,12.94967,77.58333
Fortrea,Lalbagh,,Bommanahalli Zone,,,F-60,12.94955,77.58331
Fortrea,Lalbagh,,Bommanahalli Zone,,,F-61,12.94949,77.58326
Fortrea,Lalbagh,,Bommanahalli Zone,,,F-62,12.94938,77.58331
Fortrea,Lalbagh,,Bommanahalli Zone,,,F-63,12.94887,77.58716
Fortrea,Lalbagh,,Bommanahalli Zone,,,F-64,12.94936,77.58335
Fortrea,Lalbagh,,Bommanahalli Zone,,,F-65,12.94903,77.58729
Fortrea,Lalbagh,,Bommanahalli Zone,,,F-66,12.94934,77.58339
Fortrea,Lalbagh,,Bommanahalli Zone,,,F-67,12.94931,77.58346
Fortrea,Lalbagh,,Bommanahalli Zone,,,F-68,12.9493,77.58355
Fortrea,Lalbagh,,Bommanahalli Zone,,,F-69,12.94926,77.58368
Fortrea,Lalbagh,,Bommanahalli Zone,,,F-70,12.94924,77.58372
Fortrea,Lalbagh,,Bommanahalli Zone,,,F-71,12.94921,77.58383
Fortrea,Lalbagh,,Bommanahalli Zone,,,F-72,12.94911,77.58377
Fortrea,Lalbagh,,Bommanahalli Zone,,,F-73,12.94908,77.5836
Fortrea,Lalbagh,,Bommanahalli Zone,,,F-74,12.94903,77.58351
Fortrea,Lalbagh,,Bommanahalli Zone,,,F-75,12.949,77.58724
Fortrea,Lalbagh,,Bommanahalli Zone,,,F-76,12.94897,77.58349
Fortrea,Lalbagh,,Bommanahalli Zone,,,F-77,12.94882,77.58338
Fortrea,Lalbagh,,Bommanahalli Zone,,,F-78,12.94872,77.58329
Fortrea,Lalbagh,,Bommanahalli Zone,,,F-79,12.94861,77.58325
Fortrea,Lalbagh,,Bommanahalli Zone,,,F-80,12.94851,77.5832
Fortrea,Lalbagh,,Bommanahalli Zone,,,F-81,12.94842,77.5831
Fortrea,Lalbagh,,Bommanahalli Zone,,,F-82,12.94838,77.58289
Fortrea,Lalbagh,,Bommanahalli Zone,,,F-83,12.94819,77.58294
Fortrea,Lalbagh,,Bommanahalli Zone,,,F-84,12.94813,77.58297
Fortrea,Lalbagh,,Bommanahalli Zone,,,F-85,12.948,77.58304
Mphasis,Nethravathi Park,,Bommanahalli Zone,,,M-378,12.91738,77.65362
Mphasis,Nethravathi Park,,Bommanahalli Zone,,,M-379,12.91714,77.65362
Mphasis,Nethravathi Park,,Bommanahalli Zone,,,M-380,12.91716,77.65362
Mphasis,Nethravathi Park,,Bommanahalli Zone,,,M-381,12.91696,77.6536
Mphasis,Niligiri park/Krishana park,,Bommanahalli Zone,,,M-382,12.91394,77.64624
Mphasis,Niligiri park/Krishana park,,Bommanahalli Zone,,,M-383,12.91371,77.64625
Mphasis,Niligiri park/Krishana park,,Bommanahalli Zone,,,M-384,12.91351,77.64627
Mphasis,Niligiri park/Krishana park,,Bommanahalli Zone,,,M-385,12.91332,77.6464
Mphasis,Niligiri park/Krishana park,,Bommanahalli Zone,,,M-386,12.91347,77.64637
Mphasis,Niligiri park/Krishana park,,Bommanahalli Zone,,,M-387,12.91376,77.64652
Mphasis,Niligiri park/Krishana park,,Bommanahalli Zone,,,M-388,12.91403,77.64648
Mphasis,Niligiri park/Krishana park,,Bommanahalli Zone,,,M-389,12.91379,77.64634
Mphasis,Nirmala Joyhti ITI Park,,Bommanahalli Zone,,,M-390,12.86715,77.59132
Mphasis,Nirmala Joyhti ITI Park,,Bommanahalli Zone,,,M-391,12.86691,77.59085
Mphasis,Nirmala Joyhti ITI Park,,Bommanahalli Zone,,,M-392,12.8671,77.5913
Mphasis,Nirmala Joyhti ITI Park,,Bommanahalli Zone,,,M-393,12.86707,77.59122
Mphasis,Nirmala Joyhti ITI Park,,Bommanahalli Zone,,,M-394,12.86719,77.59076
Mphasis,Nirmala Joyhti ITI Park,,Bommanahalli Zone,,,M-395,12.86723,77.59061
Mphasis,Nirmala Joyhti ITI Park,,Bommanahalli Zone,,,M-396,12.86726,77.59059
Mphasis,Nirmala Joyhti ITI Park,,Bommanahalli Zone,,,M-397,12.86709,77.59059
Mphasis,Patyangiri Park,,Bommanahalli Zone,,,M-398,12.890721,77.53543298
Mphasis,Patyangiri Park,,Bommanahalli Zone,,,M-399,12.89074003,77.535278
Mphasis,Police station back back side park,,Bommanahalli Zone,,,M-400,12.89122,77.60887
Mphasis,Poornapragna 49th Cross Park,,Bommanahalli Zone,,,M-401,12.90511,77.53749
Mphasis,Poornapragna 49th Cross Park,,Bommanahalli Zone,,,M-402,12.90499,77.53792
Mphasis,Poornapragna 49th Cross Park,,Bommanahalli Zone,,,M-403,12.90563,77.53767
Mphasis,Poornapragna 49th Cross Park,,Bommanahalli Zone,,,M-404,12.9058,77.5376
Mphasis,Poornapragna 49th Cross Park,,Bommanahalli Zone,,,M-405,12.90504,77.53791
Mphasis,Poornapragna 49th Cross Park,,Bommanahalli Zone,,,M-406,12.90507,77.53761
Mphasis,Poornapragna 49th Cross Park,,Bommanahalli Zone,,,M-407,12.90488,77.53779
Mphasis,Poornapragna 49th Cross Park,,Bommanahalli Zone,,,M-408,12.90471,77.53784
Mphasis,Poornapragna 49th Cross Park,,Bommanahalli Zone,,,M-409,12.90556,77.53771
Mphasis,Poornapragna 49th Cross Park,,Bommanahalli Zone,,,M-410,12.90498,77.53758
Mphasis,Poornapragna 49th Cross Park,,Bommanahalli Zone,,,M-411,12.90481,77.53766
Mphasis,Poornapragna 49th Cross Park,,Bommanahalli Zone,,,M-412,12.90474,77.53775
Mphasis,Poornapragna 49th Cross Park,,Bommanahalli Zone,,,M-413,12.90488,77.5375
Mphasis,Poornapragna 49th Cross Park,,Bommanahalli Zone,,,M-414,12.90489,77.53741
Mphasis,Poornapragna 49th Cross Park,,Bommanahalli Zone,,,M-415,12.90547,77.53773
Mphasis,Poornapragna 49th Cross Park,,Bommanahalli Zone,,,M-416,12.90523,77.53782
Mphasis,Poornapragna 49th Cross Park,,Bommanahalli Zone,,,M-417,12.9051,77.53788
Mphasis,Poornapragna Amruth Park,,Bommanahalli Zone,,,M-418,12.902586,77.53559802
Mphasis,Poornapragna Amruth Park,,Bommanahalli Zone,,,M-419,12.90257603,77.53541596
Mphasis,Poornapragna Amruth Park,,Bommanahalli Zone,,,M-420,12.90258802,77.53535796
Mphasis,Poornapragna Amruth Park,,Bommanahalli Zone,,,M-421,12.90266697,77.53531697
Mphasis,Poornapragna Amruth Park,,Bommanahalli Zone,,,M-422,12.90279103,77.53528001
Mphasis,Poornapragna Amruth Park,,Bommanahalli Zone,,,M-423,12.90282204,77.53520801
Mphasis,Poornapragna park,,Bommanahalli Zone,,,M-424,12.90645702,77.53672304
Mphasis,Poornapragna park,,Bommanahalli Zone,,,M-425,12.90651301,77.53715596
Mphasis,Poornapragna park,,Bommanahalli Zone,,,M-426,12.90670001,77.53692001
Mphasis,Poornapragna park,,Bommanahalli Zone,,,M-427,12.90650597,77.53679403
Mphasis,Poornapragna park,,Bommanahalli Zone,,,M-428,12.90660203,77.53678297
Mphasis,Poornapragna park,,Bommanahalli Zone,,,M-429,12.90702397,77.53706301
Mphasis,Poornapragna park,,Bommanahalli Zone,,,M-430,12.906828,77.53698103
Mphasis,Poornapragna park no 16,,Bommanahalli Zone,,,M-431,12.90248701,77.53654299
Mphasis,Poornapragna park no 16,,Bommanahalli Zone,,,M-432,12.90237101,77.53646202
Mphasis,Poornapragna park no 16,,Bommanahalli Zone,,,M-433,12.90237101,77.53650301
Mphasis,Poornapragna park no 16,,Bommanahalli Zone,,,M-434,12.90224997,77.53649203
Mphasis,Poornapragna park no 16,,Bommanahalli Zone,,,M-435,12.90223396,77.53636597
Mphasis,Poornapragna park no 16,,Bommanahalli Zone,,,M-436,12.90214101,77.53639899
Mphasis,Poornapragna park no 16,,Bommanahalli Zone,,,M-437,12.90206096,77.536343
Mphasis,Poornapragna park no 7,,Bommanahalli Zone,,,M-438,12.90678802,77.53240401
Mphasis,Poornapragna park no 7,,Bommanahalli Zone,,,M-439,12.90692196,77.53247199
Mphasis,Poornapragna park no 7,,Bommanahalli Zone,,,M-440,12.90699203,77.53250602
Mphasis,Poornapragna park no 7,,Bommanahalli Zone,,,M-441,12.907259,77.53278497
Mphasis,Poornapragna park no 7,,Bommanahalli Zone,,,M-442,12.90719697,77.53281397
Mphasis,Poornapragna park no 7,,Bommanahalli Zone,,,M-443,12.90742597,77.532733
Mphasis,Poornapragna park no 7,,Bommanahalli Zone,,,M-444,12.90714601,77.532561
Mphasis,Rajyotsava Park,,Bommanahalli Zone,,,M-445,12.90938,77.65117
Mphasis,Rajyotsava Park,,Bommanahalli Zone,,,M-446,12.90934,77.65124
Mphasis,Shantiniketan Tank Park,,Bommanahalli Zone,,,M-447,12.88163308,77.60810819
Mphasis,Shantiniketan Tank Park,,Bommanahalli Zone,,,M-448,12.88129203,77.60799302
Mphasis,Shantiniketan Tank Park,,Bommanahalli Zone,,,M-449,12.88119396,77.60796997
Mphasis,Shantiniketan Tank Park,,Bommanahalli Zone,,,M-450,12.88114501,77.607846
Mphasis,Shantiniketan Tank Park,,Bommanahalli Zone,,,M-451,12.88119203,77.60762597
Mphasis,Shantiniketan Tank Park,,Bommanahalli Zone,,,M-452,12.88135196,77.60765498
Mphasis,Shantiniketan Tank Park,,Bommanahalli Zone,,,M-453,12.881503,77.60765397
Mphasis,Shantiniketan Tank Park,,Bommanahalli Zone,,,M-454,12.88191699,77.607789
Mphasis,Shantiniketan Tank Park,,Bommanahalli Zone,,,M-455,12.881776,77.60803099
Mphasis,Shantiniketan Tank Park,,Bommanahalli Zone,,,M-456,12.881388,77.60811799
Mphasis,Shantiniketan Tank Park,,Bommanahalli Zone,,,M-457,12.88115757,77.6081167
Mphasis,Swachagraha Kalika Kendra,,Bommanahalli Zone,,,M-458,12.91527,77.63872
Mphasis,Swachagraha Kalika Kendra,,Bommanahalli Zone,,,M-459,12.91532,77.63913
Mphasis,Swachagraha Kalika Kendra,,Bommanahalli Zone,,,M-460,12.91553,77.63964
Mphasis,Swachagraha Kalika Kendra,,Bommanahalli Zone,,,M-461,12.91526,77.63927
Mphasis,Swachagraha Kalika Kendra,,Bommanahalli Zone,,,M-462,12.91537,77.63973
Mphasis,Swachagraha Kalika Kendra,,Bommanahalli Zone,,,M-463,12.91516,77.6396
Mphasis,Swachagraha Kalika Kendra,,Bommanahalli Zone,,,M-464,12.91555,77.63889
Mphasis,Swachagraha Kalika Kendra,,Bommanahalli Zone,,,M-465,12.91518,77.63964
Mphasis,Swachagraha Kalika Kendra,,Bommanahalli Zone,,,M-466,12.91523,77.63964
Mphasis,Swachagraha Kalika Kendra,,Bommanahalli Zone,,,M-467,12.91523,77.63919
Mphasis,Thungabadra Park,,Bommanahalli Zone,,,M-468,12.91458,77.64711
Mphasis,Thungabadra Park,,Bommanahalli Zone,,,M-469,12.91458,77.64711
Mphasis,Thungabadra Park,,Bommanahalli Zone,,,M-470,12.91465,77.64729
Mphasis,Thungabadra Park,,Bommanahalli Zone,,,M-471,12.91465,77.64729
Mphasis,Thungabadra Park,,Bommanahalli Zone,,,M-472,12.91463,77.6473
Mphasis,Thungabadra Park,,Bommanahalli Zone,,,M-473,12.91463,77.6473
Mphasis,Thungabadra Park,,Bommanahalli Zone,,,M-474,12.91475,77.64727
Mphasis,Thungabadra Park,,Bommanahalli Zone,,,M-475,12.91475,77.64727
Mphasis,Thungabadra Park,,Bommanahalli Zone,,,M-476,12.91458,77.64713
Mphasis,Thungabadra Park,,Bommanahalli Zone,,,M-477,12.91458,77.64713
Mphasis,Thungabadra Park,,Bommanahalli Zone,,,M-478,12.91477,77.64691
Mphasis,Thungabadra Park,,Bommanahalli Zone,,,M-479,12.91477,77.64691
Mphasis,Thungabadra Park,,Bommanahalli Zone,,,M-480,12.91474,77.64671
Mphasis,Thungabadra Park,,Bommanahalli Zone,,,M-481,12.91474,77.64671
Mphasis,Thungabadra Park,,Bommanahalli Zone,,,M-482,12.91461,77.64736
Mphasis,Thungabadra Park,,Bommanahalli Zone,,,M-483,12.91461,77.64736
Mphasis,Tree Park,,Bommanahalli Zone,,,M-484,12.91077,77.65116
Mphasis,Tree Park,,Bommanahalli Zone,,,M-485,12.91077,77.65126
Mphasis,Ugrappa Park/Swabimana park,,Bommanahalli Zone,,,M-486,12.91119,77.6412
Mphasis,Ugrappa Park/Swabimana park,,Bommanahalli Zone,,,M-487,12.91146,77.64127
Mphasis,Ugrappa Park/Swabimana park,,Bommanahalli Zone,,,M-488,12.91158,77.64061
Mphasis,Ugrappa Park/Swabimana park,,Bommanahalli Zone,,,M-489,12.9079,77.6407
Mphasis,Ugrappa Park/Swabimana park,,Bommanahalli Zone,,,M-490,12.91155,77.6404
Mphasis,Ugrappa Park/Swabimana park,,Bommanahalli Zone,,,M-491,12.91111,77.63983
Mphasis,Ugrappa Park/Swabimana park,,Bommanahalli Zone,,,M-492,12.91163,77.63975
Mphasis,Ugrappa Park/Swabimana park,,Bommanahalli Zone,,,M-493,12.91144,77.64
Mphasis,Ugrappa Park/Swabimana park,,Bommanahalli Zone,,,M-494,12.91134,77.63975
Mphasis,Ugrappa Park/Swabimana park,,Bommanahalli Zone,,,M-495,12.91159,77.63977
Mphasis,Ugrappa Park/Swabimana park,,Bommanahalli Zone,,,M-496,12.91144,77.63968
Mphasis,Ugrappa Park/Swabimana park,,Bommanahalli Zone,,,M-497,12.91343,77.63417
Mphasis,Ugrappa Park/Swabimana park,,Bommanahalli Zone,,,M-498,12.91134,77.63974
Mphasis,Ugrappa Park/Swabimana park,,Bommanahalli Zone,,,M-499,12.91045,77.64138
Mphasis,Ugrappa Park/Swabimana park,,Bommanahalli Zone,,,M-500,12.91066,77.63985
Mphasis,Ugrappa Park/Swabimana park,,Bommanahalli Zone,,,M-501,12.91062,77.63945
Mphasis,Ugrappa Park/Swabimana park,,Bommanahalli Zone,,,M-502,12.91065,77.63949
Mphasis,Ugrappa Park/Swabimana park,,Bommanahalli Zone,,,M-503,12.91128,77.64081
Mphasis,Ugrappa Park/Swabimana park,,Bommanahalli Zone,,,M-504,12.91145,77.64102
Mphasis,Ugrappa Park/Swabimana park,,Bommanahalli Zone,,,M-505,12.91133,77.63976
Mphasis,Ugrappa Park/Swabimana park,,Bommanahalli Zone,,,M-506,12.9113,77.6409
Mphasis,Ugrappa Park/Swabimana park,,Bommanahalli Zone,,,M-507,12.91157,77.64085
Mphasis,Ugrappa Park/Swabimana park,,Bommanahalli Zone,,,M-508,12.91084,77.64159
Mphasis,Ugrappa Park/Swabimana park,,Bommanahalli Zone,,,M-509,12.91052,77.6404
Mphasis,Ugrappa Park/Swabimana park,,Bommanahalli Zone,,,M-510,12.91066,77.63944
Mphasis,Ugrappa Park/Swabimana park,,Bommanahalli Zone,,,M-511,12.91069,77.63964
Mphasis,Ugrappa Park/Swabimana park,,Bommanahalli Zone,,,M-512,12.91074,77.64055
Mphasis,Ugrappa Park/Swabimana park,,Bommanahalli Zone,,,M-513,12.91154,77.64015
Mphasis,Ugrappa Park/Swabimana park,,Bommanahalli Zone,,,M-514,12.91117,77.64006
Mphasis,Ugrappa Park/Swabimana park,,Bommanahalli Zone,,,M-515,12.91068,77.64144
Mphasis,Ugrappa Park/Swabimana park,,Bommanahalli Zone,,,M-516,12.9104,77.64116
Mphasis,Ugrappa Park/Swabimana park,,Bommanahalli Zone,,,M-517,12.91039,77.64138
Mphasis,Ugrappa Park/Swabimana park,,Bommanahalli Zone,,,M-518,12.91041,77.64099
Mphasis,Ugrappa Park/Swabimana park,,Bommanahalli Zone,,,M-519,12.91043,77.64033
Mphasis,Ugrappa Park/Swabimana park,,Bommanahalli Zone,,,M-520,12.91047,77.63951
Mphasis,Ugrappa Park/Swabimana park,,Bommanahalli Zone,,,M-521,12.91064,77.63953
Mphasis,Ugrappa Park/Swabimana park,,Bommanahalli Zone,,,M-522,12.91084,77.64012
Mphasis,Ugrappa Park/Swabimana park,,Bommanahalli Zone,,,M-523,12.91125,77.64084
Mphasis,Ugrappa Park/Swabimana park,,Bommanahalli Zone,,,M-524,12.91149,77.64102
Mphasis,Ugrappa Park/Swabimana park,,Bommanahalli Zone,,,M-525,12.91079,77.64015
Mphasis,Ugrappa Park/Swabimana park,,Bommanahalli Zone,,,M-526,12.91068,77.64129
Mphasis,Vrukasha vana Park,,Bommanahalli Zone,,,M-527,12.90823,77.63602
Fidelity,Narayana Olympiad School park,,East zone,,,FE-125,13.00767,77.66197
Fidelity,Narayana Olympiad School park,,East zone,,,FE-127,13.00762402,77.66184235
Fidelity,Traingle park 2,,East zone,,,FE126,13.00196101,77.660841
Mphasis,Vrukasha vana Park,,Bommanahalli Zone,,,M-528,12.90798,77.63603
Mphasis,Vrukasha vana Park,,Bommanahalli Zone,,,M-529,12.90806,77.63612
Mphasis,Vrukasha vana Park,,Bommanahalli Zone,,,M-530,12.90821,77.63675
Morgan Stanley,Mini Forest Park,,Yelahanka Zone,,,MS-150,13.09354,77.58628
Morgan Stanley,Mini Forest Park,,Yelahanka Zone,,,MS-151,13.09359,77.58616
Morgan Stanley,Mini Forest Park,,Yelahanka Zone,,,MS-153,13.09497,77.5864
Morgan Stanley,Mini Forest Park,,Yelahanka Zone,,,MS-152,13.09367,77.5863
Morgan Stanley,Mini Forest Park,,Yelahanka Zone,,,MS-154,13.09371,77.58649
Morgan Stanley,Mini Forest Park,,Yelahanka Zone,,,MS-155,13.0943,77.58643
Morgan Stanley,Mini Forest Park,,Yelahanka Zone,,,MS-156,13.09469,77.58627
Morgan Stanley,Mini Forest Park,,Yelahanka Zone,,,MS-157,13.09474,77.58647
Morgan Stanley,Mini Forest Park,,Yelahanka Zone,,,MS-160,13.09489,77.58624
Morgan Stanley,Mini Forest Park,,Yelahanka Zone,,,MS-162,13.09517,77.58623
Morgan Stanley,Mini Forest Park,,Yelahanka Zone,,,MS-163,13.09521,77.58612
Morgan Stanley,Mini Forest Park,,Yelahanka Zone,,,MS-164,13.09533,77.58607
Morgan Stanley,Mini Forest Park,,Yelahanka Zone,,,MS-158,13.09506,77.58613
Morgan Stanley,Mini Forest Park,,Yelahanka Zone,,,MS-159,13.09520499,77.58631599
Fidelity,KSRP 9th battalion,,Bommanahalli Zone,,,FE-132,12.89012466,77.6693674
Fidelity,KSRP 9th battalion,,Bommanahalli Zone,,,FE-134,12.89003503,77.669269
Fidelity,KSRP 9th battalion,,Bommanahalli Zone,,,FE-135,12.89006101,77.669166
Fidelity,KSRP 9th battalion,,Bommanahalli Zone,,,FE-137,12.89322674,77.6706953
Fidelity,KSRP 9th battalion,,Bommanahalli Zone,,,FE-133,12.89061899,77.670717
Fidelity,KSRP 9th battalion,,Bommanahalli Zone,,,FE-136,12.89023301,77.6693008
BEF/Limnotech,KSRP 9th Battalion,,Bommanahalli Zone,,,BEF-34,12.89071899,77.670495
BEF/Limnotech,KSRP 9th Battalion,,Bommanahalli Zone,,,BEF-35,12.890851,77.670521
BEF/Limnotech,KSRP 9th Battalion,,Bommanahalli Zone,,,BEF-36,12.890907,77.670507
BEF/Limnotech,KSRP 9th Battalion,,Bommanahalli Zone,,,BEF-37,12.88493799,77.671062
BEF/Limnotech,KSRP 9th Battalion,,Bommanahalli Zone,,,BEF-38,12.88487798,77.671291
BEF/Limnotech,KSRP 9th Battalion,,Bommanahalli Zone,,,BEF-39,12.88574727,77.6686562
BEF/Limnotech,KSRP 9th Battalion,,Bommanahalli Zone,,,BEF-40,12.88565326,77.6686822
BEF/Limnotech,KSRP 9th Battalion,,Bommanahalli Zone,,,BEF-13,12.890189,77.66916
BEF/Limnotech,KSRP 9th Battalion,,Bommanahalli Zone,,,BEF-14,12.88592597,77.670094
BEF/Limnotech,KSRP 9th Battalion,,Bommanahalli Zone,,,BEF-16,12.88596704,77.670169
BEF/Limnotech,KSRP 9th Battalion,,Bommanahalli Zone,,,BEF-01,12.89305,77.67195
BEF/Limnotech,KSRP 9th Battalion,,Bommanahalli Zone,,,BEF-02,12.89318,77.67087
BEF/Limnotech,KSRP 9th Battalion,,Bommanahalli Zone,,,BEF-03,12.89325,77.67052
BEF/Limnotech,KSRP 9th Battalion,,Bommanahalli Zone,,,BEF-04,12.89338,77.66961
BEF/Limnotech,KSRP 9th Battalion,,Bommanahalli Zone,,,BEF-05,12.8933,77.66965
BEF/Limnotech,KSRP 9th Battalion,,Bommanahalli Zone,,,BEF-06,12.89326,77.66967
BEF/Limnotech,KSRP 9th Battalion,,Bommanahalli Zone,,,BEF-07,12.89314,77.66966
BEF/Limnotech,KSRP 9th Battalion,,Bommanahalli Zone,,,BEF-08,12.89303,77.66958
BEF/Limnotech,KSRP 9th Battalion,,Bommanahalli Zone,,,BEF-09,12.893,77.66962
BEF/Limnotech,KSRP 9th Battalion,,Bommanahalli Zone,,,BEF-10,12.89292,77.66956
BEF/Limnotech,KSRP 9th Battalion,,Bommanahalli Zone,,,BEF-11,12.89281,77.66959
BEF/Limnotech,KSRP 9th Battalion,,Bommanahalli Zone,,,BEF-12,12.89273,77.66955
BEF/Limnotech,KSRP 9th Battalion,,Bommanahalli Zone,,,BEF-15,12.89242,77.66959
BEF/Limnotech,KSRP 9th Battalion,,Bommanahalli Zone,,,BEF-17,12.8923,77.66959
BEF/Limnotech,KSRP 9th Battalion,,Bommanahalli Zone,,,BEF-18,12.89228,77.66948
BEF/Limnotech,KSRP 9th Battalion,,Bommanahalli Zone,,,BEF-19,12.89224,77.66955
BEF/Limnotech,KSRP 9th Battalion,,Bommanahalli Zone,,,BEF-20,12.8921,77.66953
BEF/Limnotech,KSRP 9th Battalion,,Bommanahalli Zone,,,BEF-21,12.89211,77.66946
BEF/Limnotech,KSRP 9th Battalion,,Bommanahalli Zone,,,BEF-22,12.89199,77.66941
BEF/Limnotech,KSRP 9th Battalion,,Bommanahalli Zone,,,BEF-23,12.89195,77.66943
BEF/Limnotech,KSRP 9th Battalion,,Bommanahalli Zone,,,BEF-24,12.89181,77.66938
BEF/Limnotech,KSRP 9th Battalion,,Bommanahalli Zone,,,BEF-25,12.89175,77.66948
BEF/Limnotech,KSRP 9th Battalion,,Bommanahalli Zone,,,BEF-26,12.89167,77.66937
BEF/Limnotech,KSRP 9th Battalion,,Bommanahalli Zone,,,BEF-28,12.89133,77.66929
BEF/Limnotech,KSRP 9th Battalion,,Bommanahalli Zone,,,BEF-29,12.89114,77.66926
BEF/Limnotech,KSRP 9th Battalion,,Bommanahalli Zone,,,BEF-30,12.89099,77.66923
BEF/Limnotech,KSRP 9th Battalion,,Bommanahalli Zone,,,BEF-32,12.88719,77.67155
BEF/Limnotech,KSRP 9th Battalion,,Bommanahalli Zone,,,BEF-33,12.88727,77.67156
BEF/Limnotech,KSRP 9th Battalion,,Bommanahalli Zone,,,BEF-34,12.88736,77.67155
BEF/Limnotech,KSRP 9th Battalion,,Bommanahalli Zone,,,BEF27,12.89142,77.66931
Mphasis,KSRP 9th battalion,,Bommanahalli Zone,,,M-561,12.89227,77.6696
Mphasis,KSRP 9th battalion,,Bommanahalli Zone,,,M-562,12.89223,77.66976
Mphasis,KSRP 9th battalion,,Bommanahalli Zone,,,M-563,12.89228,77.66971
Mphasis,KSRP 9th battalion,,Bommanahalli Zone,,,M-564,12.89224,77.66971
Mphasis,KSRP 9th battalion,,Bommanahalli Zone,,,M-565,12.89226,77.66983
Mphasis,KSRP 9th battalion,,Bommanahalli Zone,,,M-566,12.89223,77.66992
Mphasis,KSRP 9th battalion,,Bommanahalli Zone,,,M-567,12.89219,77.67023
Mphasis,KSRP 9th battalion,,Bommanahalli Zone,,,M-568,12.89212,77.67032
Mphasis,KSRP 9th battalion,,Bommanahalli Zone,,,M-569,12.89238,77.66988
Mphasis,KSRP 9th battalion,,Bommanahalli Zone,,,M-570,12.89234,77.6699
Mphasis,KSRP 9th battalion,,Bommanahalli Zone,,,M-571,12.89237,77.66985
Mphasis,KSRP 9th battalion,,Bommanahalli Zone,,,M-572,12.89197,77.67137
Mphasis,KSRP 9th battalion,,Bommanahalli Zone,,,M-573,12.88788,77.67061
Mphasis,KSRP 9th battalion,,Bommanahalli Zone,,,M-574,12.88797,77.67062
Mphasis,Lakshmidevi park,,South zone,,,M-454,12.92965,77.63348
Mphasis,Lakshmidevi park,,South zone,,,M-455,12.92968,77.63345
Mphasis,Lakshmidevi park,,South zone,,,M-456,12.9297,77.63332
Mphasis,Mangala Convention Centre Surrounding,,South zone,,,M-457,12.936913,77.617295
Mphasis,Mangala Convention Centre Surrounding,,South zone,,,M-458,12.93658996,77.61721999
Mphasis,Mangala Convention Centre Surrounding,,South zone,,,M-459,12.93646939,77.61713907
Mphasis,Mico Layout Park (N S Palya Park ),,South zone,,,M-460,12.91133,77.60497
Mphasis,Mico Layout Park (N S Palya Park ),,South zone,,,M-461,12.91117,77.60469
Mphasis,Mico Layout Park (N S Palya Park ),,South zone,,,M-462,12.9114,77.60469
Mphasis,Mico Layout Park (N S Palya Park ),,South zone,,,M-463,12.91107,77.6044
Mphasis,Mico Layout Park (N S Palya Park ),,South zone,,,M-464,12.91113,77.60511
Mphasis,Mico Layout Park (N S Palya Park ),,South zone,,,M-465,12.91105,77.60508
Mphasis,Mico Layout Park (N S Palya Park ),,South zone,,,M-466,12.91121,77.60452
Mphasis,Mico Layout Park (N S Palya Park ),,South zone,,,M-467,12.9111,77.60447
Mphasis,Mico Layout Park (N S Palya Park ),,South zone,,,M-468,12.91122,77.60504
Mphasis,Mico Layout Park 2 ( M S Collage),,South Zone,,,M-469,12.90846,77.61207
Mphasis,Mico Layout Park 2 ( M S Collage),,South Zone,,,M-470,12.9083,77.61189
Mphasis,Mico Layout Park 2 ( M S Collage),,Bommanahalli Zone,,,M-471,12.90807,77.61177
Mphasis,Mico Layout Park 2 ( M S Collage),,Bommanahalli Zone,,,M-472,12.9081,77.61178
Mphasis,Mico Layout Park 2 ( M S Collage),,South Zone,,,M-473,12.90783,77.61185
Mphasis,Mini Forest Park,,South zone,,,M-474,12.90848536,77.59901449
Mphasis,Mini Forest Park,,South zone,,,M-475,12.90716484,77.59926889
Mphasis,Mini Forest Park,,South zone,,,M-476,12.90923523,77.59894218
Mphasis,Mini Forest Park,,South zone,,,M-477,12.90860396,77.59916
Mphasis,Nandanavana Park,,South zone,,,M-478,12.92683,77.62721
Mphasis,Nandanavana Park,,South zone,,,M-479,12.91474,77.60441
Mphasis,Nandanavana Park,,South zone,,,M-480,12.91121,77.60452
Mphasis,Nandanavana Park,,South zone,,,M-481,12.9111,77.60447
Mphasis,Nandanavana Park,,South zone,,,M-482,12.9146,77.60371
Mphasis,Nandanavana Park,,South zone,,,M-483,12.91487,77.60456
Mphasis,Nandanavana Park,,South zone,,,M-484,12.91477,77.60377
Mphasis,Nandanavana Park,,South zone,,,M-485,12.91474,77.60457
Mphasis,Nandanavana Park,,South zone,,,M-486,12.91448,77.60443
Mphasis,Nandanavana Park,,South zone,,,M-487,12.91447,77.60407
Mphasis,Nandanavana Park,,South zone,,,M-488,12.9151,77.60387
Mphasis,Nandanavana Park,,South zone,,,M-489,12.91453,77.60389
Mphasis,Nandanavana Park,,South zone,,,M-490,12.91506,77.60406
Mphasis,Nandanavana Park,,South zone,,,M-491,12.91478,77.60392
Mphasis,Nandanavana Park,,South zone,,,M-492,12.9148,77.60432
Mphasis,Nandanavana Park,,South zone,,,M-493,12.91459,77.6042
Mphasis,Nandini Booth Park,,South zone,,,M-494,12.91037,77.61253
Mphasis,Nandini Booth Park,,South zone,,,M-495,12.91032,77.61251
Mphasis,Nandini Booth Park,,South zone,,,M-496,12.91039,77.61245
Mphasis,Nandini Booth Park,,South zone,,,M-497,12.91036,77.61214
Mphasis,Nandini Booth Park,,South zone,,,M-498,12.91039,77.61204
Mphasis,Nandini Booth Park,,South zone,,,M-499,12.96294,77.47635
Mphasis,Nandini Booth Park,,South zone,,,M-500,12.91036,77.61113
Mphasis,Nandini Booth Park,,South zone,,,M-501,12.91039,77.61191
Mphasis,Nandini Booth Park,,South zone,,,M-502,12.91035,77.6123
Mphasis,Police Parade Ground Backside Area,,South zone,,,M-503,12.93809099,77.61344
Mphasis,Police Parade Ground Backside Area,,South zone,,,M-504,12.937991,77.61360797
Mphasis,Police Parade Ground Backside Area,,South zone,,,M-505,12.93881301,77.61412396
Mphasis,Police Parade Ground Backside Area,,South zone,,,M-506,12.93891401,77.61416696
Mphasis,Police Parade Ground Backside Area,,South zone,,,M-507,12.938927,77.61424801
Mphasis,Police Parade Ground Backside Area,,South zone,,,M-508,12.93889096,77.61439403
Mphasis,Police Parade Ground Backside Area,,South zone,,,M-509,12.93888099,77.61443501
Mphasis,Police Parade Ground Backside Area,,South zone,,,M-510,12.93885802,77.61448598
Mphasis,Police Parade Ground Backside Area,,South zone,,,M-511,12.93883304,77.61467599
Mphasis,Police Parade Ground Backside Area,,South zone,,,M-512,12.93882198,77.61477197
Mphasis,Police Parade Ground Backside Area,,South zone,,,M-513,12.93876699,77.61493902
Mphasis,Police Parade Ground Backside Area,,South zone,,,M-514,12.93871896,77.61525602
Mphasis,Police Parade Ground Backside Area,,South zone,,,M-515,12.93855703,77.615137
Mphasis,Police Parade Ground Backside Area,,South zone,,,M-516,12.93825809,77.61513061
Mphasis,Police Parade Ground Backside Area,,South zone,,,M-517,12.94073599,77.61445899
Mphasis,Police Parade Ground Backside Area,,South zone,,,M-518,12.94091804,77.61443996
Mphasis,Police Parade Ground Backside Area,,South zone,,,M-519,12.93967802,77.61580403
Mphasis,Police Parade Ground Backside Area,,South zone,,,M-520,12.939616,77.61600302
Mphasis,Police Parade Ground Backside Area,,South zone,,,M-521,12.939602,77.616101
Mphasis,Police Parade Ground Backside Area,,South zone,,,M-522,12.93955003,77.61628901
Mphasis,Police Parade Ground Backside Area,,South zone,,,M-523,12.93853699,77.61406303
Mphasis,Police Parade Ground Backside Area,,South zone,,,M-524,12.93861897,77.61408096
Mphasis,Police Parade Ground Backside Area,,South zone,,,M-525,12.93871804,77.61409697
Mphasis,Police Parade Ground Backside Area,,South zone,,,M-526,12.93845804,77.61403302
Mphasis,Police Parade Ground Backside Area,,South zone,,,M-527,12.93798102,77.613757
Mphasis,SFHS Badavane park,,South zone,,,M-528,12.91542,77.60226
Mphasis,SFHS Badavane park,,South zone,,,M-529,12.91544,77.60211
Mphasis,SFHS Badavane park,,South zone,,,M-530,12.91549,77.60192
Mphasis,SFHS Badavane park,,South zone,,,M-531,12.91547,77.60219
Mphasis,SFHS Badavane park,,South zone,,,M-532,12.91542,77.60196
Mphasis,Teakwood Area Surronding,,South zone,,,M-533,12.93818504,77.61521101
Mphasis,Teakwood Area Surronding,,South zone,,,M-534,12.93838201,77.61525099
Mphasis,Teakwood Area Surronding,,South zone,,,M-535,12.93803701,77.61518301
Mphasis,Teakwood Area Surronding,,South zone,,,M-536,12.93808102,77.61535199
Mphasis,Teakwood Area Surronding,,South zone,,,M-537,12.93798999,77.61536096
Mphasis,Teakwood Area Surronding,,South zone,,,M-538,12.93801002,77.61544897
NTT Data,Epidemic Hospital,,East Zone,,,ND35,12.98612,77.64437
NTT Data,Epidemic Hospital,,East Zone,,,ND37,12.98601,77.64436
NTT Data,Epidemic Hospital,,East Zone,,,ND39,12.9861,77.64323
NTT Data,Epidemic Hospital,,East Zone,,,ND44,12.98643,77.64299
NTT Data,Epidemic Hospital,,East Zone,,,ND45,12.98597,77.64293
NTT Data,Epidemic Hospital,,East Zone,,,ND51,12.98537,77.64306
NTT Data,Epidemic Hospital,,East Zone,,,ND52,12.98541,77.64287
NTT Data,Epidemic Hospital,,East Zone,,,ND53,12.98547,77.64288
Mphasis,Teakwood Area Surronding,,South zone,,,M-539,12.93800298,77.61557797
Mphasis,Teakwood Area Surronding,,South zone,,,M-540,12.93790198,77.61561301
Mphasis,Teakwood Area Surronding,,South zone,,,M-541,12.93785697,77.61579196
Mphasis,Teakwood Area Surronding,,South zone,,,M-542,12.93780601,77.61587804
Mphasis,Teakwood Area Surronding,,South zone,,,M-543,12.93788698,77.61590302
Mphasis,Teakwood Area Surronding,,South zone,,,M-544,12.93803601,77.61593102
Mphasis,Teakwood Area Surronding,,South zone,,,M-545,12.93810298,77.61592397
Mphasis,Teakwood Area Surronding,,South zone,,,M-546,12.93820297,77.61594501
Mphasis,Teakwood Area Surronding,,South zone,,,M-547,12.93826902,77.61593898
Mphasis,Teakwood Area Surronding,,South zone,,,M-548,12.93833901,77.61590797
Mphasis,Teakwood Area Surronding,,South zone,,,M-549,12.93855703,77.615943
Mphasis,Teakwood Area Surronding,,South zone,,,M-550,12.93854202,77.61586304
Mphasis,Teakwood Area Surronding,,South zone,,,M-551,12.93855904,77.61577704
Mphasis,Teakwood Area Surronding,,South zone,,,M-552,12.93837899,77.61563203
Mphasis,Teakwood Area Surronding,,South zone,,,M-553,12.93858301,77.61563597
Mphasis,Teakwood Area Surronding,,South zone,,,M-554,12.93861302,77.615525
Mphasis,Teakwood Area Surronding,,South zone,,,M-555,12.93853397,77.61555299
Mphasis,Teakwood Area Surronding,,South zone,,,M-556,12.93844999,77.615512
Mphasis,Training centre dairy circle,,South zone,,,M-557,12.93601597,77.60037898
Mphasis,Training centre dairy circle,,South zone,,,M-558,12.93553925,77.59938978
Mphasis,Training centre dairy circle,,South zone,,,M-559,12.93585604,77.60039398
Mphasis,Training centre dairy circle,,South zone,,,M-560,12.93605357,77.59950361
Mphasis,Training centre dairy circle,,South zone,,,M-561,12.93603229,77.59939299
Mphasis,Training centre dairy circle,,South zone,,,M-562,12.936295,77.59982997
Mphasis,Training centre dairy circle,,South zone,,,M-563,12.93562431,77.59953384
Mphasis,Training centre dairy circle,,South zone,,,M-564,12.93566401,77.60036096
Mphasis,Training centre dairy circle,,South zone,,,M-565,12.93514802,77.59929
Mphasis,Training centre dairy circle,,South zone,,,M-566,12.93503607,77.59939046
Mphasis,Training centre dairy circle,,South zone,,,M-567,12.93499927,77.59969918
Mphasis,Training centre dairy circle,,South zone,,,M-568,12.93584699,77.60020204
Mphasis,Training centre dairy circle,,South zone,,,M-569,12.93634898,77.60024001
Mphasis,Training centre dairy circle,,South zone,,,M-570,12.93640698,77.60014102
Mphasis,Training centre dairy circle,,South zone,,,M-571,12.93573098,77.59929604
Mphasis,Training centre dairy circle,,South zone,,,M-572,12.935892,77.59928104
Mphasis,Training centre dairy circle,,South zone,,,M-573,12.93591203,77.59928104
Mphasis,Training centre dairy circle,,South zone,,,M-574,12.93539998,77.599232
Mphasis,Training centre dairy circle,,South zone,,,M-575,12.93518398,77.59930501
Mphasis,Veera Yodhara Vana Park,,South zone,,,M-576,12.93117,77.6275
Mphasis,Veera Yodhara Vana Park,,South zone,,,M-577,12.93094,77.62747
Mphasis,Veera Yodhara Vana Park,,South zone,,,M-578,12.93082,77.62741
Mphasis,Veera Yodhara Vana Park,,South zone,,,M-579,12.93108,77.62726
Mphasis,Veera Yodhara Vana Park,,South zone,,,M-580,12.93104,77.62717
Mphasis,Veera Yodhara Vana Park,,South zone,,,M-581,12.93079,77.62709
Mphasis,Veera Yodhara Vana Park,,South zone,,,M-582,12.93071,77.62717
Mphasis,Veera Yodhara Vana Park,,South zone,,,M-583,12.93062,77.62719
Mphasis,Veera Yodhara Vana Park,,South zone,,,M-584,12.93122,77.62692
Mphasis,Veera Yodhara Vana Park,,South zone,,,M-585,12.9312,77.62678
Mphasis,Veera Yodhara Vana Park,,South zone,,,M-586,12.93122,77.62665
Mphasis,Veera Yodhara Vana Park,,South zone,,,M-587,12.93125,77.62667
Mphasis,Veera Yodhara Vana Park,,South zone,,,M-588,12.93133,77.62643
Mphasis,Veera Yodhara Vana Park,,South zone,,,M-589,12.93134,77.62638
Mphasis,Veera Yodhara Vana Park,,South zone,,,M-590,12.93132,77.62617
Mphasis,Veera Yodhara Vana Park,,South zone,,,M-591,12.9312,77.6259
Mphasis,Veera Yodhara Vana Park,,South zone,,,M-592,12.93123,77.62603
Mphasis,Veera Yodhara Vana Park,,South zone,,,M-593,12.93114,77.6258
Mphasis,Veera Yodhara Vana Park,,South zone,,,M-594,12.93107,77.62584
Mphasis,Veera Yodhara Vana Park,,South zone,,,M-595,12.93074,77.62587
Mphasis,Veera Yodhara Vana Park,,South zone,,,M-596,12.93083,77.62596
Mphasis,Veera Yodhara Vana Park,,South zone,,,M-597,12.93085,77.62636
Mphasis,Veera Yodhara Vana Park,,South zone,,,M-598,12.93092,77.6264
Mphasis,Veera Yodhara Vana Park,,South zone,,,M-599,12.93099,77.62593
Mphasis,Veera Yodhara Vana Park,,South zone,,,M-600,12.93101,77.62562
Mphasis,Veera Yodhara Vana Park,,South zone,,,M-601,12.93107,77.62551
Mphasis,Veera Yodhara Vana Park,,South zone,,,M-602,12.93099,77.62538
Mphasis,Veera Yodhara Vana Park,,South zone,,,M-603,12.93089,77.62534
Mphasis,Veera Yodhara Vana Park,,South zone,,,M-604,12.9309,77.6249
Mphasis,Veera Yodhara Vana Park,,South zone,,,M-605,12.93104,77.6249
Mphasis,Veera Yodhara Vana Park,,South zone,,,M-606,12.93116,77.62498
Mphasis,Veera Yodhara Vana Park,,South zone,,,M-607,12.93096,77.62517
Mphasis,Veera Yodhara Vana Park,,South zone,,,M-608,12.93097,77.625
Mphasis,Veera Yodhara Vana Park,,South zone,,,M-609,12.93109,77.62506
Mphasis,Veera Yodhara Vana Park,,South zone,,,M-610,12.93115,77.62637
Mphasis,Veera Yodhara Vana Park,,South zone,,,M-611,12.93117,77.62535
Mphasis,Veera Yodhara Vana Park,,South zone,,,M-612,12.9312,77.62547
Mphasis,Veera Yodhara Vana Park,,South zone,,,M-613,12.93121,77.62554
Mphasis,Veera Yodhara Vana Park,,South zone,,,M-614,12.93133,77.6257
Mphasis,Vinayaka Temple Park 1,,South zone,,,M-615,12.91361,77.61382
Mphasis,Vinayaka Temple Park 1,,South zone,,,M-616,12.91294,77.61373
Mphasis,Vinayaka Temple Park 1,,South zone,,,M-617,12.91303,77.6136
Mphasis,Vinayaka Temple Park 1,,South zone,,,M-618,12.9133,77.6137
Mphasis,Vinayaka Temple Park 1,,South zone,,,M-619,12.91368,77.61386
Mphasis,Vinayaka Temple Park 1,,South zone,,,M-620,12.91346,77.61373
Mphasis,Vinayaka Temple Park 2,,South zone,,,M-621,12.91267,77.6138
Mphasis,Vinayaka Temple Park 2,,South zone,,,M-622,12.91276,77.61381
Mphasis,Vishweshwaraiah Park,,South zone,,,M-623,12.91215,77.61391
NTT Data,Epidemic Hospital,,East Zone,,,ND38,12.9862,77.64326
NTT Data,Epidemic Hospital,,East Zone,,,ND41,12.98609,77.64321
NTT Data,Epidemic Hospital,,East Zone,,,ND43,12.98602,77.64301
NTT Data,Epidemic Hospital,,East Zone,,,ND47,12.98638,77.64322
NTT Data,Epidemic Hospital,,East Zone,,,ND48,12.98571,77.64319
NTT Data,Epidemic Hospital,,East Zone,,,ND57,12.98544,77.64281
NTT Data,Epidemic Hospital,,East Zone,,,ND58,12.98533,77.64281
NTT Data,Epidemic Hospital,,East Zone,,,ND59,12.98522,77.64276
NTT Data,Epidemic Hospital,,East Zone,,,ND36,12.98607,77.64441
Zebra,Nimhans Hospital,,Bommanahalli Zone,,,PW1,12.94237,77.59713
Zebra,Nimhans Hospital,,Bommanahalli Zone,,,PW2,12.93868,77.59723
Zebra,Nimhans Hospital,,Bommanahalli Zone,,,PW3,12.9387,77.59725
Zebra,Nimhans Hospital,,Bommanahalli Zone,,,PW4,12.94106,77.59793
Zebra,Nimhans Hospital,,Bommanahalli Zone,,,PW5,12.94104,77.5979
Zebra,Nimhans Hospital,,Bommanahalli Zone,,,PW6,12.94099,77.59791
Zebra,Nimhans Hospital,,Bommanahalli Zone,,,PW7,12.94109,77.59788
Zebra,Nimhans Hospital,,Bommanahalli Zone,,,PW8,12.94102,77.59793
Zebra,Nimhans Hospital,,Bommanahalli Zone,,,PW9,12.93875,77.59728
Zebra,Nimhans Hospital,,Bommanahalli Zone,,,PW10,12.93879,77.59729
United Brewaries,Nandi Panchayat,,Nandi village,,,PW1,13.3838,77.68802
United Brewaries,Nandi Panchayat,,Nandi village,,,PW2,13.38431,77.69025
United Brewaries,Nandi Panchayat,,Nandi village,,,PW3,13.38391,77.68804
United Brewaries,Nandi Panchayat,,Nandi village,,,PW4,13.38385,77.68803
United Brewaries,Nandi Panchayat,,Nandi village,,,PW5,13.38375,77.68801
United Brewaries,Nandi Panchayat,,Nandi village,,,PW6,13.38369,77.68824
United Brewaries,Nandi Panchayat,,Nandi village,,,PW7,13.38375,77.68827
United Brewaries,Nandi Panchayat,,Nandi village,,,PW8,13.38379,77.68827
United Brewaries,Nandi Panchayat,,Nandi village,,,PW9,13.38381,77.68827
United Brewaries,Nandi Panchayat,,Nandi village,,,PW10,13.38387,77.68826
United Brewaries,Nandi Panchayat,,Nandi village,,,PW11,13.38397,77.68811
United Brewaries,Nandi Panchayat,,Nandi village,,,PW12,13.38471,77.69008
United Brewaries,Nandi Panchayat,,Nandi village,,,PW13,13.38467,77.68998
United Brewaries,Nandi Panchayat,,Nandi village,,,PW14,13.38466,77.68996
United Brewaries,Nandi Panchayat,,Nandi village,,,PW15,13.38395,77.68809
United Brewaries,Nandi Panchayat,,Nandi village,,,PW16,13.38393,77.68805
United Brewaries,Nandi Panchayat,,Nandi village,,,PW17,13.38393,77.6882
United Brewaries,Nandi Panchayat,,Nandi village,,,PW18,13.37844,77.69774
United Brewaries,Nandi Panchayat,,Nandi village,,,PW19,13.37872,77.69777
United Brewaries,Nandi Panchayat,,Nandi village,,,PW20,13.37875,77.69771
United Brewaries,Nandi Panchayat,,Nandi village,,,PW21,13.37874,77.69767
United Brewaries,Nandi Panchayat,,Nandi village,,,PW22,13.37873,77.69763
United Brewaries,Nandi Panchayat,,Nandi village,,,PW23,13.37872,77.6976
United Brewaries,Nandi Panchayat,,Nandi village,,,PW24,13.38452,77.69029
United Brewaries,Nandi Panchayat,,Nandi village,,,PW25,13.38439,77.69026
United Brewaries,Nandi Panchayat,,Nandi village,,,PW26,13.38371,77.68856
United Brewaries,Nandi Panchayat,,Nandi village,,,PW27,13.38467,77.68905
United Brewaries,Nandi Panchayat,,Nandi village,,,PW28,13.38368,77.68856
United Brewaries,Nandi Panchayat,,Nandi village,,,PW29,13.3847,77.69745
United Brewaries,Nandi Panchayat,,Nandi village,,,PW30,13.38369,77.68855
United Brewaries,Nandi Panchayat,,Nandi village,,,PW31,13.38366,77.68857
United Brewaries,Nandi Panchayat,,Nandi village,,,PW32,13.38437,77.68664
United Brewaries,Nandi Panchayat,,Nandi village,,,PW33,13.38464,77.69012
United Brewaries,Nandi Panchayat,,Nandi village,,,PW34,13.38466,77.69009
United Brewaries,Nandi Panchayat,,Nandi village,,,PW35,13.3844,77.68662
United Brewaries,Nandi Panchayat,,Nandi village,,,PW36,13.37809,77.69788
United Brewaries,Nandi Panchayat,,Nandi village,,,PW37,13.37842,77.69772
United Brewaries,Nandi Panchayat,,Nandi village,,,PW38,13.38439,77.68659
United Brewaries,Nandi Panchayat,,Nandi village,,,PW39,13.38358,77.68867
United Brewaries,Nandi Panchayat,,Nandi village,,,PW40,13.38019,77.68136
United Brewaries,Nandi Panchayat,,Nandi village,,,PW41,13.38451,77.69026
United Brewaries,Nandi Panchayat,,Nandi village,,,PW42,13.38407,77.69023
United Brewaries,Nandi Panchayat,,Nandi village,,,PW43,13.38438,77.6903
United Brewaries,Nandi Panchayat,,Nandi village,,,PW44,13.38436,77.69027
United Brewaries,Nandi Panchayat,,Nandi village,,,PW45,13.38433,77.69027
United Brewaries,Nandi Panchayat,,Nandi village,,,PW46,13.38436,77.69029
United Brewaries,Nandi Panchayat,,Nandi village,,,PW47,13.38432,77.69024
United Brewaries,Nandi Panchayat,,Nandi village,,,PW48,13.38463,77.6974
United Brewaries,Nandi Panchayat,,Nandi village,,,PW49,13.37868,77.69778
United Brewaries,Nandi Panchayat,,Nandi village,,,PW50,13.38358,77.68865
United Brewaries,Nandi Panchayat,,Nandi village,,,PW51,13.38406,77.6902
United Brewaries,Nandi Panchayat,,Nandi village,,,PW52,13.38469,77.68904
United Brewaries,Nandi Panchayat,,Nandi village,,,PW53,13.38467,77.68899
United Brewaries,Nandi Panchayat,,Nandi village,,,PW54,13.38467,77.68897
United Brewaries,Nandi Panchayat,,Nandi village,,,PW55,13.38463,77.68889
United Brewaries,Nandi Panchayat,,Nandi village,,,PW56,13.38422,77.68884
United Brewaries,Nandi Panchayat,,Nandi village,,,PW57,13.38461,77.69738
United Brewaries,Nandi Panchayat,,Nandi village,,,PW58,13.37876,77.69774
United Brewaries,Nandi Panchayat,,Nandi village,,,PW59,13.38406,77.69025
United Brewaries,Nandi Panchayat,,Nandi village,,,PW60,13.3845,77.69738
United Brewaries,Nandi Panchayat,,Nandi village,,,PW61,13.38409,77.69042
United Brewaries,Nandi Panchayat,,Nandi village,,,PW62,13.38454,77.69734
United Brewaries,Nandi Panchayat,,Nandi village,,,PW63,13.38411,77.69042
United Brewaries,Nandi Panchayat,,Nandi village,,,PW64,13.38452,77.69733
United Brewaries,Nandi Panchayat,,Nandi village,,,PW65,13.3841,77.69045
United Brewaries,Nandi Panchayat,,Nandi village,,,PW66,13.3842,77.6904
United Brewaries,Nandi Panchayat,,Nandi village,,,PW67,13.38421,77.69042
United Brewaries,Nandi Panchayat,,Nandi village,,,PW68,13.38422,77.69044
United Brewaries,Nandi Panchayat,,Nandi village,,,PW69,13.38434,77.69035
United Brewaries,Nandi Panchayat,,Nandi village,,,PW70,13.38436,77.69034
United Brewaries,Nandi Panchayat,,Nandi village,,,PW71,13.38008,77.68128
United Brewaries,Nandi Panchayat,,Nandi village,,,PW72,13.38005,77.68134
United Brewaries,Nandi Panchayat,,Nandi village,,,PW73,13.38012,77.68129
United Brewaries,Nandi Panchayat,,Nandi village,,,PW74,13.38017,77.68133
United Brewaries,Nandi Panchayat,,Nandi village,,,PW75,13.38021,77.68138
United Brewaries,Nandi Panchayat,,Nandi village,,,PW76,13.3801,77.68133
United Brewaries,Nandi Panchayat,,Nandi village,,,PW77,13.38024,77.68142
United Brewaries,Nandi Panchayat,,Nandi village,,,PW78,13.38019,77.68139
United Brewaries,Nandi Panchayat,,Nandi village,,,PW79,13.38014,77.68134
United Brewaries,Nandi Panchayat,,Nandi village,,,PW80,13.38454,77.69739
United Brewaries,Nandi Panchayat,,Nandi village,,,PW81,13.38456,77.6974
United Brewaries,Nandi Panchayat,,Nandi village,,,PW82,13.38459,77.69741
United Brewaries,Nandi Panchayat,,Nandi village,,,PW83,13.38445,77.69737
United Brewaries,Nandi Panchayat,,Nandi village,,,PW84,13.38445,77.69732
United Brewaries,Nandi Panchayat,,Nandi village,,,PW85,13.38442,77.69732
United Brewaries,Nandi Panchayat,,Nandi village,,,PW86,13.38441,77.69736
Broadcom,Royal County Park-1,,Bommanahalli Zone,,,B110,12.86159598,77.58001297
Broadcom,Royal County Park-1,,Bommanahalli Zone,,,B114,12.86119197,77.58003702
Broadcom,Royal County Park-1,,Bommanahalli Zone,,,B115,12.86105099,77.58003904
Broadcom,Royal County Park-1,,Bommanahalli Zone,,,B116,12.86098997,77.58003199
Broadcom,Royal County Park-1,,Bommanahalli Zone,,,B118,12.86076601,77.580019
Broadcom,Royal County Park-1,,Bommanahalli Zone,,,B119,12.86073198,77.57985304
Broadcom,Royal County Park-1,,Bommanahalli Zone,,,B120,12.86156698,77.58007801
Broadcom,Royal County Park-1,,Bommanahalli Zone,,,B121,12.86138602,77.58005898
Broadcom,Royal County Park-1,,Bommanahalli Zone,,,B122,12.86125802,77.58001196
Fidelity,Kanakadasa park,,East zone,,,FE-67,13.01691,77.64106
Fidelity,Kanakadasa park,,East zone,,,FE-68,13.01696,77.64093
Fidelity,Kanakadasa park,,East zone,,,FE-69,13.01693,77.64082
Fidelity,Kanakadasa park,,East zone,,,FE-70,13.01692,77.6406
Fidelity,Kanakadasa park,,East zone,,,FE-71,13.01691,77.64059
Fidelity,Kanakadasa park,,East zone,,,FE-72,13.01676,77.64058
Fidelity,Kanakadasa park,,East zone,,,FE-73,13.01671,77.64057
Fidelity,Kanakadasa park,,East zone,,,FE-74,13.0167,77.64057
Fidelity,Kanakadasa park,,East zone,,,FE-75,13.01661,77.64056
Fidelity,Kanakadasa park,,East zone,,,FE-76,13.01651,77.64074
Fidelity,Kanakadasa park,,East zone,,,FE-77,13.01649,77.6408
Fidelity,Kanakadasa park,,East zone,,,FE-78,13.01643,77.64067
Fidelity,Kanakadasa park,,East zone,,,FE-79,13.01644,77.64069
Fidelity,Kanakadasa park,,East zone,,,FE-80,13.01637,77.64085
Fidelity,Kanakadasa park,,East zone,,,FE-81,13.01637,77.64087
Fidelity,Kanakadasa park,,East zone,,,FE-82,13.01682461,77.64056956
Fidelity,Kanakadasa park,,East zone,,,FE-83,13.01626,77.64056
Fidelity,Rajkumar Park,,East zone,,,FE-84,13.01618,77.64054
Fidelity,Rajkumar Park,,East zone,,,FE-85,13.01618,77.64064
Fidelity,Rajkumar Park,,East zone,,,FE-86,13.01601,77.64053
Fidelity,Rajkumar Park,,East zone,,,FE-87,13.016,77.64069
Fidelity,Rajkumar Park,,East zone,,,FE-88,13.01625,77.64091
Fidelity,Rajkumar Park,,East zone,,,FE-89,13.01625,77.64099
Fidelity,Rajkumar Park,,East zone,,,FE-90,13.01606,77.64099
Fidelity,Rajkumar Park,,East zone,,,FE-91,13.01595,77.641
Fidelity,Rajkumar Park,,East zone,,,FE-92,13.01594,77.64082
Fidelity,Rajkumar Park,,East zone,,,FE-63,13.01585,77.64084
Fidelity,Rajkumar Park,,East zone,,,FE-64,13.0158,77.64057
Fidelity,Rajkumar Park,,East zone,,,FE-65,13.0158,77.64068
Fidelity,Rajkumar Park,,East zone,,,FE-66,13.01576,77.64085
Mphasis,Vrukasha vana Park,,Bommanahalli Zone,,,M-531,12.90816,77.63645
Mphasis,Vrukasha vana Park,,Bommanahalli Zone,,,M-532,12.90832,77.63625
Mphasis,Vrukasha vana Park,,Bommanahalli Zone,,,M-533,12.90814,77.63603
Mphasis,Vrukasha vana Park,,Bommanahalli Zone,,,M-534,12.90825,77.63625
Mphasis,Vrukasha vana Park,,Bommanahalli Zone,,,M-535,12.90817,77.63656
Mphasis,Vrukasha vana Park,,Bommanahalli Zone,,,M-536,12.90812,77.636
Mphasis,Vrukasha vana Park,,Bommanahalli Zone,,,M-537,12.90825,77.63672
Mphasis,Vrukasha vana Park,,Bommanahalli Zone,,,M-538,12.90796,77.63598
Broadcom,NAL Layout,,south zone,,,B716,12.92452,77.59874
Broadcom,NAL Layout,,south zone,,,B718,12.92447,77.59879
Broadcom,NAL Layout,,south zone,,,B719,12.92447,77.59872
Broadcom,NAL Layout,,south zone,,,B717,12.92451,77.59881
PWC,Shivramkaranth Park,,Yelahanka Zone,,,PWC104,13.10001448,77.57376238
Mphasis,Vishweshwaraiah Park,,South zone,,,M-624,12.911963,77.61388
Mphasis,Vishweshwaraiah Park,,South zone,,,M-625,12.911739,77.61379
Mphasis,Vishweshwaraiah Park,,South zone,,,M-626,12.911828,77.61366
Mphasis,Vishweshwaraiah Park,,South zone,,,M-627,12.911942,77.6136
